beta,u,delay,k,registry_min_blocks,deep_disagreement_stop_samples,events,samples,estimate,ci95_low,ci95_high,zero_events_exact_upper95
0.1,0.2,0.0,4,32,0,0,4096,0.0,0.0,0.0009369774073651883,0.0007311125564753995
0.1,0.2,0.0,4,2880,0,0,4096,0.0,0.0,0.0009369774073651883,0.0007311125564753995
0.1,0.2,0.0,8,32,0,0,4096,0.0,0.0,0.0009369774073651883,0.0007311125564753995
0.1,0.2,0.0,8,2880,0,0,4096,0.0,0.0,0.0009369774073651883,0.0007311125564753995
0.1,0.2,0.0,16,32,0,0,4096,0.0,0.0,0.0009369774073651883,0.0007311125564753995
0.1,0.2,0.0,16,2880,0,0,4096,0.0,0.0,0.0009369774073651883,0.0007311125564753995
0.1,0.2,0.0,32,32,0,0,4096,0.0,0.0,0.0009369774073651883,0.0007311125564753995
0.1,0.2,0.0,32,2880,0,0,4096,0.0,0.0,0.0009369774073651883,0.0007311125564753995
0.1,0.2,0.0,64,32,0,0,4096,0.0,0.0,0.0009369774073651883,0.0007311125564753995
0.1,0.2,0.0,64,2880,0,0,4096,0.0,0.0,0.0009369774073651883,0.0007311125564753995
0.1,0.2,0.0,128,32,1,0,4096,0.0,0.0,0.0009369774073651883,0.0007311125564753995
0.1,0.2,0.0,128,2880,0,0,4096,0.0,0.0,0.0009369774073651883,0.0007311125564753995
0.1,0.2,0.0,256,32,29,0,4096,0.0,0.0,0.0009369774073651883,0.0007311125564753995
0.1,0.2,0.0,256,2880,0,0,4096,0.0,0.0,0.0009369774073651883,0.0007311125564753995
0.1,0.2,0.0,512,32,1,0,4096,0.0,0.0,0.0009369774073651883,0.0007311125564753995
0.1,0.2,0.0,512,2880,0,0,4096,0.0,0.0,0.0009369774073651883,0.0007311125564753995
0.1,0.2,0.0,1024,32,0,0,4096,0.0,0.0,0.0009369774073651883,0.0007311125564753995
0.1,0.2,0.0,1024,2880,0,0,4096,0.0,0.0,0.0009369774073651883,0.0007311125564753995
0.1,0.2,0.0,2048,32,0,0,4096,0.0,0.0,0.0009369774073651883,0.0007311125564753995
0.1,0.2,0.0,2048,2880,0,0,4096,0.0,0.0,0.0009369774073651883,0.0007311125564753995
0.1,0.2,0.0,4096,32,0,0,4096,0.0,0.0,0.0009369774073651883,0.0007311125564753995
0.1,0.2,0.0,4096,2880,0,0,4096,0.0,0.0,0.0009369774073651883,0.0007311125564753995
0.1,0.2,0.5,4,32,0,0,4096,0.0,0.0,0.0009369774073651883,0.0007311125564753995
0.1,0.2,0.5,4,2880,0,0,4096,0.0,0.0,0.0009369774073651883,0.0007311125564753995
0.1,0.2,0.5,8,32,0,0,4096,0.0,0.0,0.0009369774073651883,0.0007311125564753995
0.1,0.2,0.5,8,2880,0,0,4096,0.0,0.0,0.0009369774073651883,0.0007311125564753995
0.1,0.2,0.5,16,32,0,0,4096,0.0,0.0,0.0009369774073651883,0.0007311125564753995
0.1,0.2,0.5,16,2880,0,0,4096,0.0,0.0,0.0009369774073651883,0.0007311125564753995
0.1,0.2,0.5,32,32,0,0,4096,0.0,0.0,0.0009369774073651883,0.0007311125564753995
0.1,0.2,0.5,32,2880,0,0,4096,0.0,0.0,0.0009369774073651883,0.0007311125564753995
0.1,0.2,0.5,64,32,0,0,4096,0.0,0.0,0.0009369774073651883,0.0007311125564753995
0.1,0.2,0.5,64,2880,0,0,4096,0.0,0.0,0.0009369774073651883,0.0007311125564753995
0.1,0.2,0.5,128,32,1,0,4096,0.0,0.0,0.0009369774073651883,0.0007311125564753995
0.1,0.2,0.5,128,2880,0,0,4096,0.0,0.0,0.0009369774073651883,0.0007311125564753995
0.1,0.2,0.5,256,32,29,0,4096,0.0,0.0,0.0009369774073651883,0.0007311125564753995
0.1,0.2,0.5,256,2880,0,0,4096,0.0,0.0,0.0009369774073651883,0.0007311125564753995
0.1,0.2,0.5,512,32,1,0,4096,0.0,0.0,0.0009369774073651883,0.0007311125564753995
0.1,0.2,0.5,512,2880,0,0,4096,0.0,0.0,0.0009369774073651883,0.0007311125564753995
0.1,0.2,0.5,1024,32,0,0,4096,0.0,0.0,0.0009369774073651883,0.0007311125564753995
0.1,0.2,0.5,1024,2880,0,0,4096,0.0,0.0,0.0009369774073651883,0.0007311125564753995
0.1,0.2,0.5,2048,32,0,0,4096,0.0,0.0,0.0009369774073651883,0.0007311125564753995
0.1,0.2,0.5,2048,2880,0,0,4096,0.0,0.0,0.0009369774073651883,0.0007311125564753995
0.1,0.2,0.5,4096,32,0,0,4096,0.0,0.0,0.0009369774073651883,0.0007311125564753995
0.1,0.2,0.5,4096,2880,0,0,4096,0.0,0.0,0.0009369774073651883,0.0007311125564753995
0.1,0.2,1.0,4,32,0,0,4096,0.0,0.0,0.0009369774073651883,0.0007311125564753995
0.1,0.2,1.0,4,2880,0,0,4096,0.0,0.0,0.0009369774073651883,0.0007311125564753995
0.1,0.2,1.0,8,32,0,0,4096,0.0,0.0,0.0009369774073651883,0.0007311125564753995
0.1,0.2,1.0,8,2880,0,0,4096,0.0,0.0,0.0009369774073651883,0.0007311125564753995
0.1,0.2,1.0,16,32,0,0,4096,0.0,0.0,0.0009369774073651883,0.0007311125564753995
0.1,0.2,1.0,16,2880,0,0,4096,0.0,0.0,0.0009369774073651883,0.0007311125564753995
0.1,0.2,1.0,32,32,0,0,4096,0.0,0.0,0.0009369774073651883,0.0007311125564753995
0.1,0.2,1.0,32,2880,0,0,4096,0.0,0.0,0.0009369774073651883,0.0007311125564753995
0.1,0.2,1.0,64,32,0,0,4096,0.0,0.0,0.0009369774073651883,0.0007311125564753995
0.1,0.2,1.0,64,2880,0,0,4096,0.0,0.0,0.0009369774073651883,0.0007311125564753995
0.1,0.2,1.0,128,32,0,0,4096,0.0,0.0,0.0009369774073651883,0.0007311125564753995
0.1,0.2,1.0,128,2880,0,0,4096,0.0,0.0,0.0009369774073651883,0.0007311125564753995
0.1,0.2,1.0,256,32,54,0,4096,0.0,0.0,0.0009369774073651883,0.0007311125564753995
0.1,0.2,1.0,256,2880,0,0,4096,0.0,0.0,0.0009369774073651883,0.0007311125564753995
0.1,0.2,1.0,512,32,11,0,4096,0.0,0.0,0.0009369774073651883,0.0007311125564753995
0.1,0.2,1.0,512,2880,0,0,4096,0.0,0.0,0.0009369774073651883,0.0007311125564753995
0.1,0.2,1.0,1024,32,0,0,4096,0.0,0.0,0.0009369774073651883,0.0007311125564753995
0.1,0.2,1.0,1024,2880,0,0,4096,0.0,0.0,0.0009369774073651883,0.0007311125564753995
0.1,0.2,1.0,2048,32,0,0,4096,0.0,0.0,0.0009369774073651883,0.0007311125564753995
0.1,0.2,1.0,2048,2880,0,0,4096,0.0,0.0,0.0009369774073651883,0.0007311125564753995
0.1,0.2,1.0,4096,32,0,0,4096,0.0,0.0,0.0009369774073651883,0.0007311125564753995
0.1,0.2,1.0,4096,2880,0,0,4096,0.0,0.0,0.0009369774073651883,0.0007311125564753995
0.1,0.2,2.0,4,32,0,0,4096,0.0,0.0,0.0009369774073651883,0.0007311125564753995
0.1,0.2,2.0,4,2880,0,0,4096,0.0,0.0,0.0009369774073651883,0.0007311125564753995
0.1,0.2,2.0,8,32,0,0,4096,0.0,0.0,0.0009369774073651883,0.0007311125564753995
0.1,0.2,2.0,8,2880,0,0,4096,0.0,0.0,0.0009369774073651883,0.0007311125564753995
0.1,0.2,2.0,16,32,0,0,4096,0.0,0.0,0.0009369774073651883,0.0007311125564753995
0.1,0.2,2.0,16,2880,0,0,4096,0.0,0.0,0.0009369774073651883,0.0007311125564753995
0.1,0.2,2.0,32,32,0,0,4096,0.0,0.0,0.0009369774073651883,0.0007311125564753995
0.1,0.2,2.0,32,2880,0,0,4096,0.0,0.0,0.0009369774073651883,0.0007311125564753995
0.1,0.2,2.0,64,32,0,0,4096,0.0,0.0,0.0009369774073651883,0.0007311125564753995
0.1,0.2,2.0,64,2880,0,0,4096,0.0,0.0,0.0009369774073651883,0.0007311125564753995
0.1,0.2,2.0,128,32,0,0,4096,0.0,0.0,0.0009369774073651883,0.0007311125564753995
0.1,0.2,2.0,128,2880,0,0,4096,0.0,0.0,0.0009369774073651883,0.0007311125564753995
0.1,0.2,2.0,256,32,98,0,4096,0.0,0.0,0.0009369774073651883,0.0007311125564753995
0.1,0.2,2.0,256,2880,0,0,4096,0.0,0.0,0.0009369774073651883,0.0007311125564753995
0.1,0.2,2.0,512,32,38,0,4096,0.0,0.0,0.0009369774073651883,0.0007311125564753995
0.1,0.2,2.0,512,2880,0,0,4096,0.0,0.0,0.0009369774073651883,0.0007311125564753995
0.1,0.2,2.0,1024,32,0,0,4096,0.0,0.0,0.0009369774073651883,0.0007311125564753995
0.1,0.2,2.0,1024,2880,0,0,4096,0.0,0.0,0.0009369774073651883,0.0007311125564753995
0.1,0.2,2.0,2048,32,0,0,4096,0.0,0.0,0.0009369774073651883,0.0007311125564753995
0.1,0.2,2.0,2048,2880,0,0,4096,0.0,0.0,0.0009369774073651883,0.0007311125564753995
0.1,0.2,2.0,4096,32,0,0,4096,0.0,0.0,0.0009369774073651883,0.0007311125564753995
0.1,0.2,2.0,4096,2880,0,0,4096,0.0,0.0,0.0009369774073651883,0.0007311125564753995
0.1,0.4,0.0,4,32,0,0,4096,0.0,0.0,0.0009369774073651883,0.0007311125564753995
0.1,0.4,0.0,4,2880,0,0,4096,0.0,0.0,0.0009369774073651883,0.0007311125564753995
0.1,0.4,0.0,8,32,0,0,4096,0.0,0.0,0.0009369774073651883,0.0007311125564753995
0.1,0.4,0.0,8,2880,0,0,4096,0.0,0.0,0.0009369774073651883,0.0007311125564753995
0.1,0.4,0.0,16,32,0,0,4096,0.0,0.0,0.0009369774073651883,0.0007311125564753995
0.1,0.4,0.0,16,2880,0,0,4096,0.0,0.0,0.0009369774073651883,0.0007311125564753995
0.1,0.4,0.0,32,32,0,0,4096,0.0,0.0,0.0009369774073651883,0.0007311125564753995
0.1,0.4,0.0,32,2880,0,0,4096,0.0,0.0,0.0009369774073651883,0.0007311125564753995
0.1,0.4,0.0,64,32,0,1,4096,0.000244140625,4.309811523941186e-05,0.0013817030336260863,
0.1,0.4,0.0,64,2880,0,0,4096,0.0,0.0,0.0009369774073651883,0.0007311125564753995
0.1,0.4,0.0,128,32,0,0,4096,0.0,0.0,0.0009369774073651883,0.0007311125564753995
0.1,0.4,0.0,128,2880,0,0,4096,0.0,0.0,0.0009369774073651883,0.0007311125564753995
0.1,0.4,0.0,256,32,0,0,4096,0.0,0.0,0.0009369774073651883,0.0007311125564753995
0.1,0.4,0.0,256,2880,0,0,4096,0.0,0.0,0.0009369774073651883,0.0007311125564753995
0.1,0.4,0.0,512,32,0,0,4096,0.0,0.0,0.0009369774073651883,0.0007311125564753995
0.1,0.4,0.0,512,2880,0,0,4096,0.0,0.0,0.0009369774073651883,0.0007311125564753995
0.1,0.4,0.0,1024,32,0,0,4096,0.0,0.0,0.0009369774073651883,0.0007311125564753995
0.1,0.4,0.0,1024,2880,0,0,4096,0.0,0.0,0.0009369774073651883,0.0007311125564753995
0.1,0.4,0.0,2048,32,0,0,4096,0.0,0.0,0.0009369774073651883,0.0007311125564753995
0.1,0.4,0.0,2048,2880,0,0,4096,0.0,0.0,0.0009369774073651883,0.0007311125564753995
0.1,0.4,0.0,4096,32,0,0,4096,0.0,0.0,0.0009369774073651883,0.0007311125564753995
0.1,0.4,0.0,4096,2880,0,0,4096,0.0,0.0,0.0009369774073651883,0.0007311125564753995
0.1,0.4,0.5,4,32,0,0,4096,0.0,0.0,0.0009369774073651883,0.0007311125564753995
0.1,0.4,0.5,4,2880,0,0,4096,0.0,0.0,0.0009369774073651883,0.0007311125564753995
0.1,0.4,0.5,8,32,0,0,4096,0.0,0.0,0.0009369774073651883,0.0007311125564753995
0.1,0.4,0.5,8,2880,0,0,4096,0.0,0.0,0.0009369774073651883,0.0007311125564753995
0.1,0.4,0.5,16,32,0,0,4096,0.0,0.0,0.0009369774073651883,0.0007311125564753995
0.1,0.4,0.5,16,2880,0,0,4096,0.0,0.0,0.0009369774073651883,0.0007311125564753995
0.1,0.4,0.5,32,32,0,0,4096,0.0,0.0,0.0009369774073651883,0.0007311125564753995
0.1,0.4,0.5,32,2880,0,0,4096,0.0,0.0,0.0009369774073651883,0.0007311125564753995
0.1,0.4,0.5,64,32,0,1,4096,0.000244140625,4.309811523941186e-05,0.0013817030336260863,
0.1,0.4,0.5,64,2880,0,0,4096,0.0,0.0,0.0009369774073651883,0.0007311125564753995
0.1,0.4,0.5,128,32,0,0,4096,0.0,0.0,0.0009369774073651883,0.0007311125564753995
0.1,0.4,0.5,128,2880,0,0,4096,0.0,0.0,0.0009369774073651883,0.0007311125564753995
0.1,0.4,0.5,256,32,0,0,4096,0.0,0.0,0.0009369774073651883,0.0007311125564753995
0.1,0.4,0.5,256,2880,0,0,4096,0.0,0.0,0.0009369774073651883,0.0007311125564753995
0.1,0.4,0.5,512,32,0,0,4096,0.0,0.0,0.0009369774073651883,0.0007311125564753995
0.1,0.4,0.5,512,2880,0,0,4096,0.0,0.0,0.0009369774073651883,0.0007311125564753995
0.1,0.4,0.5,1024,32,0,0,4096,0.0,0.0,0.0009369774073651883,0.0007311125564753995
0.1,0.4,0.5,1024,2880,0,0,4096,0.0,0.0,0.0009369774073651883,0.0007311125564753995
0.1,0.4,0.5,2048,32,0,0,4096,0.0,0.0,0.0009369774073651883,0.0007311125564753995
0.1,0.4,0.5,2048,2880,0,0,4096,0.0,0.0,0.0009369774073651883,0.0007311125564753995
0.1,0.4,0.5,4096,32,0,0,4096,0.0,0.0,0.0009369774073651883,0.0007311125564753995
0.1,0.4,0.5,4096,2880,0,0,4096,0.0,0.0,0.0009369774073651883,0.0007311125564753995
0.1,0.4,1.0,4,32,0,0,4096,0.0,0.0,0.0009369774073651883,0.0007311125564753995
0.1,0.4,1.0,4,2880,0,0,4096,0.0,0.0,0.0009369774073651883,0.0007311125564753995
0.1,0.4,1.0,8,32,0,0,4096,0.0,0.0,0.0009369774073651883,0.0007311125564753995
0.1,0.4,1.0,8,2880,0,0,4096,0.0,0.0,0.0009369774073651883,0.0007311125564753995
0.1,0.4,1.0,16,32,0,0,4096,0.0,0.0,0.0009369774073651883,0.0007311125564753995
0.1,0.4,1.0,16,2880,0,0,4096,0.0,0.0,0.0009369774073651883,0.0007311125564753995
0.1,0.4,1.0,32,32,0,0,4096,0.0,0.0,0.0009369774073651883,0.0007311125564753995
0.1,0.4,1.0,32,2880,0,0,4096,0.0,0.0,0.0009369774073651883,0.0007311125564753995
0.1,0.4,1.0,64,32,0,0,4096,0.0,0.0,0.0009369774073651883,0.0007311125564753995
0.1,0.4,1.0,64,2880,0,0,4096,0.0,0.0,0.0009369774073651883,0.0007311125564753995
0.1,0.4,1.0,128,32,0,2,4096,0.00048828125,0.00013391454481334652,0.0017787103455524616,
0.1,0.4,1.0,128,2880,0,0,4096,0.0,0.0,0.0009369774073651883,0.0007311125564753995
0.1,0.4,1.0,256,32,0,0,4096,0.0,0.0,0.0009369774073651883,0.0007311125564753995
0.1,0.4,1.0,256,2880,0,0,4096,0.0,0.0,0.0009369774073651883,0.0007311125564753995
0.1,0.4,1.0,512,32,0,0,4096,0.0,0.0,0.0009369774073651883,0.0007311125564753995
0.1,0.4,1.0,512,2880,0,0,4096,0.0,0.0,0.0009369774073651883,0.0007311125564753995
0.1,0.4,1.0,1024,32,0,0,4096,0.0,0.0,0.0009369774073651883,0.0007311125564753995
0.1,0.4,1.0,1024,2880,0,0,4096,0.0,0.0,0.0009369774073651883,0.0007311125564753995
0.1,0.4,1.0,2048,32,0,0,4096,0.0,0.0,0.0009369774073651883,0.0007311125564753995
0.1,0.4,1.0,2048,2880,0,0,4096,0.0,0.0,0.0009369774073651883,0.0007311125564753995
0.1,0.4,1.0,4096,32,0,0,4096,0.0,0.0,0.0009369774073651883,0.0007311125564753995
0.1,0.4,1.0,4096,2880,0,0,4096,0.0,0.0,0.0009369774073651883,0.0007311125564753995
0.1,0.4,2.0,4,32,0,0,4096,0.0,0.0,0.0009369774073651883,0.0007311125564753995
0.1,0.4,2.0,4,2880,0,0,4096,0.0,0.0,0.0009369774073651883,0.0007311125564753995
0.1,0.4,2.0,8,32,0,0,4096,0.0,0.0,0.0009369774073651883,0.0007311125564753995
0.1,0.4,2.0,8,2880,0,0,4096,0.0,0.0,0.0009369774073651883,0.0007311125564753995
0.1,0.4,2.0,16,32,0,0,4096,0.0,0.0,0.0009369774073651883,0.0007311125564753995
0.1,0.4,2.0,16,2880,0,0,4096,0.0,0.0,0.0009369774073651883,0.0007311125564753995
0.1,0.4,2.0,32,32,0,0,4096,0.0,0.0,0.0009369774073651883,0.0007311125564753995
0.1,0.4,2.0,32,2880,0,0,4096,0.0,0.0,0.0009369774073651883,0.0007311125564753995
0.1,0.4,2.0,64,32,0,0,4096,0.0,0.0,0.0009369774073651883,0.0007311125564753995
0.1,0.4,2.0,64,2880,0,0,4096,0.0,0.0,0.0009369774073651883,0.0007311125564753995
0.1,0.4,2.0,128,32,0,11,4096,0.002685546875,0.0015002563109177591,0.004802782252950839,
0.1,0.4,2.0,128,2880,0,0,4096,0.0,0.0,0.0009369774073651883,0.0007311125564753995
0.1,0.4,2.0,256,32,0,0,4096,0.0,0.0,0.0009369774073651883,0.0007311125564753995
0.1,0.4,2.0,256,2880,0,0,4096,0.0,0.0,0.0009369774073651883,0.0007311125564753995
0.1,0.4,2.0,512,32,0,0,4096,0.0,0.0,0.0009369774073651883,0.0007311125564753995
0.1,0.4,2.0,512,2880,0,0,4096,0.0,0.0,0.0009369774073651883,0.0007311125564753995
0.1,0.4,2.0,1024,32,0,0,4096,0.0,0.0,0.0009369774073651883,0.0007311125564753995
0.1,0.4,2.0,1024,2880,0,0,4096,0.0,0.0,0.0009369774073651883,0.0007311125564753995
0.1,0.4,2.0,2048,32,0,0,4096,0.0,0.0,0.0009369774073651883,0.0007311125564753995
0.1,0.4,2.0,2048,2880,0,0,4096,0.0,0.0,0.0009369774073651883,0.0007311125564753995
0.1,0.4,2.0,4096,32,0,0,4096,0.0,0.0,0.0009369774073651883,0.0007311125564753995
0.1,0.4,2.0,4096,2880,0,0,4096,0.0,0.0,0.0009369774073651883,0.0007311125564753995
0.1,0.7,0.0,4,32,0,0,4096,0.0,0.0,0.0009369774073651883,0.0007311125564753995
0.1,0.7,0.0,4,2880,0,0,4096,0.0,0.0,0.0009369774073651883,0.0007311125564753995
0.1,0.7,0.0,8,32,0,0,4096,0.0,0.0,0.0009369774073651883,0.0007311125564753995
0.1,0.7,0.0,8,2880,0,0,4096,0.0,0.0,0.0009369774073651883,0.0007311125564753995
0.1,0.7,0.0,16,32,0,0,4096,0.0,0.0,0.0009369774073651883,0.0007311125564753995
0.1,0.7,0.0,16,2880,0,0,4096,0.0,0.0,0.0009369774073651883,0.0007311125564753995
0.1,0.7,0.0,32,32,0,0,4096,0.0,0.0,0.0009369774073651883,0.0007311125564753995
0.1,0.7,0.0,32,2880,0,0,4096,0.0,0.0,0.0009369774073651883,0.0007311125564753995
0.1,0.7,0.0,64,32,0,0,4096,0.0,0.0,0.0009369774073651883,0.0007311125564753995
0.1,0.7,0.0,64,2880,0,0,4096,0.0,0.0,0.0009369774073651883,0.0007311125564753995
0.1,0.7,0.0,128,32,0,0,4096,0.0,0.0,0.0009369774073651883,0.0007311125564753995
0.1,0.7,0.0,128,2880,0,0,4096,0.0,0.0,0.0009369774073651883,0.0007311125564753995
0.1,0.7,0.0,256,32,0,0,4096,0.0,0.0,0.0009369774073651883,0.0007311125564753995
0.1,0.7,0.0,256,2880,0,0,4096,0.0,0.0,0.0009369774073651883,0.0007311125564753995
0.1,0.7,0.0,512,32,0,0,4096,0.0,0.0,0.0009369774073651883,0.0007311125564753995
0.1,0.7,0.0,512,2880,0,0,4096,0.0,0.0,0.0009369774073651883,0.0007311125564753995
0.1,0.7,0.0,1024,32,0,0,4096,0.0,0.0,0.0009369774073651883,0.0007311125564753995
0.1,0.7,0.0,1024,2880,0,0,4096,0.0,0.0,0.0009369774073651883,0.0007311125564753995
0.1,0.7,0.0,2048,32,0,0,4096,0.0,0.0,0.0009369774073651883,0.0007311125564753995
0.1,0.7,0.0,2048,2880,0,0,4096,0.0,0.0,0.0009369774073651883,0.0007311125564753995
0.1,0.7,0.0,4096,32,0,0,4096,0.0,0.0,0.0009369774073651883,0.0007311125564753995
0.1,0.7,0.0,4096,2880,0,0,4096,0.0,0.0,0.0009369774073651883,0.0007311125564753995
0.1,0.7,0.5,4,32,0,0,4096,0.0,0.0,0.0009369774073651883,0.0007311125564753995
0.1,0.7,0.5,4,2880,0,0,4096,0.0,0.0,0.0009369774073651883,0.0007311125564753995
0.1,0.7,0.5,8,32,0,0,4096,0.0,0.0,0.0009369774073651883,0.0007311125564753995
0.1,0.7,0.5,8,2880,0,0,4096,0.0,0.0,0.0009369774073651883,0.0007311125564753995
0.1,0.7,0.5,16,32,0,0,4096,0.0,0.0,0.0009369774073651883,0.0007311125564753995
0.1,0.7,0.5,16,2880,0,0,4096,0.0,0.0,0.0009369774073651883,0.0007311125564753995
0.1,0.7,0.5,32,32,0,0,4096,0.0,0.0,0.0009369774073651883,0.0007311125564753995
0.1,0.7,0.5,32,2880,0,0,4096,0.0,0.0,0.0009369774073651883,0.0007311125564753995
0.1,0.7,0.5,64,32,0,0,4096,0.0,0.0,0.0009369774073651883,0.0007311125564753995
0.1,0.7,0.5,64,2880,0,0,4096,0.0,0.0,0.0009369774073651883,0.0007311125564753995
0.1,0.7,0.5,128,32,0,0,4096,0.0,0.0,0.0009369774073651883,0.0007311125564753995
0.1,0.7,0.5,128,2880,0,0,4096,0.0,0.0,0.0009369774073651883,0.0007311125564753995
0.1,0.7,0.5,256,32,0,0,4096,0.0,0.0,0.0009369774073651883,0.0007311125564753995
0.1,0.7,0.5,256,2880,0,0,4096,0.0,0.0,0.0009369774073651883,0.0007311125564753995
0.1,0.7,0.5,512,32,0,0,4096,0.0,0.0,0.0009369774073651883,0.0007311125564753995
0.1,0.7,0.5,512,2880,0,0,4096,0.0,0.0,0.0009369774073651883,0.0007311125564753995
0.1,0.7,0.5,1024,32,0,0,4096,0.0,0.0,0.0009369774073651883,0.0007311125564753995
0.1,0.7,0.5,1024,2880,0,0,4096,0.0,0.0,0.0009369774073651883,0.0007311125564753995
0.1,0.7,0.5,2048,32,0,0,4096,0.0,0.0,0.0009369774073651883,0.0007311125564753995
0.1,0.7,0.5,2048,2880,0,0,4096,0.0,0.0,0.0009369774073651883,0.0007311125564753995
0.1,0.7,0.5,4096,32,0,0,4096,0.0,0.0,0.0009369774073651883,0.0007311125564753995
0.1,0.7,0.5,4096,2880,0,0,4096,0.0,0.0,0.0009369774073651883,0.0007311125564753995
0.1,0.7,1.0,4,32,0,0,4096,0.0,0.0,0.0009369774073651883,0.0007311125564753995
0.1,0.7,1.0,4,2880,0,0,4096,0.0,0.0,0.0009369774073651883,0.0007311125564753995
0.1,0.7,1.0,8,32,0,0,4096,0.0,0.0,0.0009369774073651883,0.0007311125564753995
0.1,0.7,1.0,8,2880,0,0,4096,0.0,0.0,0.0009369774073651883,0.0007311125564753995
0.1,0.7,1.0,16,32,0,0,4096,0.0,0.0,0.0009369774073651883,0.0007311125564753995
0.1,0.7,1.0,16,2880,0,0,4096,0.0,0.0,0.0009369774073651883,0.0007311125564753995
0.1,0.7,1.0,32,32,0,0,4096,0.0,0.0,0.0009369774073651883,0.0007311125564753995
0.1,0.7,1.0,32,2880,0,0,4096,0.0,0.0,0.0009369774073651883,0.0007311125564753995
0.1,0.7,1.0,64,32,0,1,4096,0.000244140625,4.309811523941186e-05,0.0013817030336260863,
0.1,0.7,1.0,64,2880,0,0,4096,0.0,0.0,0.0009369774073651883,0.0007311125564753995
0.1,0.7,1.0,128,32,0,0,4096,0.0,0.0,0.0009369774073651883,0.0007311125564753995
0.1,0.7,1.0,128,2880,0,0,4096,0.0,0.0,0.0009369774073651883,0.0007311125564753995
0.1,0.7,1.0,256,32,0,0,4096,0.0,0.0,0.0009369774073651883,0.0007311125564753995
0.1,0.7,1.0,256,2880,0,0,4096,0.0,0.0,0.0009369774073651883,0.0007311125564753995
0.1,0.7,1.0,512,32,0,0,4096,0.0,0.0,0.0009369774073651883,0.0007311125564753995
0.1,0.7,1.0,512,2880,0,0,4096,0.0,0.0,0.0009369774073651883,0.0007311125564753995
0.1,0.7,1.0,1024,32,0,0,4096,0.0,0.0,0.0009369774073651883,0.0007311125564753995
0.1,0.7,1.0,1024,2880,0,0,4096,0.0,0.0,0.0009369774073651883,0.0007311125564753995
0.1,0.7,1.0,2048,32,0,0,4096,0.0,0.0,0.0009369774073651883,0.0007311125564753995
0.1,0.7,1.0,2048,2880,0,0,4096,0.0,0.0,0.0009369774073651883,0.0007311125564753995
0.1,0.7,1.0,4096,32,0,0,4096,0.0,0.0,0.0009369774073651883,0.0007311125564753995
0.1,0.7,1.0,4096,2880,0,0,4096,0.0,0.0,0.0009369774073651883,0.0007311125564753995
0.1,0.7,2.0,4,32,0,0,4096,0.0,0.0,0.0009369774073651883,0.0007311125564753995
0.1,0.7,2.0,4,2880,0,0,4096,0.0,0.0,0.0009369774073651883,0.0007311125564753995
0.1,0.7,2.0,8,32,0,0,4096,0.0,0.0,0.0009369774073651883,0.0007311125564753995
0.1,0.7,2.0,8,2880,0,0,4096,0.0,0.0,0.0009369774073651883,0.0007311125564753995
0.1,0.7,2.0,16,32,0,0,4096,0.0,0.0,0.0009369774073651883,0.0007311125564753995
0.1,0.7,2.0,16,2880,0,0,4096,0.0,0.0,0.0009369774073651883,0.0007311125564753995
0.1,0.7,2.0,32,32,0,0,4096,0.0,0.0,0.0009369774073651883,0.0007311125564753995
0.1,0.7,2.0,32,2880,0,0,4096,0.0,0.0,0.0009369774073651883,0.0007311125564753995
0.1,0.7,2.0,64,32,0,0,4096,0.0,0.0,0.0009369774073651883,0.0007311125564753995
0.1,0.7,2.0,64,2880,0,0,4096,0.0,0.0,0.0009369774073651883,0.0007311125564753995
0.1,0.7,2.0,128,32,0,0,4096,0.0,0.0,0.0009369774073651883,0.0007311125564753995
0.1,0.7,2.0,128,2880,0,0,4096,0.0,0.0,0.0009369774073651883,0.0007311125564753995
0.1,0.7,2.0,256,32,0,0,4096,0.0,0.0,0.0009369774073651883,0.0007311125564753995
0.1,0.7,2.0,256,2880,0,0,4096,0.0,0.0,0.0009369774073651883,0.0007311125564753995
0.1,0.7,2.0,512,32,0,0,4096,0.0,0.0,0.0009369774073651883,0.0007311125564753995
0.1,0.7,2.0,512,2880,0,0,4096,0.0,0.0,0.0009369774073651883,0.0007311125564753995
0.1,0.7,2.0,1024,32,0,0,4096,0.0,0.0,0.0009369774073651883,0.0007311125564753995
0.1,0.7,2.0,1024,2880,0,0,4096,0.0,0.0,0.0009369774073651883,0.0007311125564753995
0.1,0.7,2.0,2048,32,0,0,4096,0.0,0.0,0.0009369774073651883,0.0007311125564753995
0.1,0.7,2.0,2048,2880,0,0,4096,0.0,0.0,0.0009369774073651883,0.0007311125564753995
0.1,0.7,2.0,4096,32,0,0,4096,0.0,0.0,0.0009369774073651883,0.0007311125564753995
0.1,0.7,2.0,4096,2880,0,0,4096,0.0,0.0,0.0009369774073651883,0.0007311125564753995
0.1,1.0,0.0,4,32,0,0,4096,0.0,0.0,0.0009369774073651883,0.0007311125564753995
0.1,1.0,0.0,4,2880,0,0,4096,0.0,0.0,0.0009369774073651883,0.0007311125564753995
0.1,1.0,0.0,8,32,0,0,4096,0.0,0.0,0.0009369774073651883,0.0007311125564753995
0.1,1.0,0.0,8,2880,0,0,4096,0.0,0.0,0.0009369774073651883,0.0007311125564753995
0.1,1.0,0.0,16,32,0,0,4096,0.0,0.0,0.0009369774073651883,0.0007311125564753995
0.1,1.0,0.0,16,2880,0,0,4096,0.0,0.0,0.0009369774073651883,0.0007311125564753995
0.1,1.0,0.0,32,32,0,0,4096,0.0,0.0,0.0009369774073651883,0.0007311125564753995
0.1,1.0,0.0,32,2880,0,0,4096,0.0,0.0,0.0009369774073651883,0.0007311125564753995
0.1,1.0,0.0,64,32,0,0,4096,0.0,0.0,0.0009369774073651883,0.0007311125564753995
0.1,1.0,0.0,64,2880,0,0,4096,0.0,0.0,0.0009369774073651883,0.0007311125564753995
0.1,1.0,0.0,128,32,0,0,4096,0.0,0.0,0.0009369774073651883,0.0007311125564753995
0.1,1.0,0.0,128,2880,0,0,4096,0.0,0.0,0.0009369774073651883,0.0007311125564753995
0.1,1.0,0.0,256,32,0,0,4096,0.0,0.0,0.0009369774073651883,0.0007311125564753995
0.1,1.0,0.0,256,2880,0,0,4096,0.0,0.0,0.0009369774073651883,0.0007311125564753995
0.1,1.0,0.0,512,32,0,0,4096,0.0,0.0,0.0009369774073651883,0.0007311125564753995
0.1,1.0,0.0,512,2880,0,0,4096,0.0,0.0,0.0009369774073651883,0.0007311125564753995
0.1,1.0,0.0,1024,32,0,0,4096,0.0,0.0,0.0009369774073651883,0.0007311125564753995
0.1,1.0,0.0,1024,2880,0,0,4096,0.0,0.0,0.0009369774073651883,0.0007311125564753995
0.1,1.0,0.0,2048,32,0,0,4096,0.0,0.0,0.0009369774073651883,0.0007311125564753995
0.1,1.0,0.0,2048,2880,0,0,4096,0.0,0.0,0.0009369774073651883,0.0007311125564753995
0.1,1.0,0.0,4096,32,0,0,4096,0.0,0.0,0.0009369774073651883,0.0007311125564753995
0.1,1.0,0.0,4096,2880,0,0,4096,0.0,0.0,0.0009369774073651883,0.0007311125564753995
0.1,1.0,0.5,4,32,0,0,4096,0.0,0.0,0.0009369774073651883,0.0007311125564753995
0.1,1.0,0.5,4,2880,0,0,4096,0.0,0.0,0.0009369774073651883,0.0007311125564753995
0.1,1.0,0.5,8,32,0,0,4096,0.0,0.0,0.0009369774073651883,0.0007311125564753995
0.1,1.0,0.5,8,2880,0,0,4096,0.0,0.0,0.0009369774073651883,0.0007311125564753995
0.1,1.0,0.5,16,32,0,0,4096,0.0,0.0,0.0009369774073651883,0.0007311125564753995
0.1,1.0,0.5,16,2880,0,0,4096,0.0,0.0,0.0009369774073651883,0.0007311125564753995
0.1,1.0,0.5,32,32,0,0,4096,0.0,0.0,0.0009369774073651883,0.0007311125564753995
0.1,1.0,0.5,32,2880,0,0,4096,0.0,0.0,0.0009369774073651883,0.0007311125564753995
0.1,1.0,0.5,64,32,0,0,4096,0.0,0.0,0.0009369774073651883,0.0007311125564753995
0.1,1.0,0.5,64,2880,0,0,4096,0.0,0.0,0.0009369774073651883,0.0007311125564753995
0.1,1.0,0.5,128,32,0,0,4096,0.0,0.0,0.0009369774073651883,0.0007311125564753995
0.1,1.0,0.5,128,2880,0,0,4096,0.0,0.0,0.0009369774073651883,0.0007311125564753995
0.1,1.0,0.5,256,32,0,0,4096,0.0,0.0,0.0009369774073651883,0.0007311125564753995
0.1,1.0,0.5,256,2880,0,0,4096,0.0,0.0,0.0009369774073651883,0.0007311125564753995
0.1,1.0,0.5,512,32,0,0,4096,0.0,0.0,0.0009369774073651883,0.0007311125564753995
0.1,1.0,0.5,512,2880,0,0,4096,0.0,0.0,0.0009369774073651883,0.0007311125564753995
0.1,1.0,0.5,1024,32,0,0,4096,0.0,0.0,0.0009369774073651883,0.0007311125564753995
0.1,1.0,0.5,1024,2880,0,0,4096,0.0,0.0,0.0009369774073651883,0.0007311125564753995
0.1,1.0,0.5,2048,32,0,0,4096,0.0,0.0,0.0009369774073651883,0.0007311125564753995
0.1,1.0,0.5,2048,2880,0,0,4096,0.0,0.0,0.0009369774073651883,0.0007311125564753995
0.1,1.0,0.5,4096,32,0,0,4096,0.0,0.0,0.0009369774073651883,0.0007311125564753995
0.1,1.0,0.5,4096,2880,0,0,4096,0.0,0.0,0.0009369774073651883,0.0007311125564753995
0.1,1.0,1.0,4,32,0,0,4096,0.0,0.0,0.0009369774073651883,0.0007311125564753995
0.1,1.0,1.0,4,2880,0,0,4096,0.0,0.0,0.0009369774073651883,0.0007311125564753995
0.1,1.0,1.0,8,32,0,0,4096,0.0,0.0,0.0009369774073651883,0.0007311125564753995
0.1,1.0,1.0,8,2880,0,0,4096,0.0,0.0,0.0009369774073651883,0.0007311125564753995
0.1,1.0,1.0,16,32,0,0,4096,0.0,0.0,0.0009369774073651883,0.0007311125564753995
0.1,1.0,1.0,16,2880,0,0,4096,0.0,0.0,0.0009369774073651883,0.0007311125564753995
0.1,1.0,1.0,32,32,0,0,4096,0.0,0.0,0.0009369774073651883,0.0007311125564753995
0.1,1.0,1.0,32,2880,0,0,4096,0.0,0.0,0.0009369774073651883,0.0007311125564753995
0.1,1.0,1.0,64,32,0,4,4096,0.0009765625,0.000379829567061715,0.0025084428063047127,
0.1,1.0,1.0,64,2880,0,0,4096,0.0,0.0,0.0009369774073651883,0.0007311125564753995
0.1,1.0,1.0,128,32,0,0,4096,0.0,0.0,0.0009369774073651883,0.0007311125564753995
0.1,1.0,1.0,128,2880,0,0,4096,0.0,0.0,0.0009369774073651883,0.0007311125564753995
0.1,1.0,1.0,256,32,0,0,4096,0.0,0.0,0.0009369774073651883,0.0007311125564753995
0.1,1.0,1.0,256,2880,0,0,4096,0.0,0.0,0.0009369774073651883,0.0007311125564753995
0.1,1.0,1.0,512,32,0,0,4096,0.0,0.0,0.0009369774073651883,0.0007311125564753995
0.1,1.0,1.0,512,2880,0,0,4096,0.0,0.0,0.0009369774073651883,0.0007311125564753995
0.1,1.0,1.0,1024,32,0,0,4096,0.0,0.0,0.0009369774073651883,0.0007311125564753995
0.1,1.0,1.0,1024,2880,0,0,4096,0.0,0.0,0.0009369774073651883,0.0007311125564753995
0.1,1.0,1.0,2048,32,0,0,4096,0.0,0.0,0.0009369774073651883,0.0007311125564753995
0.1,1.0,1.0,2048,2880,0,0,4096,0.0,0.0,0.0009369774073651883,0.0007311125564753995
0.1,1.0,1.0,4096,32,0,0,4096,0.0,0.0,0.0009369774073651883,0.0007311125564753995
0.1,1.0,1.0,4096,2880,0,0,4096,0.0,0.0,0.0009369774073651883,0.0007311125564753995
0.1,1.0,2.0,4,32,0,0,4096,0.0,0.0,0.0009369774073651883,0.0007311125564753995
0.1,1.0,2.0,4,2880,0,0,4096,0.0,0.0,0.0009369774073651883,0.0007311125564753995
0.1,1.0,2.0,8,32,0,0,4096,0.0,0.0,0.0009369774073651883,0.0007311125564753995
0.1,1.0,2.0,8,2880,0,0,4096,0.0,0.0,0.0009369774073651883,0.0007311125564753995
0.1,1.0,2.0,16,32,0,0,4096,0.0,0.0,0.0009369774073651883,0.0007311125564753995
0.1,1.0,2.0,16,2880,0,0,4096,0.0,0.0,0.0009369774073651883,0.0007311125564753995
0.1,1.0,2.0,32,32,0,0,4096,0.0,0.0,0.0009369774073651883,0.0007311125564753995
0.1,1.0,2.0,32,2880,0,0,4096,0.0,0.0,0.0009369774073651883,0.0007311125564753995
0.1,1.0,2.0,64,32,0,0,4096,0.0,0.0,0.0009369774073651883,0.0007311125564753995
0.1,1.0,2.0,64,2880,0,0,4096,0.0,0.0,0.0009369774073651883,0.0007311125564753995
0.1,1.0,2.0,128,32,0,0,4096,0.0,0.0,0.0009369774073651883,0.0007311125564753995
0.1,1.0,2.0,128,2880,0,0,4096,0.0,0.0,0.0009369774073651883,0.0007311125564753995
0.1,1.0,2.0,256,32,0,0,4096,0.0,0.0,0.0009369774073651883,0.0007311125564753995
0.1,1.0,2.0,256,2880,0,0,4096,0.0,0.0,0.0009369774073651883,0.0007311125564753995
0.1,1.0,2.0,512,32,0,0,4096,0.0,0.0,0.0009369774073651883,0.0007311125564753995
0.1,1.0,2.0,512,2880,0,0,4096,0.0,0.0,0.0009369774073651883,0.0007311125564753995
0.1,1.0,2.0,1024,32,0,0,4096,0.0,0.0,0.0009369774073651883,0.0007311125564753995
0.1,1.0,2.0,1024,2880,0,0,4096,0.0,0.0,0.0009369774073651883,0.0007311125564753995
0.1,1.0,2.0,2048,32,0,0,4096,0.0,0.0,0.0009369774073651883,0.0007311125564753995
0.1,1.0,2.0,2048,2880,0,0,4096,0.0,0.0,0.0009369774073651883,0.0007311125564753995
0.1,1.0,2.0,4096,32,0,0,4096,0.0,0.0,0.0009369774073651883,0.0007311125564753995
0.1,1.0,2.0,4096,2880,0,0,4096,0.0,0.0,0.0009369774073651883,0.0007311125564753995
0.2,0.2,0.0,4,32,0,0,4096,0.0,0.0,0.0009369774073651883,0.0007311125564753995
0.2,0.2,0.0,4,2880,0,0,4096,0.0,0.0,0.0009369774073651883,0.0007311125564753995
0.2,0.2,0.0,8,32,0,0,4096,0.0,0.0,0.0009369774073651883,0.0007311125564753995
0.2,0.2,0.0,8,2880,0,0,4096,0.0,0.0,0.0009369774073651883,0.0007311125564753995
0.2,0.2,0.0,16,32,0,0,4096,0.0,0.0,0.0009369774073651883,0.0007311125564753995
0.2,0.2,0.0,16,2880,0,0,4096,0.0,0.0,0.0009369774073651883,0.0007311125564753995
0.2,0.2,0.0,32,32,0,0,4096,0.0,0.0,0.0009369774073651883,0.0007311125564753995
0.2,0.2,0.0,32,2880,0,0,4096,0.0,0.0,0.0009369774073651883,0.0007311125564753995
0.2,0.2,0.0,64,32,0,0,4096,0.0,0.0,0.0009369774073651883,0.0007311125564753995
0.2,0.2,0.0,64,2880,0,0,4096,0.0,0.0,0.0009369774073651883,0.0007311125564753995
0.2,0.2,0.0,128,32,632,0,4096,0.0,0.0,0.0009369774073651883,0.0007311125564753995
0.2,0.2,0.0,128,2880,0,0,4096,0.0,0.0,0.0009369774073651883,0.0007311125564753995
0.2,0.2,0.0,256,32,4096,0,4096,0.0,0.0,0.0009369774073651883,0.0007311125564753995
0.2,0.2,0.0,256,2880,0,0,4096,0.0,0.0,0.0009369774073651883,0.0007311125564753995
0.2,0.2,0.0,512,32,4096,0,4096,0.0,0.0,0.0009369774073651883,0.0007311125564753995
0.2,0.2,0.0,512,2880,0,0,4096,0.0,0.0,0.0009369774073651883,0.0007311125564753995
0.2,0.2,0.0,1024,32,4096,0,4096,0.0,0.0,0.0009369774073651883,0.0007311125564753995
0.2,0.2,0.0,1024,2880,0,0,4096,0.0,0.0,0.0009369774073651883,0.0007311125564753995
0.2,0.2,0.0,2048,32,4096,0,4096,0.0,0.0,0.0009369774073651883,0.0007311125564753995
0.2,0.2,0.0,2048,2880,0,0,4096,0.0,0.0,0.0009369774073651883,0.0007311125564753995
0.2,0.2,0.0,4096,32,4096,0,4096,0.0,0.0,0.0009369774073651883,0.0007311125564753995
0.2,0.2,0.0,4096,2880,0,0,4096,0.0,0.0,0.0009369774073651883,0.0007311125564753995
0.2,0.2,0.5,4,32,0,0,4096,0.0,0.0,0.0009369774073651883,0.0007311125564753995
0.2,0.2,0.5,4,2880,0,0,4096,0.0,0.0,0.0009369774073651883,0.0007311125564753995
0.2,0.2,0.5,8,32,0,0,4096,0.0,0.0,0.0009369774073651883,0.0007311125564753995
0.2,0.2,0.5,8,2880,0,0,4096,0.0,0.0,0.0009369774073651883,0.0007311125564753995
0.2,0.2,0.5,16,32,0,0,4096,0.0,0.0,0.0009369774073651883,0.0007311125564753995
0.2,0.2,0.5,16,2880,0,0,4096,0.0,0.0,0.0009369774073651883,0.0007311125564753995
0.2,0.2,0.5,32,32,0,0,4096,0.0,0.0,0.0009369774073651883,0.0007311125564753995
0.2,0.2,0.5,32,2880,0,0,4096,0.0,0.0,0.0009369774073651883,0.0007311125564753995
0.2,0.2,0.5,64,32,0,0,4096,0.0,0.0,0.0009369774073651883,0.0007311125564753995
0.2,0.2,0.5,64,2880,0,0,4096,0.0,0.0,0.0009369774073651883,0.0007311125564753995
0.2,0.2,0.5,128,32,632,0,4096,0.0,0.0,0.0009369774073651883,0.0007311125564753995
0.2,0.2,0.5,128,2880,0,0,4096,0.0,0.0,0.0009369774073651883,0.0007311125564753995
0.2,0.2,0.5,256,32,4096,0,4096,0.0,0.0,0.0009369774073651883,0.0007311125564753995
0.2,0.2,0.5,256,2880,0,0,4096,0.0,0.0,0.0009369774073651883,0.0007311125564753995
0.2,0.2,0.5,512,32,4096,0,4096,0.0,0.0,0.0009369774073651883,0.0007311125564753995
0.2,0.2,0.5,512,2880,0,0,4096,0.0,0.0,0.0009369774073651883,0.0007311125564753995
0.2,0.2,0.5,1024,32,4096,0,4096,0.0,0.0,0.0009369774073651883,0.0007311125564753995
0.2,0.2,0.5,1024,2880,0,0,4096,0.0,0.0,0.0009369774073651883,0.0007311125564753995
0.2,0.2,0.5,2048,32,4096,0,4096,0.0,0.0,0.0009369774073651883,0.0007311125564753995
0.2,0.2,0.5,2048,2880,0,0,4096,0.0,0.0,0.0009369774073651883,0.0007311125564753995
0.2,0.2,0.5,4096,32,4096,0,4096,0.0,0.0,0.0009369774073651883,0.0007311125564753995
0.2,0.2,0.5,4096,2880,0,0,4096,0.0,0.0,0.0009369774073651883,0.0007311125564753995
0.2,0.2,1.0,4,32,0,0,4096,0.0,0.0,0.0009369774073651883,0.0007311125564753995
0.2,0.2,1.0,4,2880,0,0,4096,0.0,0.0,0.0009369774073651883,0.0007311125564753995
0.2,0.2,1.0,8,32,0,0,4096,0.0,0.0,0.0009369774073651883,0.0007311125564753995
0.2,0.2,1.0,8,2880,0,0,4096,0.0,0.0,0.0009369774073651883,0.0007311125564753995
0.2,0.2,1.0,16,32,0,0,4096,0.0,0.0,0.0009369774073651883,0.0007311125564753995
0.2,0.2,1.0,16,2880,0,0,4096,0.0,0.0,0.0009369774073651883,0.0007311125564753995
0.2,0.2,1.0,32,32,0,0,4096,0.0,0.0,0.0009369774073651883,0.0007311125564753995
0.2,0.2,1.0,32,2880,0,0,4096,0.0,0.0,0.0009369774073651883,0.0007311125564753995
0.2,0.2,1.0,64,32,0,0,4096,0.0,0.0,0.0009369774073651883,0.0007311125564753995
0.2,0.2,1.0,64,2880,0,0,4096,0.0,0.0,0.0009369774073651883,0.0007311125564753995
0.2,0.2,1.0,128,32,605,0,4096,0.0,0.0,0.0009369774073651883,0.0007311125564753995
0.2,0.2,1.0,128,2880,0,0,4096,0.0,0.0,0.0009369774073651883,0.0007311125564753995
0.2,0.2,1.0,256,32,4096,0,4096,0.0,0.0,0.0009369774073651883,0.0007311125564753995
0.2,0.2,1.0,256,2880,0,0,4096,0.0,0.0,0.0009369774073651883,0.0007311125564753995
0.2,0.2,1.0,512,32,4096,0,4096,0.0,0.0,0.0009369774073651883,0.0007311125564753995
0.2,0.2,1.0,512,2880,0,0,4096,0.0,0.0,0.0009369774073651883,0.0007311125564753995
0.2,0.2,1.0,1024,32,4096,0,4096,0.0,0.0,0.0009369774073651883,0.0007311125564753995
0.2,0.2,1.0,1024,2880,0,0,4096,0.0,0.0,0.0009369774073651883,0.0007311125564753995
0.2,0.2,1.0,2048,32,4096,0,4096,0.0,0.0,0.0009369774073651883,0.0007311125564753995
0.2,0.2,1.0,2048,2880,0,0,4096,0.0,0.0,0.0009369774073651883,0.0007311125564753995
0.2,0.2,1.0,4096,32,4096,0,4096,0.0,0.0,0.0009369774073651883,0.0007311125564753995
0.2,0.2,1.0,4096,2880,0,0,4096,0.0,0.0,0.0009369774073651883,0.0007311125564753995
0.2,0.2,2.0,4,32,0,0,4096,0.0,0.0,0.0009369774073651883,0.0007311125564753995
0.2,0.2,2.0,4,2880,0,0,4096,0.0,0.0,0.0009369774073651883,0.0007311125564753995
0.2,0.2,2.0,8,32,0,0,4096,0.0,0.0,0.0009369774073651883,0.0007311125564753995
0.2,0.2,2.0,8,2880,0,0,4096,0.0,0.0,0.0009369774073651883,0.0007311125564753995
0.2,0.2,2.0,16,32,0,0,4096,0.0,0.0,0.0009369774073651883,0.0007311125564753995
0.2,0.2,2.0,16,2880,0,0,4096,0.0,0.0,0.0009369774073651883,0.0007311125564753995
0.2,0.2,2.0,32,32,0,0,4096,0.0,0.0,0.0009369774073651883,0.0007311125564753995
0.2,0.2,2.0,32,2880,0,0,4096,0.0,0.0,0.0009369774073651883,0.0007311125564753995
0.2,0.2,2.0,64,32,0,0,4096,0.0,0.0,0.0009369774073651883,0.0007311125564753995
0.2,0.2,2.0,64,2880,0,0,4096,0.0,0.0,0.0009369774073651883,0.0007311125564753995
0.2,0.2,2.0,128,32,598,0,4096,0.0,0.0,0.0009369774073651883,0.0007311125564753995
0.2,0.2,2.0,128,2880,0,0,4096,0.0,0.0,0.0009369774073651883,0.0007311125564753995
0.2,0.2,2.0,256,32,4096,0,4096,0.0,0.0,0.0009369774073651883,0.0007311125564753995
0.2,0.2,2.0,256,2880,0,0,4096,0.0,0.0,0.0009369774073651883,0.0007311125564753995
0.2,0.2,2.0,512,32,4096,0,4096,0.0,0.0,0.0009369774073651883,0.0007311125564753995
0.2,0.2,2.0,512,2880,0,0,4096,0.0,0.0,0.0009369774073651883,0.0007311125564753995
0.2,0.2,2.0,1024,32,4096,0,4096,0.0,0.0,0.0009369774073651883,0.0007311125564753995
0.2,0.2,2.0,1024,2880,0,0,4096,0.0,0.0,0.0009369774073651883,0.0007311125564753995
0.2,0.2,2.0,2048,32,4096,0,4096,0.0,0.0,0.0009369774073651883,0.0007311125564753995
0.2,0.2,2.0,2048,2880,0,0,4096,0.0,0.0,0.0009369774073651883,0.0007311125564753995
0.2,0.2,2.0,4096,32,4096,0,4096,0.0,0.0,0.0009369774073651883,0.0007311125564753995
0.2,0.2,2.0,4096,2880,0,0,4096,0.0,0.0,0.0009369774073651883,0.0007311125564753995
0.2,0.4,0.0,4,32,0,0,4096,0.0,0.0,0.0009369774073651883,0.0007311125564753995
0.2,0.4,0.0,4,2880,0,0,4096,0.0,0.0,0.0009369774073651883,0.0007311125564753995
0.2,0.4,0.0,8,32,0,0,4096,0.0,0.0,0.0009369774073651883,0.0007311125564753995
0.2,0.4,0.0,8,2880,0,0,4096,0.0,0.0,0.0009369774073651883,0.0007311125564753995
0.2,0.4,0.0,16,32,0,0,4096,0.0,0.0,0.0009369774073651883,0.0007311125564753995
0.2,0.4,0.0,16,2880,0,0,4096,0.0,0.0,0.0009369774073651883,0.0007311125564753995
0.2,0.4,0.0,32,32,0,0,4096,0.0,0.0,0.0009369774073651883,0.0007311125564753995
0.2,0.4,0.0,32,2880,0,0,4096,0.0,0.0,0.0009369774073651883,0.0007311125564753995
0.2,0.4,0.0,64,32,0,0,4096,0.0,0.0,0.0009369774073651883,0.0007311125564753995
0.2,0.4,0.0,64,2880,0,0,4096,0.0,0.0,0.0009369774073651883,0.0007311125564753995
0.2,0.4,0.0,128,32,49,0,4096,0.0,0.0,0.0009369774073651883,0.0007311125564753995
0.2,0.4,0.0,128,2880,0,0,4096,0.0,0.0,0.0009369774073651883,0.0007311125564753995
0.2,0.4,0.0,256,32,12,0,4096,0.0,0.0,0.0009369774073651883,0.0007311125564753995
0.2,0.4,0.0,256,2880,0,0,4096,0.0,0.0,0.0009369774073651883,0.0007311125564753995
0.2,0.4,0.0,512,32,1,0,4096,0.0,0.0,0.0009369774073651883,0.0007311125564753995
0.2,0.4,0.0,512,2880,0,0,4096,0.0,0.0,0.0009369774073651883,0.0007311125564753995
0.2,0.4,0.0,1024,32,0,0,4096,0.0,0.0,0.0009369774073651883,0.0007311125564753995
0.2,0.4,0.0,1024,2880,0,0,4096,0.0,0.0,0.0009369774073651883,0.0007311125564753995
0.2,0.4,0.0,2048,32,0,0,4096,0.0,0.0,0.0009369774073651883,0.0007311125564753995
0.2,0.4,0.0,2048,2880,0,0,4096,0.0,0.0,0.0009369774073651883,0.0007311125564753995
0.2,0.4,0.0,4096,32,0,0,4096,0.0,0.0,0.0009369774073651883,0.0007311125564753995
0.2,0.4,0.0,4096,2880,0,0,4096,0.0,0.0,0.0009369774073651883,0.0007311125564753995
0.2,0.4,0.5,4,32,0,0,4096,0.0,0.0,0.0009369774073651883,0.0007311125564753995
0.2,0.4,0.5,4,2880,0,0,4096,0.0,0.0,0.0009369774073651883,0.0007311125564753995
0.2,0.4,0.5,8,32,0,0,4096,0.0,0.0,0.0009369774073651883,0.0007311125564753995
0.2,0.4,0.5,8,2880,0,0,4096,0.0,0.0,0.0009369774073651883,0.0007311125564753995
0.2,0.4,0.5,16,32,0,0,4096,0.0,0.0,0.0009369774073651883,0.0007311125564753995
0.2,0.4,0.5,16,2880,0,0,4096,0.0,0.0,0.0009369774073651883,0.0007311125564753995
0.2,0.4,0.5,32,32,0,0,4096,0.0,0.0,0.0009369774073651883,0.0007311125564753995
0.2,0.4,0.5,32,2880,0,0,4096,0.0,0.0,0.0009369774073651883,0.0007311125564753995
0.2,0.4,0.5,64,32,0,0,4096,0.0,0.0,0.0009369774073651883,0.0007311125564753995
0.2,0.4,0.5,64,2880,0,0,4096,0.0,0.0,0.0009369774073651883,0.0007311125564753995
0.2,0.4,0.5,128,32,49,0,4096,0.0,0.0,0.0009369774073651883,0.0007311125564753995
0.2,0.4,0.5,128,2880,0,0,4096,0.0,0.0,0.0009369774073651883,0.0007311125564753995
0.2,0.4,0.5,256,32,12,0,4096,0.0,0.0,0.0009369774073651883,0.0007311125564753995
0.2,0.4,0.5,256,2880,0,0,4096,0.0,0.0,0.0009369774073651883,0.0007311125564753995
0.2,0.4,0.5,512,32,1,0,4096,0.0,0.0,0.0009369774073651883,0.0007311125564753995
0.2,0.4,0.5,512,2880,0,0,4096,0.0,0.0,0.0009369774073651883,0.0007311125564753995
0.2,0.4,0.5,1024,32,0,0,4096,0.0,0.0,0.0009369774073651883,0.0007311125564753995
0.2,0.4,0.5,1024,2880,0,0,4096,0.0,0.0,0.0009369774073651883,0.0007311125564753995
0.2,0.4,0.5,2048,32,0,0,4096,0.0,0.0,0.0009369774073651883,0.0007311125564753995
0.2,0.4,0.5,2048,2880,0,0,4096,0.0,0.0,0.0009369774073651883,0.0007311125564753995
0.2,0.4,0.5,4096,32,0,0,4096,0.0,0.0,0.0009369774073651883,0.0007311125564753995
0.2,0.4,0.5,4096,2880,0,0,4096,0.0,0.0,0.0009369774073651883,0.0007311125564753995
0.2,0.4,1.0,4,32,0,0,4096,0.0,0.0,0.0009369774073651883,0.0007311125564753995
0.2,0.4,1.0,4,2880,0,0,4096,0.0,0.0,0.0009369774073651883,0.0007311125564753995
0.2,0.4,1.0,8,32,0,0,4096,0.0,0.0,0.0009369774073651883,0.0007311125564753995
0.2,0.4,1.0,8,2880,0,0,4096,0.0,0.0,0.0009369774073651883,0.0007311125564753995
0.2,0.4,1.0,16,32,0,0,4096,0.0,0.0,0.0009369774073651883,0.0007311125564753995
0.2,0.4,1.0,16,2880,0,0,4096,0.0,0.0,0.0009369774073651883,0.0007311125564753995
0.2,0.4,1.0,32,32,0,0,4096,0.0,0.0,0.0009369774073651883,0.0007311125564753995
0.2,0.4,1.0,32,2880,0,0,4096,0.0,0.0,0.0009369774073651883,0.0007311125564753995
0.2,0.4,1.0,64,32,0,0,4096,0.0,0.0,0.0009369774073651883,0.0007311125564753995
0.2,0.4,1.0,64,2880,0,0,4096,0.0,0.0,0.0009369774073651883,0.0007311125564753995
0.2,0.4,1.0,128,32,132,0,4096,0.0,0.0,0.0009369774073651883,0.0007311125564753995
0.2,0.4,1.0,128,2880,0,0,4096,0.0,0.0,0.0009369774073651883,0.0007311125564753995
0.2,0.4,1.0,256,32,108,0,4096,0.0,0.0,0.0009369774073651883,0.0007311125564753995
0.2,0.4,1.0,256,2880,0,0,4096,0.0,0.0,0.0009369774073651883,0.0007311125564753995
0.2,0.4,1.0,512,32,35,0,4096,0.0,0.0,0.0009369774073651883,0.0007311125564753995
0.2,0.4,1.0,512,2880,0,0,4096,0.0,0.0,0.0009369774073651883,0.0007311125564753995
0.2,0.4,1.0,1024,32,2,0,4096,0.0,0.0,0.0009369774073651883,0.0007311125564753995
0.2,0.4,1.0,1024,2880,0,0,4096,0.0,0.0,0.0009369774073651883,0.0007311125564753995
0.2,0.4,1.0,2048,32,0,0,4096,0.0,0.0,0.0009369774073651883,0.0007311125564753995
0.2,0.4,1.0,2048,2880,0,0,4096,0.0,0.0,0.0009369774073651883,0.0007311125564753995
0.2,0.4,1.0,4096,32,0,0,4096,0.0,0.0,0.0009369774073651883,0.0007311125564753995
0.2,0.4,1.0,4096,2880,0,0,4096,0.0,0.0,0.0009369774073651883,0.0007311125564753995
0.2,0.4,2.0,4,32,0,0,4096,0.0,0.0,0.0009369774073651883,0.0007311125564753995
0.2,0.4,2.0,4,2880,0,0,4096,0.0,0.0,0.0009369774073651883,0.0007311125564753995
0.2,0.4,2.0,8,32,0,0,4096,0.0,0.0,0.0009369774073651883,0.0007311125564753995
0.2,0.4,2.0,8,2880,0,0,4096,0.0,0.0,0.0009369774073651883,0.0007311125564753995
0.2,0.4,2.0,16,32,0,0,4096,0.0,0.0,0.0009369774073651883,0.0007311125564753995
0.2,0.4,2.0,16,2880,0,0,4096,0.0,0.0,0.0009369774073651883,0.0007311125564753995
0.2,0.4,2.0,32,32,0,0,4096,0.0,0.0,0.0009369774073651883,0.0007311125564753995
0.2,0.4,2.0,32,2880,0,0,4096,0.0,0.0,0.0009369774073651883,0.0007311125564753995
0.2,0.4,2.0,64,32,0,0,4096,0.0,0.0,0.0009369774073651883,0.0007311125564753995
0.2,0.4,2.0,64,2880,0,0,4096,0.0,0.0,0.0009369774073651883,0.0007311125564753995
0.2,0.4,2.0,128,32,265,0,4096,0.0,0.0,0.0009369774073651883,0.0007311125564753995
0.2,0.4,2.0,128,2880,0,0,4096,0.0,0.0,0.0009369774073651883,0.0007311125564753995
0.2,0.4,2.0,256,32,504,0,4096,0.0,0.0,0.0009369774073651883,0.0007311125564753995
0.2,0.4,2.0,256,2880,0,0,4096,0.0,0.0,0.0009369774073651883,0.0007311125564753995
0.2,0.4,2.0,512,32,428,0,4096,0.0,0.0,0.0009369774073651883,0.0007311125564753995
0.2,0.4,2.0,512,2880,0,0,4096,0.0,0.0,0.0009369774073651883,0.0007311125564753995
0.2,0.4,2.0,1024,32,263,0,4096,0.0,0.0,0.0009369774073651883,0.0007311125564753995
0.2,0.4,2.0,1024,2880,0,0,4096,0.0,0.0,0.0009369774073651883,0.0007311125564753995
0.2,0.4,2.0,2048,32,62,0,4096,0.0,0.0,0.0009369774073651883,0.0007311125564753995
0.2,0.4,2.0,2048,2880,0,0,4096,0.0,0.0,0.0009369774073651883,0.0007311125564753995
0.2,0.4,2.0,4096,32,1,0,4096,0.0,0.0,0.0009369774073651883,0.0007311125564753995
0.2,0.4,2.0,4096,2880,0,0,4096,0.0,0.0,0.0009369774073651883,0.0007311125564753995
0.2,0.7,0.0,4,32,0,0,4096,0.0,0.0,0.0009369774073651883,0.0007311125564753995
0.2,0.7,0.0,4,2880,0,0,4096,0.0,0.0,0.0009369774073651883,0.0007311125564753995
0.2,0.7,0.0,8,32,0,0,4096,0.0,0.0,0.0009369774073651883,0.0007311125564753995
0.2,0.7,0.0,8,2880,0,0,4096,0.0,0.0,0.0009369774073651883,0.0007311125564753995
0.2,0.7,0.0,16,32,0,0,4096,0.0,0.0,0.0009369774073651883,0.0007311125564753995
0.2,0.7,0.0,16,2880,0,0,4096,0.0,0.0,0.0009369774073651883,0.0007311125564753995
0.2,0.7,0.0,32,32,0,0,4096,0.0,0.0,0.0009369774073651883,0.0007311125564753995
0.2,0.7,0.0,32,2880,0,0,4096,0.0,0.0,0.0009369774073651883,0.0007311125564753995
0.2,0.7,0.0,64,32,0,6,4096,0.00146484375,0.0006715185421635897,0.0031924013142034585,
0.2,0.7,0.0,64,2880,0,0,4096,0.0,0.0,0.0009369774073651883,0.0007311125564753995
0.2,0.7,0.0,128,32,0,0,4096,0.0,0.0,0.0009369774073651883,0.0007311125564753995
0.2,0.7,0.0,128,2880,0,0,4096,0.0,0.0,0.0009369774073651883,0.0007311125564753995
0.2,0.7,0.0,256,32,0,0,4096,0.0,0.0,0.0009369774073651883,0.0007311125564753995
0.2,0.7,0.0,256,2880,0,0,4096,0.0,0.0,0.0009369774073651883,0.0007311125564753995
0.2,0.7,0.0,512,32,0,0,4096,0.0,0.0,0.0009369774073651883,0.0007311125564753995
0.2,0.7,0.0,512,2880,0,0,4096,0.0,0.0,0.0009369774073651883,0.0007311125564753995
0.2,0.7,0.0,1024,32,0,0,4096,0.0,0.0,0.0009369774073651883,0.0007311125564753995
0.2,0.7,0.0,1024,2880,0,0,4096,0.0,0.0,0.0009369774073651883,0.0007311125564753995
0.2,0.7,0.0,2048,32,0,0,4096,0.0,0.0,0.0009369774073651883,0.0007311125564753995
0.2,0.7,0.0,2048,2880,0,0,4096,0.0,0.0,0.0009369774073651883,0.0007311125564753995
0.2,0.7,0.0,4096,32,0,0,4096,0.0,0.0,0.0009369774073651883,0.0007311125564753995
0.2,0.7,0.0,4096,2880,0,0,4096,0.0,0.0,0.0009369774073651883,0.0007311125564753995
0.2,0.7,0.5,4,32,0,0,4096,0.0,0.0,0.0009369774073651883,0.0007311125564753995
0.2,0.7,0.5,4,2880,0,0,4096,0.0,0.0,0.0009369774073651883,0.0007311125564753995
0.2,0.7,0.5,8,32,0,0,4096,0.0,0.0,0.0009369774073651883,0.0007311125564753995
0.2,0.7,0.5,8,2880,0,0,4096,0.0,0.0,0.0009369774073651883,0.0007311125564753995
0.2,0.7,0.5,16,32,0,0,4096,0.0,0.0,0.0009369774073651883,0.0007311125564753995
0.2,0.7,0.5,16,2880,0,0,4096,0.0,0.0,0.0009369774073651883,0.0007311125564753995
0.2,0.7,0.5,32,32,0,0,4096,0.0,0.0,0.0009369774073651883,0.0007311125564753995
0.2,0.7,0.5,32,2880,0,0,4096,0.0,0.0,0.0009369774073651883,0.0007311125564753995
0.2,0.7,0.5,64,32,0,6,4096,0.00146484375,0.0006715185421635897,0.0031924013142034585,
0.2,0.7,0.5,64,2880,0,0,4096,0.0,0.0,0.0009369774073651883,0.0007311125564753995
0.2,0.7,0.5,128,32,0,0,4096,0.0,0.0,0.0009369774073651883,0.0007311125564753995
0.2,0.7,0.5,128,2880,0,0,4096,0.0,0.0,0.0009369774073651883,0.0007311125564753995
0.2,0.7,0.5,256,32,0,0,4096,0.0,0.0,0.0009369774073651883,0.0007311125564753995
0.2,0.7,0.5,256,2880,0,0,4096,0.0,0.0,0.0009369774073651883,0.0007311125564753995
0.2,0.7,0.5,512,32,0,0,4096,0.0,0.0,0.0009369774073651883,0.0007311125564753995
0.2,0.7,0.5,512,2880,0,0,4096,0.0,0.0,0.0009369774073651883,0.0007311125564753995
0.2,0.7,0.5,1024,32,0,0,4096,0.0,0.0,0.0009369774073651883,0.0007311125564753995
0.2,0.7,0.5,1024,2880,0,0,4096,0.0,0.0,0.0009369774073651883,0.0007311125564753995
0.2,0.7,0.5,2048,32,0,0,4096,0.0,0.0,0.0009369774073651883,0.0007311125564753995
0.2,0.7,0.5,2048,2880,0,0,4096,0.0,0.0,0.0009369774073651883,0.0007311125564753995
0.2,0.7,0.5,4096,32,0,0,4096,0.0,0.0,0.0009369774073651883,0.0007311125564753995
0.2,0.7,0.5,4096,2880,0,0,4096,0.0,0.0,0.0009369774073651883,0.0007311125564753995
0.2,0.7,1.0,4,32,0,0,4096,0.0,0.0,0.0009369774073651883,0.0007311125564753995
0.2,0.7,1.0,4,2880,0,0,4096,0.0,0.0,0.0009369774073651883,0.0007311125564753995
0.2,0.7,1.0,8,32,0,0,4096,0.0,0.0,0.0009369774073651883,0.0007311125564753995
0.2,0.7,1.0,8,2880,0,0,4096,0.0,0.0,0.0009369774073651883,0.0007311125564753995
0.2,0.7,1.0,16,32,0,0,4096,0.0,0.0,0.0009369774073651883,0.0007311125564753995
0.2,0.7,1.0,16,2880,0,0,4096,0.0,0.0,0.0009369774073651883,0.0007311125564753995
0.2,0.7,1.0,32,32,0,0,4096,0.0,0.0,0.0009369774073651883,0.0007311125564753995
0.2,0.7,1.0,32,2880,0,0,4096,0.0,0.0,0.0009369774073651883,0.0007311125564753995
0.2,0.7,1.0,64,32,1,0,4096,0.0,0.0,0.0009369774073651883,0.0007311125564753995
0.2,0.7,1.0,64,2880,0,0,4096,0.0,0.0,0.0009369774073651883,0.0007311125564753995
0.2,0.7,1.0,128,32,2,0,4096,0.0,0.0,0.0009369774073651883,0.0007311125564753995
0.2,0.7,1.0,128,2880,0,0,4096,0.0,0.0,0.0009369774073651883,0.0007311125564753995
0.2,0.7,1.0,256,32,0,0,4096,0.0,0.0,0.0009369774073651883,0.0007311125564753995
0.2,0.7,1.0,256,2880,0,0,4096,0.0,0.0,0.0009369774073651883,0.0007311125564753995
0.2,0.7,1.0,512,32,0,0,4096,0.0,0.0,0.0009369774073651883,0.0007311125564753995
0.2,0.7,1.0,512,2880,0,0,4096,0.0,0.0,0.0009369774073651883,0.0007311125564753995
0.2,0.7,1.0,1024,32,0,0,4096,0.0,0.0,0.0009369774073651883,0.0007311125564753995
0.2,0.7,1.0,1024,2880,0,0,4096,0.0,0.0,0.0009369774073651883,0.0007311125564753995
0.2,0.7,1.0,2048,32,0,0,4096,0.0,0.0,0.0009369774073651883,0.0007311125564753995
0.2,0.7,1.0,2048,2880,0,0,4096,0.0,0.0,0.0009369774073651883,0.0007311125564753995
0.2,0.7,1.0,4096,32,0,0,4096,0.0,0.0,0.0009369774073651883,0.0007311125564753995
0.2,0.7,1.0,4096,2880,0,0,4096,0.0,0.0,0.0009369774073651883,0.0007311125564753995
0.2,0.7,2.0,4,32,0,0,4096,0.0,0.0,0.0009369774073651883,0.0007311125564753995
0.2,0.7,2.0,4,2880,0,0,4096,0.0,0.0,0.0009369774073651883,0.0007311125564753995
0.2,0.7,2.0,8,32,0,0,4096,0.0,0.0,0.0009369774073651883,0.0007311125564753995
0.2,0.7,2.0,8,2880,0,0,4096,0.0,0.0,0.0009369774073651883,0.0007311125564753995
0.2,0.7,2.0,16,32,0,0,4096,0.0,0.0,0.0009369774073651883,0.0007311125564753995
0.2,0.7,2.0,16,2880,0,0,4096,0.0,0.0,0.0009369774073651883,0.0007311125564753995
0.2,0.7,2.0,32,32,0,0,4096,0.0,0.0,0.0009369774073651883,0.0007311125564753995
0.2,0.7,2.0,32,2880,0,0,4096,0.0,0.0,0.0009369774073651883,0.0007311125564753995
0.2,0.7,2.0,64,32,0,0,4096,0.0,0.0,0.0009369774073651883,0.0007311125564753995
0.2,0.7,2.0,64,2880,0,0,4096,0.0,0.0,0.0009369774073651883,0.0007311125564753995
0.2,0.7,2.0,128,32,27,0,4096,0.0,0.0,0.0009369774073651883,0.0007311125564753995
0.2,0.7,2.0,128,2880,0,0,4096,0.0,0.0,0.0009369774073651883,0.0007311125564753995
0.2,0.7,2.0,256,32,3,0,4096,0.0,0.0,0.0009369774073651883,0.0007311125564753995
0.2,0.7,2.0,256,2880,0,0,4096,0.0,0.0,0.0009369774073651883,0.0007311125564753995
0.2,0.7,2.0,512,32,0,0,4096,0.0,0.0,0.0009369774073651883,0.0007311125564753995
0.2,0.7,2.0,512,2880,0,0,4096,0.0,0.0,0.0009369774073651883,0.0007311125564753995
0.2,0.7,2.0,1024,32,0,0,4096,0.0,0.0,0.0009369774073651883,0.0007311125564753995
0.2,0.7,2.0,1024,2880,0,0,4096,0.0,0.0,0.0009369774073651883,0.0007311125564753995
0.2,0.7,2.0,2048,32,0,0,4096,0.0,0.0,0.0009369774073651883,0.0007311125564753995
0.2,0.7,2.0,2048,2880,0,0,4096,0.0,0.0,0.0009369774073651883,0.0007311125564753995
0.2,0.7,2.0,4096,32,0,0,4096,0.0,0.0,0.0009369774073651883,0.0007311125564753995
0.2,0.7,2.0,4096,2880,0,0,4096,0.0,0.0,0.0009369774073651883,0.0007311125564753995
0.2,1.0,0.0,4,32,0,0,4096,0.0,0.0,0.0009369774073651883,0.0007311125564753995
0.2,1.0,0.0,4,2880,0,0,4096,0.0,0.0,0.0009369774073651883,0.0007311125564753995
0.2,1.0,0.0,8,32,0,0,4096,0.0,0.0,0.0009369774073651883,0.0007311125564753995
0.2,1.0,0.0,8,2880,0,0,4096,0.0,0.0,0.0009369774073651883,0.0007311125564753995
0.2,1.0,0.0,16,32,0,0,4096,0.0,0.0,0.0009369774073651883,0.0007311125564753995
0.2,1.0,0.0,16,2880,0,0,4096,0.0,0.0,0.0009369774073651883,0.0007311125564753995
0.2,1.0,0.0,32,32,0,0,4096,0.0,0.0,0.0009369774073651883,0.0007311125564753995
0.2,1.0,0.0,32,2880,0,0,4096,0.0,0.0,0.0009369774073651883,0.0007311125564753995
0.2,1.0,0.0,64,32,0,0,4096,0.0,0.0,0.0009369774073651883,0.0007311125564753995
0.2,1.0,0.0,64,2880,0,0,4096,0.0,0.0,0.0009369774073651883,0.0007311125564753995
0.2,1.0,0.0,128,32,0,0,4096,0.0,0.0,0.0009369774073651883,0.0007311125564753995
0.2,1.0,0.0,128,2880,0,0,4096,0.0,0.0,0.0009369774073651883,0.0007311125564753995
0.2,1.0,0.0,256,32,0,0,4096,0.0,0.0,0.0009369774073651883,0.0007311125564753995
0.2,1.0,0.0,256,2880,0,0,4096,0.0,0.0,0.0009369774073651883,0.0007311125564753995
0.2,1.0,0.0,512,32,0,0,4096,0.0,0.0,0.0009369774073651883,0.0007311125564753995
0.2,1.0,0.0,512,2880,0,0,4096,0.0,0.0,0.0009369774073651883,0.0007311125564753995
0.2,1.0,0.0,1024,32,0,0,4096,0.0,0.0,0.0009369774073651883,0.0007311125564753995
0.2,1.0,0.0,1024,2880,0,0,4096,0.0,0.0,0.0009369774073651883,0.0007311125564753995
0.2,1.0,0.0,2048,32,0,0,4096,0.0,0.0,0.0009369774073651883,0.0007311125564753995
0.2,1.0,0.0,2048,2880,0,0,4096,0.0,0.0,0.0009369774073651883,0.0007311125564753995
0.2,1.0,0.0,4096,32,0,0,4096,0.0,0.0,0.0009369774073651883,0.0007311125564753995
0.2,1.0,0.0,4096,2880,0,0,4096,0.0,0.0,0.0009369774073651883,0.0007311125564753995
0.2,1.0,0.5,4,32,0,0,4096,0.0,0.0,0.0009369774073651883,0.0007311125564753995
0.2,1.0,0.5,4,2880,0,0,4096,0.0,0.0,0.0009369774073651883,0.0007311125564753995
0.2,1.0,0.5,8,32,0,0,4096,0.0,0.0,0.0009369774073651883,0.0007311125564753995
0.2,1.0,0.5,8,2880,0,0,4096,0.0,0.0,0.0009369774073651883,0.0007311125564753995
0.2,1.0,0.5,16,32,0,0,4096,0.0,0.0,0.0009369774073651883,0.0007311125564753995
0.2,1.0,0.5,16,2880,0,0,4096,0.0,0.0,0.0009369774073651883,0.0007311125564753995
0.2,1.0,0.5,32,32,0,0,4096,0.0,0.0,0.0009369774073651883,0.0007311125564753995
0.2,1.0,0.5,32,2880,0,0,4096,0.0,0.0,0.0009369774073651883,0.0007311125564753995
0.2,1.0,0.5,64,32,0,0,4096,0.0,0.0,0.0009369774073651883,0.0007311125564753995
0.2,1.0,0.5,64,2880,0,0,4096,0.0,0.0,0.0009369774073651883,0.0007311125564753995
0.2,1.0,0.5,128,32,0,0,4096,0.0,0.0,0.0009369774073651883,0.0007311125564753995
0.2,1.0,0.5,128,2880,0,0,4096,0.0,0.0,0.0009369774073651883,0.0007311125564753995
0.2,1.0,0.5,256,32,0,0,4096,0.0,0.0,0.0009369774073651883,0.0007311125564753995
0.2,1.0,0.5,256,2880,0,0,4096,0.0,0.0,0.0009369774073651883,0.0007311125564753995
0.2,1.0,0.5,512,32,0,0,4096,0.0,0.0,0.0009369774073651883,0.0007311125564753995
0.2,1.0,0.5,512,2880,0,0,4096,0.0,0.0,0.0009369774073651883,0.0007311125564753995
0.2,1.0,0.5,1024,32,0,0,4096,0.0,0.0,0.0009369774073651883,0.0007311125564753995
0.2,1.0,0.5,1024,2880,0,0,4096,0.0,0.0,0.0009369774073651883,0.0007311125564753995
0.2,1.0,0.5,2048,32,0,0,4096,0.0,0.0,0.0009369774073651883,0.0007311125564753995
0.2,1.0,0.5,2048,2880,0,0,4096,0.0,0.0,0.0009369774073651883,0.0007311125564753995
0.2,1.0,0.5,4096,32,0,0,4096,0.0,0.0,0.0009369774073651883,0.0007311125564753995
0.2,1.0,0.5,4096,2880,0,0,4096,0.0,0.0,0.0009369774073651883,0.0007311125564753995
0.2,1.0,1.0,4,32,0,0,4096,0.0,0.0,0.0009369774073651883,0.0007311125564753995
0.2,1.0,1.0,4,2880,0,0,4096,0.0,0.0,0.0009369774073651883,0.0007311125564753995
0.2,1.0,1.0,8,32,0,0,4096,0.0,0.0,0.0009369774073651883,0.0007311125564753995
0.2,1.0,1.0,8,2880,0,0,4096,0.0,0.0,0.0009369774073651883,0.0007311125564753995
0.2,1.0,1.0,16,32,0,0,4096,0.0,0.0,0.0009369774073651883,0.0007311125564753995
0.2,1.0,1.0,16,2880,0,0,4096,0.0,0.0,0.0009369774073651883,0.0007311125564753995
0.2,1.0,1.0,32,32,0,0,4096,0.0,0.0,0.0009369774073651883,0.0007311125564753995
0.2,1.0,1.0,32,2880,0,0,4096,0.0,0.0,0.0009369774073651883,0.0007311125564753995
0.2,1.0,1.0,64,32,0,7,4096,0.001708984375,0.0008280858168609898,0.0035236577810063684,
0.2,1.0,1.0,64,2880,0,0,4096,0.0,0.0,0.0009369774073651883,0.0007311125564753995
0.2,1.0,1.0,128,32,0,0,4096,0.0,0.0,0.0009369774073651883,0.0007311125564753995
0.2,1.0,1.0,128,2880,0,0,4096,0.0,0.0,0.0009369774073651883,0.0007311125564753995
0.2,1.0,1.0,256,32,0,0,4096,0.0,0.0,0.0009369774073651883,0.0007311125564753995
0.2,1.0,1.0,256,2880,0,0,4096,0.0,0.0,0.0009369774073651883,0.0007311125564753995
0.2,1.0,1.0,512,32,0,0,4096,0.0,0.0,0.0009369774073651883,0.0007311125564753995
0.2,1.0,1.0,512,2880,0,0,4096,0.0,0.0,0.0009369774073651883,0.0007311125564753995
0.2,1.0,1.0,1024,32,0,0,4096,0.0,0.0,0.0009369774073651883,0.0007311125564753995
0.2,1.0,1.0,1024,2880,0,0,4096,0.0,0.0,0.0009369774073651883,0.0007311125564753995
0.2,1.0,1.0,2048,32,0,0,4096,0.0,0.0,0.0009369774073651883,0.0007311125564753995
0.2,1.0,1.0,2048,2880,0,0,4096,0.0,0.0,0.0009369774073651883,0.0007311125564753995
0.2,1.0,1.0,4096,32,0,0,4096,0.0,0.0,0.0009369774073651883,0.0007311125564753995
0.2,1.0,1.0,4096,2880,0,0,4096,0.0,0.0,0.0009369774073651883,0.0007311125564753995
0.2,1.0,2.0,4,32,0,0,4096,0.0,0.0,0.0009369774073651883,0.0007311125564753995
0.2,1.0,2.0,4,2880,0,0,4096,0.0,0.0,0.0009369774073651883,0.0007311125564753995
0.2,1.0,2.0,8,32,0,0,4096,0.0,0.0,0.0009369774073651883,0.0007311125564753995
0.2,1.0,2.0,8,2880,0,0,4096,0.0,0.0,0.0009369774073651883,0.0007311125564753995
0.2,1.0,2.0,16,32,0,0,4096,0.0,0.0,0.0009369774073651883,0.0007311125564753995
0.2,1.0,2.0,16,2880,0,0,4096,0.0,0.0,0.0009369774073651883,0.0007311125564753995
0.2,1.0,2.0,32,32,0,0,4096,0.0,0.0,0.0009369774073651883,0.0007311125564753995
0.2,1.0,2.0,32,2880,0,0,4096,0.0,0.0,0.0009369774073651883,0.0007311125564753995
0.2,1.0,2.0,64,32,0,0,4096,0.0,0.0,0.0009369774073651883,0.0007311125564753995
0.2,1.0,2.0,64,2880,0,0,4096,0.0,0.0,0.0009369774073651883,0.0007311125564753995
0.2,1.0,2.0,128,32,1,0,4096,0.0,0.0,0.0009369774073651883,0.0007311125564753995
0.2,1.0,2.0,128,2880,0,0,4096,0.0,0.0,0.0009369774073651883,0.0007311125564753995
0.2,1.0,2.0,256,32,0,0,4096,0.0,0.0,0.0009369774073651883,0.0007311125564753995
0.2,1.0,2.0,256,2880,0,0,4096,0.0,0.0,0.0009369774073651883,0.0007311125564753995
0.2,1.0,2.0,512,32,0,0,4096,0.0,0.0,0.0009369774073651883,0.0007311125564753995
0.2,1.0,2.0,512,2880,0,0,4096,0.0,0.0,0.0009369774073651883,0.0007311125564753995
0.2,1.0,2.0,1024,32,0,0,4096,0.0,0.0,0.0009369774073651883,0.0007311125564753995
0.2,1.0,2.0,1024,2880,0,0,4096,0.0,0.0,0.0009369774073651883,0.0007311125564753995
0.2,1.0,2.0,2048,32,0,0,4096,0.0,0.0,0.0009369774073651883,0.0007311125564753995
0.2,1.0,2.0,2048,2880,0,0,4096,0.0,0.0,0.0009369774073651883,0.0007311125564753995
0.2,1.0,2.0,4096,32,0,0,4096,0.0,0.0,0.0009369774073651883,0.0007311125564753995
0.2,1.0,2.0,4096,2880,0,0,4096,0.0,0.0,0.0009369774073651883,0.0007311125564753995
0.25,0.2,0.0,4,32,0,0,4096,0.0,0.0,0.0009369774073651883,0.0007311125564753995
0.25,0.2,0.0,4,2880,0,0,4096,0.0,0.0,0.0009369774073651883,0.0007311125564753995
0.25,0.2,0.0,8,32,0,0,4096,0.0,0.0,0.0009369774073651883,0.0007311125564753995
0.25,0.2,0.0,8,2880,0,0,4096,0.0,0.0,0.0009369774073651883,0.0007311125564753995
0.25,0.2,0.0,16,32,0,0,4096,0.0,0.0,0.0009369774073651883,0.0007311125564753995
0.25,0.2,0.0,16,2880,0,0,4096,0.0,0.0,0.0009369774073651883,0.0007311125564753995
0.25,0.2,0.0,32,32,0,0,4096,0.0,0.0,0.0009369774073651883,0.0007311125564753995
0.25,0.2,0.0,32,2880,0,0,4096,0.0,0.0,0.0009369774073651883,0.0007311125564753995
0.25,0.2,0.0,64,32,0,0,4096,0.0,0.0,0.0009369774073651883,0.0007311125564753995
0.25,0.2,0.0,64,2880,0,0,4096,0.0,0.0,0.0009369774073651883,0.0007311125564753995
0.25,0.2,0.0,128,32,2491,0,4096,0.0,0.0,0.0009369774073651883,0.0007311125564753995
0.25,0.2,0.0,128,2880,0,0,4096,0.0,0.0,0.0009369774073651883,0.0007311125564753995
0.25,0.2,0.0,256,32,4096,0,4096,0.0,0.0,0.0009369774073651883,0.0007311125564753995
0.25,0.2,0.0,256,2880,0,0,4096,0.0,0.0,0.0009369774073651883,0.0007311125564753995
0.25,0.2,0.0,512,32,4096,0,4096,0.0,0.0,0.0009369774073651883,0.0007311125564753995
0.25,0.2,0.0,512,2880,0,0,4096,0.0,0.0,0.0009369774073651883,0.0007311125564753995
0.25,0.2,0.0,1024,32,4096,0,4096,0.0,0.0,0.0009369774073651883,0.0007311125564753995
0.25,0.2,0.0,1024,2880,0,0,4096,0.0,0.0,0.0009369774073651883,0.0007311125564753995
0.25,0.2,0.0,2048,32,4096,0,4096,0.0,0.0,0.0009369774073651883,0.0007311125564753995
0.25,0.2,0.0,2048,2880,0,0,4096,0.0,0.0,0.0009369774073651883,0.0007311125564753995
0.25,0.2,0.0,4096,32,4096,0,4096,0.0,0.0,0.0009369774073651883,0.0007311125564753995
0.25,0.2,0.0,4096,2880,0,0,4096,0.0,0.0,0.0009369774073651883,0.0007311125564753995
0.25,0.2,0.5,4,32,0,0,4096,0.0,0.0,0.0009369774073651883,0.0007311125564753995
0.25,0.2,0.5,4,2880,0,0,4096,0.0,0.0,0.0009369774073651883,0.0007311125564753995
0.25,0.2,0.5,8,32,0,0,4096,0.0,0.0,0.0009369774073651883,0.0007311125564753995
0.25,0.2,0.5,8,2880,0,0,4096,0.0,0.0,0.0009369774073651883,0.0007311125564753995
0.25,0.2,0.5,16,32,0,0,4096,0.0,0.0,0.0009369774073651883,0.0007311125564753995
0.25,0.2,0.5,16,2880,0,0,4096,0.0,0.0,0.0009369774073651883,0.0007311125564753995
0.25,0.2,0.5,32,32,0,0,4096,0.0,0.0,0.0009369774073651883,0.0007311125564753995
0.25,0.2,0.5,32,2880,0,0,4096,0.0,0.0,0.0009369774073651883,0.0007311125564753995
0.25,0.2,0.5,64,32,0,0,4096,0.0,0.0,0.0009369774073651883,0.0007311125564753995
0.25,0.2,0.5,64,2880,0,0,4096,0.0,0.0,0.0009369774073651883,0.0007311125564753995
0.25,0.2,0.5,128,32,2491,0,4096,0.0,0.0,0.0009369774073651883,0.0007311125564753995
0.25,0.2,0.5,128,2880,0,0,4096,0.0,0.0,0.0009369774073651883,0.0007311125564753995
0.25,0.2,0.5,256,32,4096,0,4096,0.0,0.0,0.0009369774073651883,0.0007311125564753995
0.25,0.2,0.5,256,2880,0,0,4096,0.0,0.0,0.0009369774073651883,0.0007311125564753995
0.25,0.2,0.5,512,32,4096,0,4096,0.0,0.0,0.0009369774073651883,0.0007311125564753995
0.25,0.2,0.5,512,2880,0,0,4096,0.0,0.0,0.0009369774073651883,0.0007311125564753995
0.25,0.2,0.5,1024,32,4096,0,4096,0.0,0.0,0.0009369774073651883,0.0007311125564753995
0.25,0.2,0.5,1024,2880,0,0,4096,0.0,0.0,0.0009369774073651883,0.0007311125564753995
0.25,0.2,0.5,2048,32,4096,0,4096,0.0,0.0,0.0009369774073651883,0.0007311125564753995
0.25,0.2,0.5,2048,2880,0,0,4096,0.0,0.0,0.0009369774073651883,0.0007311125564753995
0.25,0.2,0.5,4096,32,4096,0,4096,0.0,0.0,0.0009369774073651883,0.0007311125564753995
0.25,0.2,0.5,4096,2880,0,0,4096,0.0,0.0,0.0009369774073651883,0.0007311125564753995
0.25,0.2,1.0,4,32,0,0,4096,0.0,0.0,0.0009369774073651883,0.0007311125564753995
0.25,0.2,1.0,4,2880,0,0,4096,0.0,0.0,0.0009369774073651883,0.0007311125564753995
0.25,0.2,1.0,8,32,0,0,4096,0.0,0.0,0.0009369774073651883,0.0007311125564753995
0.25,0.2,1.0,8,2880,0,0,4096,0.0,0.0,0.0009369774073651883,0.0007311125564753995
0.25,0.2,1.0,16,32,0,0,4096,0.0,0.0,0.0009369774073651883,0.0007311125564753995
0.25,0.2,1.0,16,2880,0,0,4096,0.0,0.0,0.0009369774073651883,0.0007311125564753995
0.25,0.2,1.0,32,32,0,0,4096,0.0,0.0,0.0009369774073651883,0.0007311125564753995
0.25,0.2,1.0,32,2880,0,0,4096,0.0,0.0,0.0009369774073651883,0.0007311125564753995
0.25,0.2,1.0,64,32,0,0,4096,0.0,0.0,0.0009369774073651883,0.0007311125564753995
0.25,0.2,1.0,64,2880,0,0,4096,0.0,0.0,0.0009369774073651883,0.0007311125564753995
0.25,0.2,1.0,128,32,2477,0,4096,0.0,0.0,0.0009369774073651883,0.0007311125564753995
0.25,0.2,1.0,128,2880,0,0,4096,0.0,0.0,0.0009369774073651883,0.0007311125564753995
0.25,0.2,1.0,256,32,4096,0,4096,0.0,0.0,0.0009369774073651883,0.0007311125564753995
0.25,0.2,1.0,256,2880,0,0,4096,0.0,0.0,0.0009369774073651883,0.0007311125564753995
0.25,0.2,1.0,512,32,4096,0,4096,0.0,0.0,0.0009369774073651883,0.0007311125564753995
0.25,0.2,1.0,512,2880,0,0,4096,0.0,0.0,0.0009369774073651883,0.0007311125564753995
0.25,0.2,1.0,1024,32,4096,0,4096,0.0,0.0,0.0009369774073651883,0.0007311125564753995
0.25,0.2,1.0,1024,2880,0,0,4096,0.0,0.0,0.0009369774073651883,0.0007311125564753995
0.25,0.2,1.0,2048,32,4096,0,4096,0.0,0.0,0.0009369774073651883,0.0007311125564753995
0.25,0.2,1.0,2048,2880,0,0,4096,0.0,0.0,0.0009369774073651883,0.0007311125564753995
0.25,0.2,1.0,4096,32,4096,0,4096,0.0,0.0,0.0009369774073651883,0.0007311125564753995
0.25,0.2,1.0,4096,2880,0,0,4096,0.0,0.0,0.0009369774073651883,0.0007311125564753995
0.25,0.2,2.0,4,32,0,0,4096,0.0,0.0,0.0009369774073651883,0.0007311125564753995
0.25,0.2,2.0,4,2880,0,0,4096,0.0,0.0,0.0009369774073651883,0.0007311125564753995
0.25,0.2,2.0,8,32,0,0,4096,0.0,0.0,0.0009369774073651883,0.0007311125564753995
0.25,0.2,2.0,8,2880,0,0,4096,0.0,0.0,0.0009369774073651883,0.0007311125564753995
0.25,0.2,2.0,16,32,0,0,4096,0.0,0.0,0.0009369774073651883,0.0007311125564753995
0.25,0.2,2.0,16,2880,0,0,4096,0.0,0.0,0.0009369774073651883,0.0007311125564753995
0.25,0.2,2.0,32,32,0,0,4096,0.0,0.0,0.0009369774073651883,0.0007311125564753995
0.25,0.2,2.0,32,2880,0,0,4096,0.0,0.0,0.0009369774073651883,0.0007311125564753995
0.25,0.2,2.0,64,32,0,0,4096,0.0,0.0,0.0009369774073651883,0.0007311125564753995
0.25,0.2,2.0,64,2880,0,0,4096,0.0,0.0,0.0009369774073651883,0.0007311125564753995
0.25,0.2,2.0,128,32,2476,0,4096,0.0,0.0,0.0009369774073651883,0.0007311125564753995
0.25,0.2,2.0,128,2880,0,0,4096,0.0,0.0,0.0009369774073651883,0.0007311125564753995
0.25,0.2,2.0,256,32,4096,0,4096,0.0,0.0,0.0009369774073651883,0.0007311125564753995
0.25,0.2,2.0,256,2880,0,0,4096,0.0,0.0,0.0009369774073651883,0.0007311125564753995
0.25,0.2,2.0,512,32,4096,0,4096,0.0,0.0,0.0009369774073651883,0.0007311125564753995
0.25,0.2,2.0,512,2880,0,0,4096,0.0,0.0,0.0009369774073651883,0.0007311125564753995
0.25,0.2,2.0,1024,32,4096,0,4096,0.0,0.0,0.0009369774073651883,0.0007311125564753995
0.25,0.2,2.0,1024,2880,0,0,4096,0.0,0.0,0.0009369774073651883,0.0007311125564753995
0.25,0.2,2.0,2048,32,4096,0,4096,0.0,0.0,0.0009369774073651883,0.0007311125564753995
0.25,0.2,2.0,2048,2880,0,0,4096,0.0,0.0,0.0009369774073651883,0.0007311125564753995
0.25,0.2,2.0,4096,32,4096,0,4096,0.0,0.0,0.0009369774073651883,0.0007311125564753995
0.25,0.2,2.0,4096,2880,0,0,4096,0.0,0.0,0.0009369774073651883,0.0007311125564753995
0.25,0.4,0.0,4,32,0,0,4096,0.0,0.0,0.0009369774073651883,0.0007311125564753995
0.25,0.4,0.0,4,2880,0,0,4096,0.0,0.0,0.0009369774073651883,0.0007311125564753995
0.25,0.4,0.0,8,32,0,0,4096,0.0,0.0,0.0009369774073651883,0.0007311125564753995
0.25,0.4,0.0,8,2880,0,0,4096,0.0,0.0,0.0009369774073651883,0.0007311125564753995
0.25,0.4,0.0,16,32,0,0,4096,0.0,0.0,0.0009369774073651883,0.0007311125564753995
0.25,0.4,0.0,16,2880,0,0,4096,0.0,0.0,0.0009369774073651883,0.0007311125564753995
0.25,0.4,0.0,32,32,0,0,4096,0.0,0.0,0.0009369774073651883,0.0007311125564753995
0.25,0.4,0.0,32,2880,0,0,4096,0.0,0.0,0.0009369774073651883,0.0007311125564753995
0.25,0.4,0.0,64,32,0,0,4096,0.0,0.0,0.0009369774073651883,0.0007311125564753995
0.25,0.4,0.0,64,2880,0,0,4096,0.0,0.0,0.0009369774073651883,0.0007311125564753995
0.25,0.4,0.0,128,32,391,0,4096,0.0,0.0,0.0009369774073651883,0.0007311125564753995
0.25,0.4,0.0,128,2880,0,0,4096,0.0,0.0,0.0009369774073651883,0.0007311125564753995
0.25,0.4,0.0,256,32,351,0,4096,0.0,0.0,0.0009369774073651883,0.0007311125564753995
0.25,0.4,0.0,256,2880,0,0,4096,0.0,0.0,0.0009369774073651883,0.0007311125564753995
0.25,0.4,0.0,512,32,278,0,4096,0.0,0.0,0.0009369774073651883,0.0007311125564753995
0.25,0.4,0.0,512,2880,0,0,4096,0.0,0.0,0.0009369774073651883,0.0007311125564753995
0.25,0.4,0.0,1024,32,110,0,4096,0.0,0.0,0.0009369774073651883,0.0007311125564753995
0.25,0.4,0.0,1024,2880,0,0,4096,0.0,0.0,0.0009369774073651883,0.0007311125564753995
0.25,0.4,0.0,2048,32,8,0,4096,0.0,0.0,0.0009369774073651883,0.0007311125564753995
0.25,0.4,0.0,2048,2880,0,0,4096,0.0,0.0,0.0009369774073651883,0.0007311125564753995
0.25,0.4,0.0,4096,32,0,0,4096,0.0,0.0,0.0009369774073651883,0.0007311125564753995
0.25,0.4,0.0,4096,2880,0,0,4096,0.0,0.0,0.0009369774073651883,0.0007311125564753995
0.25,0.4,0.5,4,32,0,0,4096,0.0,0.0,0.0009369774073651883,0.0007311125564753995
0.25,0.4,0.5,4,2880,0,0,4096,0.0,0.0,0.0009369774073651883,0.0007311125564753995
0.25,0.4,0.5,8,32,0,0,4096,0.0,0.0,0.0009369774073651883,0.0007311125564753995
0.25,0.4,0.5,8,2880,0,0,4096,0.0,0.0,0.0009369774073651883,0.0007311125564753995
0.25,0.4,0.5,16,32,0,0,4096,0.0,0.0,0.0009369774073651883,0.0007311125564753995
0.25,0.4,0.5,16,2880,0,0,4096,0.0,0.0,0.0009369774073651883,0.0007311125564753995
0.25,0.4,0.5,32,32,0,0,4096,0.0,0.0,0.0009369774073651883,0.0007311125564753995
0.25,0.4,0.5,32,2880,0,0,4096,0.0,0.0,0.0009369774073651883,0.0007311125564753995
0.25,0.4,0.5,64,32,0,0,4096,0.0,0.0,0.0009369774073651883,0.0007311125564753995
0.25,0.4,0.5,64,2880,0,0,4096,0.0,0.0,0.0009369774073651883,0.0007311125564753995
0.25,0.4,0.5,128,32,391,0,4096,0.0,0.0,0.0009369774073651883,0.0007311125564753995
0.25,0.4,0.5,128,2880,0,0,4096,0.0,0.0,0.0009369774073651883,0.0007311125564753995
0.25,0.4,0.5,256,32,351,0,4096,0.0,0.0,0.0009369774073651883,0.0007311125564753995
0.25,0.4,0.5,256,2880,0,0,4096,0.0,0.0,0.0009369774073651883,0.0007311125564753995
0.25,0.4,0.5,512,32,278,0,4096,0.0,0.0,0.0009369774073651883,0.0007311125564753995
0.25,0.4,0.5,512,2880,0,0,4096,0.0,0.0,0.0009369774073651883,0.0007311125564753995
0.25,0.4,0.5,1024,32,110,0,4096,0.0,0.0,0.0009369774073651883,0.0007311125564753995
0.25,0.4,0.5,1024,2880,0,0,4096,0.0,0.0,0.0009369774073651883,0.0007311125564753995
0.25,0.4,0.5,2048,32,8,0,4096,0.0,0.0,0.0009369774073651883,0.0007311125564753995
0.25,0.4,0.5,2048,2880,0,0,4096,0.0,0.0,0.0009369774073651883,0.0007311125564753995
0.25,0.4,0.5,4096,32,0,0,4096,0.0,0.0,0.0009369774073651883,0.0007311125564753995
0.25,0.4,0.5,4096,2880,0,0,4096,0.0,0.0,0.0009369774073651883,0.0007311125564753995
0.25,0.4,1.0,4,32,0,0,4096,0.0,0.0,0.0009369774073651883,0.0007311125564753995
0.25,0.4,1.0,4,2880,0,0,4096,0.0,0.0,0.0009369774073651883,0.0007311125564753995
0.25,0.4,1.0,8,32,0,0,4096,0.0,0.0,0.0009369774073651883,0.0007311125564753995
0.25,0.4,1.0,8,2880,0,0,4096,0.0,0.0,0.0009369774073651883,0.0007311125564753995
0.25,0.4,1.0,16,32,0,0,4096,0.0,0.0,0.0009369774073651883,0.0007311125564753995
0.25,0.4,1.0,16,2880,0,0,4096,0.0,0.0,0.0009369774073651883,0.0007311125564753995
0.25,0.4,1.0,32,32,0,0,4096,0.0,0.0,0.0009369774073651883,0.0007311125564753995
0.25,0.4,1.0,32,2880,0,0,4096,0.0,0.0,0.0009369774073651883,0.0007311125564753995
0.25,0.4,1.0,64,32,0,0,4096,0.0,0.0,0.0009369774073651883,0.0007311125564753995
0.25,0.4,1.0,64,2880,0,0,4096,0.0,0.0,0.0009369774073651883,0.0007311125564753995
0.25,0.4,1.0,128,32,3102,0,4096,0.0,0.0,0.0009369774073651883,0.0007311125564753995
0.25,0.4,1.0,128,2880,0,0,4096,0.0,0.0,0.0009369774073651883,0.0007311125564753995
0.25,0.4,1.0,256,32,3332,0,4096,0.0,0.0,0.0009369774073651883,0.0007311125564753995
0.25,0.4,1.0,256,2880,0,0,4096,0.0,0.0,0.0009369774073651883,0.0007311125564753995
0.25,0.4,1.0,512,32,3280,0,4096,0.0,0.0,0.0009369774073651883,0.0007311125564753995
0.25,0.4,1.0,512,2880,0,0,4096,0.0,0.0,0.0009369774073651883,0.0007311125564753995
0.25,0.4,1.0,1024,32,3179,0,4096,0.0,0.0,0.0009369774073651883,0.0007311125564753995
0.25,0.4,1.0,1024,2880,0,0,4096,0.0,0.0,0.0009369774073651883,0.0007311125564753995
0.25,0.4,1.0,2048,32,2968,0,4096,0.0,0.0,0.0009369774073651883,0.0007311125564753995
0.25,0.4,1.0,2048,2880,0,0,4096,0.0,0.0,0.0009369774073651883,0.0007311125564753995
0.25,0.4,1.0,4096,32,2504,0,4096,0.0,0.0,0.0009369774073651883,0.0007311125564753995
0.25,0.4,1.0,4096,2880,0,0,4096,0.0,0.0,0.0009369774073651883,0.0007311125564753995
0.25,0.4,2.0,4,32,0,0,4096,0.0,0.0,0.0009369774073651883,0.0007311125564753995
0.25,0.4,2.0,4,2880,0,0,4096,0.0,0.0,0.0009369774073651883,0.0007311125564753995
0.25,0.4,2.0,8,32,0,0,4096,0.0,0.0,0.0009369774073651883,0.0007311125564753995
0.25,0.4,2.0,8,2880,0,0,4096,0.0,0.0,0.0009369774073651883,0.0007311125564753995
0.25,0.4,2.0,16,32,0,0,4096,0.0,0.0,0.0009369774073651883,0.0007311125564753995
0.25,0.4,2.0,16,2880,0,0,4096,0.0,0.0,0.0009369774073651883,0.0007311125564753995
0.25,0.4,2.0,32,32,0,0,4096,0.0,0.0,0.0009369774073651883,0.0007311125564753995
0.25,0.4,2.0,32,2880,0,0,4096,0.0,0.0,0.0009369774073651883,0.0007311125564753995
0.25,0.4,2.0,64,32,0,0,4096,0.0,0.0,0.0009369774073651883,0.0007311125564753995
0.25,0.4,2.0,64,2880,0,0,4096,0.0,0.0,0.0009369774073651883,0.0007311125564753995
0.25,0.4,2.0,128,32,3043,0,4096,0.0,0.0,0.0009369774073651883,0.0007311125564753995
0.25,0.4,2.0,128,2880,0,0,4096,0.0,0.0,0.0009369774073651883,0.0007311125564753995
0.25,0.4,2.0,256,32,4096,0,4096,0.0,0.0,0.0009369774073651883,0.0007311125564753995
0.25,0.4,2.0,256,2880,0,0,4096,0.0,0.0,0.0009369774073651883,0.0007311125564753995
0.25,0.4,2.0,512,32,4096,0,4096,0.0,0.0,0.0009369774073651883,0.0007311125564753995
0.25,0.4,2.0,512,2880,0,0,4096,0.0,0.0,0.0009369774073651883,0.0007311125564753995
0.25,0.4,2.0,1024,32,4096,0,4096,0.0,0.0,0.0009369774073651883,0.0007311125564753995
0.25,0.4,2.0,1024,2880,0,0,4096,0.0,0.0,0.0009369774073651883,0.0007311125564753995
0.25,0.4,2.0,2048,32,4096,0,4096,0.0,0.0,0.0009369774073651883,0.0007311125564753995
0.25,0.4,2.0,2048,2880,0,0,4096,0.0,0.0,0.0009369774073651883,0.0007311125564753995
0.25,0.4,2.0,4096,32,4096,0,4096,0.0,0.0,0.0009369774073651883,0.0007311125564753995
0.25,0.4,2.0,4096,2880,0,0,4096,0.0,0.0,0.0009369774073651883,0.0007311125564753995
0.25,0.7,0.0,4,32,0,0,4096,0.0,0.0,0.0009369774073651883,0.0007311125564753995
0.25,0.7,0.0,4,2880,0,0,4096,0.0,0.0,0.0009369774073651883,0.0007311125564753995
0.25,0.7,0.0,8,32,0,0,4096,0.0,0.0,0.0009369774073651883,0.0007311125564753995
0.25,0.7,0.0,8,2880,0,0,4096,0.0,0.0,0.0009369774073651883,0.0007311125564753995
0.25,0.7,0.0,16,32,0,0,4096,0.0,0.0,0.0009369774073651883,0.0007311125564753995
0.25,0.7,0.0,16,2880,0,0,4096,0.0,0.0,0.0009369774073651883,0.0007311125564753995
0.25,0.7,0.0,32,32,0,0,4096,0.0,0.0,0.0009369774073651883,0.0007311125564753995
0.25,0.7,0.0,32,2880,0,0,4096,0.0,0.0,0.0009369774073651883,0.0007311125564753995
0.25,0.7,0.0,64,32,8,0,4096,0.0,0.0,0.0009369774073651883,0.0007311125564753995
0.25,0.7,0.0,64,2880,0,0,4096,0.0,0.0,0.0009369774073651883,0.0007311125564753995
0.25,0.7,0.0,128,32,1,0,4096,0.0,0.0,0.0009369774073651883,0.0007311125564753995
0.25,0.7,0.0,128,2880,0,0,4096,0.0,0.0,0.0009369774073651883,0.0007311125564753995
0.25,0.7,0.0,256,32,0,0,4096,0.0,0.0,0.0009369774073651883,0.0007311125564753995
0.25,0.7,0.0,256,2880,0,0,4096,0.0,0.0,0.0009369774073651883,0.0007311125564753995
0.25,0.7,0.0,512,32,0,0,4096,0.0,0.0,0.0009369774073651883,0.0007311125564753995
0.25,0.7,0.0,512,2880,0,0,4096,0.0,0.0,0.0009369774073651883,0.0007311125564753995
0.25,0.7,0.0,1024,32,0,0,4096,0.0,0.0,0.0009369774073651883,0.0007311125564753995
0.25,0.7,0.0,1024,2880,0,0,4096,0.0,0.0,0.0009369774073651883,0.0007311125564753995
0.25,0.7,0.0,2048,32,0,0,4096,0.0,0.0,0.0009369774073651883,0.0007311125564753995
0.25,0.7,0.0,2048,2880,0,0,4096,0.0,0.0,0.0009369774073651883,0.0007311125564753995
0.25,0.7,0.0,4096,32,0,0,4096,0.0,0.0,0.0009369774073651883,0.0007311125564753995
0.25,0.7,0.0,4096,2880,0,0,4096,0.0,0.0,0.0009369774073651883,0.0007311125564753995
0.25,0.7,0.5,4,32,0,0,4096,0.0,0.0,0.0009369774073651883,0.0007311125564753995
0.25,0.7,0.5,4,2880,0,0,4096,0.0,0.0,0.0009369774073651883,0.0007311125564753995
0.25,0.7,0.5,8,32,0,0,4096,0.0,0.0,0.0009369774073651883,0.0007311125564753995
0.25,0.7,0.5,8,2880,0,0,4096,0.0,0.0,0.0009369774073651883,0.0007311125564753995
0.25,0.7,0.5,16,32,0,0,4096,0.0,0.0,0.0009369774073651883,0.0007311125564753995
0.25,0.7,0.5,16,2880,0,0,4096,0.0,0.0,0.0009369774073651883,0.0007311125564753995
0.25,0.7,0.5,32,32,0,0,4096,0.0,0.0,0.0009369774073651883,0.0007311125564753995
0.25,0.7,0.5,32,2880,0,0,4096,0.0,0.0,0.0009369774073651883,0.0007311125564753995
0.25,0.7,0.5,64,32,8,0,4096,0.0,0.0,0.0009369774073651883,0.0007311125564753995
0.25,0.7,0.5,64,2880,0,0,4096,0.0,0.0,0.0009369774073651883,0.0007311125564753995
0.25,0.7,0.5,128,32,1,0,4096,0.0,0.0,0.0009369774073651883,0.0007311125564753995
0.25,0.7,0.5,128,2880,0,0,4096,0.0,0.0,0.0009369774073651883,0.0007311125564753995
0.25,0.7,0.5,256,32,0,0,4096,0.0,0.0,0.0009369774073651883,0.0007311125564753995
0.25,0.7,0.5,256,2880,0,0,4096,0.0,0.0,0.0009369774073651883,0.0007311125564753995
0.25,0.7,0.5,512,32,0,0,4096,0.0,0.0,0.0009369774073651883,0.0007311125564753995
0.25,0.7,0.5,512,2880,0,0,4096,0.0,0.0,0.0009369774073651883,0.0007311125564753995
0.25,0.7,0.5,1024,32,0,0,4096,0.0,0.0,0.0009369774073651883,0.0007311125564753995
0.25,0.7,0.5,1024,2880,0,0,4096,0.0,0.0,0.0009369774073651883,0.0007311125564753995
0.25,0.7,0.5,2048,32,0,0,4096,0.0,0.0,0.0009369774073651883,0.0007311125564753995
0.25,0.7,0.5,2048,2880,0,0,4096,0.0,0.0,0.0009369774073651883,0.0007311125564753995
0.25,0.7,0.5,4096,32,0,0,4096,0.0,0.0,0.0009369774073651883,0.0007311125564753995
0.25,0.7,0.5,4096,2880,0,0,4096,0.0,0.0,0.0009369774073651883,0.0007311125564753995
0.25,0.7,1.0,4,32,0,0,4096,0.0,0.0,0.0009369774073651883,0.0007311125564753995
0.25,0.7,1.0,4,2880,0,0,4096,0.0,0.0,0.0009369774073651883,0.0007311125564753995
0.25,0.7,1.0,8,32,0,0,4096,0.0,0.0,0.0009369774073651883,0.0007311125564753995
0.25,0.7,1.0,8,2880,0,0,4096,0.0,0.0,0.0009369774073651883,0.0007311125564753995
0.25,0.7,1.0,16,32,0,0,4096,0.0,0.0,0.0009369774073651883,0.0007311125564753995
0.25,0.7,1.0,16,2880,0,0,4096,0.0,0.0,0.0009369774073651883,0.0007311125564753995
0.25,0.7,1.0,32,32,0,0,4096,0.0,0.0,0.0009369774073651883,0.0007311125564753995
0.25,0.7,1.0,32,2880,0,0,4096,0.0,0.0,0.0009369774073651883,0.0007311125564753995
0.25,0.7,1.0,64,32,2,0,4096,0.0,0.0,0.0009369774073651883,0.0007311125564753995
0.25,0.7,1.0,64,2880,0,0,4096,0.0,0.0,0.0009369774073651883,0.0007311125564753995
0.25,0.7,1.0,128,32,24,0,4096,0.0,0.0,0.0009369774073651883,0.0007311125564753995
0.25,0.7,1.0,128,2880,0,0,4096,0.0,0.0,0.0009369774073651883,0.0007311125564753995
0.25,0.7,1.0,256,32,3,0,4096,0.0,0.0,0.0009369774073651883,0.0007311125564753995
0.25,0.7,1.0,256,2880,0,0,4096,0.0,0.0,0.0009369774073651883,0.0007311125564753995
0.25,0.7,1.0,512,32,0,0,4096,0.0,0.0,0.0009369774073651883,0.0007311125564753995
0.25,0.7,1.0,512,2880,0,0,4096,0.0,0.0,0.0009369774073651883,0.0007311125564753995
0.25,0.7,1.0,1024,32,0,0,4096,0.0,0.0,0.0009369774073651883,0.0007311125564753995
0.25,0.7,1.0,1024,2880,0,0,4096,0.0,0.0,0.0009369774073651883,0.0007311125564753995
0.25,0.7,1.0,2048,32,0,0,4096,0.0,0.0,0.0009369774073651883,0.0007311125564753995
0.25,0.7,1.0,2048,2880,0,0,4096,0.0,0.0,0.0009369774073651883,0.0007311125564753995
0.25,0.7,1.0,4096,32,0,0,4096,0.0,0.0,0.0009369774073651883,0.0007311125564753995
0.25,0.7,1.0,4096,2880,0,0,4096,0.0,0.0,0.0009369774073651883,0.0007311125564753995
0.25,0.7,2.0,4,32,0,0,4096,0.0,0.0,0.0009369774073651883,0.0007311125564753995
0.25,0.7,2.0,4,2880,0,0,4096,0.0,0.0,0.0009369774073651883,0.0007311125564753995
0.25,0.7,2.0,8,32,0,0,4096,0.0,0.0,0.0009369774073651883,0.0007311125564753995
0.25,0.7,2.0,8,2880,0,0,4096,0.0,0.0,0.0009369774073651883,0.0007311125564753995
0.25,0.7,2.0,16,32,0,0,4096,0.0,0.0,0.0009369774073651883,0.0007311125564753995
0.25,0.7,2.0,16,2880,0,0,4096,0.0,0.0,0.0009369774073651883,0.0007311125564753995
0.25,0.7,2.0,32,32,0,0,4096,0.0,0.0,0.0009369774073651883,0.0007311125564753995
0.25,0.7,2.0,32,2880,0,0,4096,0.0,0.0,0.0009369774073651883,0.0007311125564753995
0.25,0.7,2.0,64,32,1,0,4096,0.0,0.0,0.0009369774073651883,0.0007311125564753995
0.25,0.7,2.0,64,2880,0,0,4096,0.0,0.0,0.0009369774073651883,0.0007311125564753995
0.25,0.7,2.0,128,32,232,0,4096,0.0,0.0,0.0009369774073651883,0.0007311125564753995
0.25,0.7,2.0,128,2880,0,0,4096,0.0,0.0,0.0009369774073651883,0.0007311125564753995
0.25,0.7,2.0,256,32,190,0,4096,0.0,0.0,0.0009369774073651883,0.0007311125564753995
0.25,0.7,2.0,256,2880,0,0,4096,0.0,0.0,0.0009369774073651883,0.0007311125564753995
0.25,0.7,2.0,512,32,113,0,4096,0.0,0.0,0.0009369774073651883,0.0007311125564753995
0.25,0.7,2.0,512,2880,0,0,4096,0.0,0.0,0.0009369774073651883,0.0007311125564753995
0.25,0.7,2.0,1024,32,16,0,4096,0.0,0.0,0.0009369774073651883,0.0007311125564753995
0.25,0.7,2.0,1024,2880,0,0,4096,0.0,0.0,0.0009369774073651883,0.0007311125564753995
0.25,0.7,2.0,2048,32,0,0,4096,0.0,0.0,0.0009369774073651883,0.0007311125564753995
0.25,0.7,2.0,2048,2880,0,0,4096,0.0,0.0,0.0009369774073651883,0.0007311125564753995
0.25,0.7,2.0,4096,32,0,0,4096,0.0,0.0,0.0009369774073651883,0.0007311125564753995
0.25,0.7,2.0,4096,2880,0,0,4096,0.0,0.0,0.0009369774073651883,0.0007311125564753995
0.25,1.0,0.0,4,32,0,0,4096,0.0,0.0,0.0009369774073651883,0.0007311125564753995
0.25,1.0,0.0,4,2880,0,0,4096,0.0,0.0,0.0009369774073651883,0.0007311125564753995
0.25,1.0,0.0,8,32,0,0,4096,0.0,0.0,0.0009369774073651883,0.0007311125564753995
0.25,1.0,0.0,8,2880,0,0,4096,0.0,0.0,0.0009369774073651883,0.0007311125564753995
0.25,1.0,0.0,16,32,0,0,4096,0.0,0.0,0.0009369774073651883,0.0007311125564753995
0.25,1.0,0.0,16,2880,0,0,4096,0.0,0.0,0.0009369774073651883,0.0007311125564753995
0.25,1.0,0.0,32,32,0,0,4096,0.0,0.0,0.0009369774073651883,0.0007311125564753995
0.25,1.0,0.0,32,2880,0,0,4096,0.0,0.0,0.0009369774073651883,0.0007311125564753995
0.25,1.0,0.0,64,32,0,0,4096,0.0,0.0,0.0009369774073651883,0.0007311125564753995
0.25,1.0,0.0,64,2880,0,0,4096,0.0,0.0,0.0009369774073651883,0.0007311125564753995
0.25,1.0,0.0,128,32,0,0,4096,0.0,0.0,0.0009369774073651883,0.0007311125564753995
0.25,1.0,0.0,128,2880,0,0,4096,0.0,0.0,0.0009369774073651883,0.0007311125564753995
0.25,1.0,0.0,256,32,0,0,4096,0.0,0.0,0.0009369774073651883,0.0007311125564753995
0.25,1.0,0.0,256,2880,0,0,4096,0.0,0.0,0.0009369774073651883,0.0007311125564753995
0.25,1.0,0.0,512,32,0,0,4096,0.0,0.0,0.0009369774073651883,0.0007311125564753995
0.25,1.0,0.0,512,2880,0,0,4096,0.0,0.0,0.0009369774073651883,0.0007311125564753995
0.25,1.0,0.0,1024,32,0,0,4096,0.0,0.0,0.0009369774073651883,0.0007311125564753995
0.25,1.0,0.0,1024,2880,0,0,4096,0.0,0.0,0.0009369774073651883,0.0007311125564753995
0.25,1.0,0.0,2048,32,0,0,4096,0.0,0.0,0.0009369774073651883,0.0007311125564753995
0.25,1.0,0.0,2048,2880,0,0,4096,0.0,0.0,0.0009369774073651883,0.0007311125564753995
0.25,1.0,0.0,4096,32,0,0,4096,0.0,0.0,0.0009369774073651883,0.0007311125564753995
0.25,1.0,0.0,4096,2880,0,0,4096,0.0,0.0,0.0009369774073651883,0.0007311125564753995
0.25,1.0,0.5,4,32,0,0,4096,0.0,0.0,0.0009369774073651883,0.0007311125564753995
0.25,1.0,0.5,4,2880,0,0,4096,0.0,0.0,0.0009369774073651883,0.0007311125564753995
0.25,1.0,0.5,8,32,0,0,4096,0.0,0.0,0.0009369774073651883,0.0007311125564753995
0.25,1.0,0.5,8,2880,0,0,4096,0.0,0.0,0.0009369774073651883,0.0007311125564753995
0.25,1.0,0.5,16,32,0,0,4096,0.0,0.0,0.0009369774073651883,0.0007311125564753995
0.25,1.0,0.5,16,2880,0,0,4096,0.0,0.0,0.0009369774073651883,0.0007311125564753995
0.25,1.0,0.5,32,32,0,0,4096,0.0,0.0,0.0009369774073651883,0.0007311125564753995
0.25,1.0,0.5,32,2880,0,0,4096,0.0,0.0,0.0009369774073651883,0.0007311125564753995
0.25,1.0,0.5,64,32,0,0,4096,0.0,0.0,0.0009369774073651883,0.0007311125564753995
0.25,1.0,0.5,64,2880,0,0,4096,0.0,0.0,0.0009369774073651883,0.0007311125564753995
0.25,1.0,0.5,128,32,0,0,4096,0.0,0.0,0.0009369774073651883,0.0007311125564753995
0.25,1.0,0.5,128,2880,0,0,4096,0.0,0.0,0.0009369774073651883,0.0007311125564753995
0.25,1.0,0.5,256,32,0,0,4096,0.0,0.0,0.0009369774073651883,0.0007311125564753995
0.25,1.0,0.5,256,2880,0,0,4096,0.0,0.0,0.0009369774073651883,0.0007311125564753995
0.25,1.0,0.5,512,32,0,0,4096,0.0,0.0,0.0009369774073651883,0.0007311125564753995
0.25,1.0,0.5,512,2880,0,0,4096,0.0,0.0,0.0009369774073651883,0.0007311125564753995
0.25,1.0,0.5,1024,32,0,0,4096,0.0,0.0,0.0009369774073651883,0.0007311125564753995
0.25,1.0,0.5,1024,2880,0,0,4096,0.0,0.0,0.0009369774073651883,0.0007311125564753995
0.25,1.0,0.5,2048,32,0,0,4096,0.0,0.0,0.0009369774073651883,0.0007311125564753995
0.25,1.0,0.5,2048,2880,0,0,4096,0.0,0.0,0.0009369774073651883,0.0007311125564753995
0.25,1.0,0.5,4096,32,0,0,4096,0.0,0.0,0.0009369774073651883,0.0007311125564753995
0.25,1.0,0.5,4096,2880,0,0,4096,0.0,0.0,0.0009369774073651883,0.0007311125564753995
0.25,1.0,1.0,4,32,0,0,4096,0.0,0.0,0.0009369774073651883,0.0007311125564753995
0.25,1.0,1.0,4,2880,0,0,4096,0.0,0.0,0.0009369774073651883,0.0007311125564753995
0.25,1.0,1.0,8,32,0,0,4096,0.0,0.0,0.0009369774073651883,0.0007311125564753995
0.25,1.0,1.0,8,2880,0,0,4096,0.0,0.0,0.0009369774073651883,0.0007311125564753995
0.25,1.0,1.0,16,32,0,0,4096,0.0,0.0,0.0009369774073651883,0.0007311125564753995
0.25,1.0,1.0,16,2880,0,0,4096,0.0,0.0,0.0009369774073651883,0.0007311125564753995
0.25,1.0,1.0,32,32,0,0,4096,0.0,0.0,0.0009369774073651883,0.0007311125564753995
0.25,1.0,1.0,32,2880,0,0,4096,0.0,0.0,0.0009369774073651883,0.0007311125564753995
0.25,1.0,1.0,64,32,4,2,4096,0.00048828125,0.00013391454481334652,0.0017787103455524616,
0.25,1.0,1.0,64,2880,0,0,4096,0.0,0.0,0.0009369774073651883,0.0007311125564753995
0.25,1.0,1.0,128,32,0,0,4096,0.0,0.0,0.0009369774073651883,0.0007311125564753995
0.25,1.0,1.0,128,2880,0,0,4096,0.0,0.0,0.0009369774073651883,0.0007311125564753995
0.25,1.0,1.0,256,32,0,0,4096,0.0,0.0,0.0009369774073651883,0.0007311125564753995
0.25,1.0,1.0,256,2880,0,0,4096,0.0,0.0,0.0009369774073651883,0.0007311125564753995
0.25,1.0,1.0,512,32,0,0,4096,0.0,0.0,0.0009369774073651883,0.0007311125564753995
0.25,1.0,1.0,512,2880,0,0,4096,0.0,0.0,0.0009369774073651883,0.0007311125564753995
0.25,1.0,1.0,1024,32,0,0,4096,0.0,0.0,0.0009369774073651883,0.0007311125564753995
0.25,1.0,1.0,1024,2880,0,0,4096,0.0,0.0,0.0009369774073651883,0.0007311125564753995
0.25,1.0,1.0,2048,32,0,0,4096,0.0,0.0,0.0009369774073651883,0.0007311125564753995
0.25,1.0,1.0,2048,2880,0,0,4096,0.0,0.0,0.0009369774073651883,0.0007311125564753995
0.25,1.0,1.0,4096,32,0,0,4096,0.0,0.0,0.0009369774073651883,0.0007311125564753995
0.25,1.0,1.0,4096,2880,0,0,4096,0.0,0.0,0.0009369774073651883,0.0007311125564753995
0.25,1.0,2.0,4,32,0,0,4096,0.0,0.0,0.0009369774073651883,0.0007311125564753995
0.25,1.0,2.0,4,2880,0,0,4096,0.0,0.0,0.0009369774073651883,0.0007311125564753995
0.25,1.0,2.0,8,32,0,0,4096,0.0,0.0,0.0009369774073651883,0.0007311125564753995
0.25,1.0,2.0,8,2880,0,0,4096,0.0,0.0,0.0009369774073651883,0.0007311125564753995
0.25,1.0,2.0,16,32,0,0,4096,0.0,0.0,0.0009369774073651883,0.0007311125564753995
0.25,1.0,2.0,16,2880,0,0,4096,0.0,0.0,0.0009369774073651883,0.0007311125564753995
0.25,1.0,2.0,32,32,0,0,4096,0.0,0.0,0.0009369774073651883,0.0007311125564753995
0.25,1.0,2.0,32,2880,0,0,4096,0.0,0.0,0.0009369774073651883,0.0007311125564753995
0.25,1.0,2.0,64,32,0,0,4096,0.0,0.0,0.0009369774073651883,0.0007311125564753995
0.25,1.0,2.0,64,2880,0,0,4096,0.0,0.0,0.0009369774073651883,0.0007311125564753995
0.25,1.0,2.0,128,32,43,0,4096,0.0,0.0,0.0009369774073651883,0.0007311125564753995
0.25,1.0,2.0,128,2880,0,0,4096,0.0,0.0,0.0009369774073651883,0.0007311125564753995
0.25,1.0,2.0,256,32,9,0,4096,0.0,0.0,0.0009369774073651883,0.0007311125564753995
0.25,1.0,2.0,256,2880,0,0,4096,0.0,0.0,0.0009369774073651883,0.0007311125564753995
0.25,1.0,2.0,512,32,0,0,4096,0.0,0.0,0.0009369774073651883,0.0007311125564753995
0.25,1.0,2.0,512,2880,0,0,4096,0.0,0.0,0.0009369774073651883,0.0007311125564753995
0.25,1.0,2.0,1024,32,0,0,4096,0.0,0.0,0.0009369774073651883,0.0007311125564753995
0.25,1.0,2.0,1024,2880,0,0,4096,0.0,0.0,0.0009369774073651883,0.0007311125564753995
0.25,1.0,2.0,2048,32,0,0,4096,0.0,0.0,0.0009369774073651883,0.0007311125564753995
0.25,1.0,2.0,2048,2880,0,0,4096,0.0,0.0,0.0009369774073651883,0.0007311125564753995
0.25,1.0,2.0,4096,32,0,0,4096,0.0,0.0,0.0009369774073651883,0.0007311125564753995
0.25,1.0,2.0,4096,2880,0,0,4096,0.0,0.0,0.0009369774073651883,0.0007311125564753995
0.3,0.2,0.0,4,32,0,0,4096,0.0,0.0,0.0009369774073651883,0.0007311125564753995
0.3,0.2,0.0,4,2880,0,0,4096,0.0,0.0,0.0009369774073651883,0.0007311125564753995
0.3,0.2,0.0,8,32,0,0,4096,0.0,0.0,0.0009369774073651883,0.0007311125564753995
0.3,0.2,0.0,8,2880,0,0,4096,0.0,0.0,0.0009369774073651883,0.0007311125564753995
0.3,0.2,0.0,16,32,0,0,4096,0.0,0.0,0.0009369774073651883,0.0007311125564753995
0.3,0.2,0.0,16,2880,0,0,4096,0.0,0.0,0.0009369774073651883,0.0007311125564753995
0.3,0.2,0.0,32,32,0,0,4096,0.0,0.0,0.0009369774073651883,0.0007311125564753995
0.3,0.2,0.0,32,2880,0,0,4096,0.0,0.0,0.0009369774073651883,0.0007311125564753995
0.3,0.2,0.0,64,32,4,0,4096,0.0,0.0,0.0009369774073651883,0.0007311125564753995
0.3,0.2,0.0,64,2880,0,0,4096,0.0,0.0,0.0009369774073651883,0.0007311125564753995
0.3,0.2,0.0,128,32,3842,0,4096,0.0,0.0,0.0009369774073651883,0.0007311125564753995
0.3,0.2,0.0,128,2880,0,0,4096,0.0,0.0,0.0009369774073651883,0.0007311125564753995
0.3,0.2,0.0,256,32,4096,0,4096,0.0,0.0,0.0009369774073651883,0.0007311125564753995
0.3,0.2,0.0,256,2880,0,0,4096,0.0,0.0,0.0009369774073651883,0.0007311125564753995
0.3,0.2,0.0,512,32,4096,0,4096,0.0,0.0,0.0009369774073651883,0.0007311125564753995
0.3,0.2,0.0,512,2880,0,0,4096,0.0,0.0,0.0009369774073651883,0.0007311125564753995
0.3,0.2,0.0,1024,32,4096,0,4096,0.0,0.0,0.0009369774073651883,0.0007311125564753995
0.3,0.2,0.0,1024,2880,0,0,4096,0.0,0.0,0.0009369774073651883,0.0007311125564753995
0.3,0.2,0.0,2048,32,4096,0,4096,0.0,0.0,0.0009369774073651883,0.0007311125564753995
0.3,0.2,0.0,2048,2880,0,0,4096,0.0,0.0,0.0009369774073651883,0.0007311125564753995
0.3,0.2,0.0,4096,32,4096,0,4096,0.0,0.0,0.0009369774073651883,0.0007311125564753995
0.3,0.2,0.0,4096,2880,0,0,4096,0.0,0.0,0.0009369774073651883,0.0007311125564753995
0.3,0.2,0.5,4,32,0,0,4096,0.0,0.0,0.0009369774073651883,0.0007311125564753995
0.3,0.2,0.5,4,2880,0,0,4096,0.0,0.0,0.0009369774073651883,0.0007311125564753995
0.3,0.2,0.5,8,32,0,0,4096,0.0,0.0,0.0009369774073651883,0.0007311125564753995
0.3,0.2,0.5,8,2880,0,0,4096,0.0,0.0,0.0009369774073651883,0.0007311125564753995
0.3,0.2,0.5,16,32,0,0,4096,0.0,0.0,0.0009369774073651883,0.0007311125564753995
0.3,0.2,0.5,16,2880,0,0,4096,0.0,0.0,0.0009369774073651883,0.0007311125564753995
0.3,0.2,0.5,32,32,0,0,4096,0.0,0.0,0.0009369774073651883,0.0007311125564753995
0.3,0.2,0.5,32,2880,0,0,4096,0.0,0.0,0.0009369774073651883,0.0007311125564753995
0.3,0.2,0.5,64,32,4,0,4096,0.0,0.0,0.0009369774073651883,0.0007311125564753995
0.3,0.2,0.5,64,2880,0,0,4096,0.0,0.0,0.0009369774073651883,0.0007311125564753995
0.3,0.2,0.5,128,32,3842,0,4096,0.0,0.0,0.0009369774073651883,0.0007311125564753995
0.3,0.2,0.5,128,2880,0,0,4096,0.0,0.0,0.0009369774073651883,0.0007311125564753995
0.3,0.2,0.5,256,32,4096,0,4096,0.0,0.0,0.0009369774073651883,0.0007311125564753995
0.3,0.2,0.5,256,2880,0,0,4096,0.0,0.0,0.0009369774073651883,0.0007311125564753995
0.3,0.2,0.5,512,32,4096,0,4096,0.0,0.0,0.0009369774073651883,0.0007311125564753995
0.3,0.2,0.5,512,2880,0,0,4096,0.0,0.0,0.0009369774073651883,0.0007311125564753995
0.3,0.2,0.5,1024,32,4096,0,4096,0.0,0.0,0.0009369774073651883,0.0007311125564753995
0.3,0.2,0.5,1024,2880,0,0,4096,0.0,0.0,0.0009369774073651883,0.0007311125564753995
0.3,0.2,0.5,2048,32,4096,0,4096,0.0,0.0,0.0009369774073651883,0.0007311125564753995
0.3,0.2,0.5,2048,2880,0,0,4096,0.0,0.0,0.0009369774073651883,0.0007311125564753995
0.3,0.2,0.5,4096,32,4096,0,4096,0.0,0.0,0.0009369774073651883,0.0007311125564753995
0.3,0.2,0.5,4096,2880,0,0,4096,0.0,0.0,0.0009369774073651883,0.0007311125564753995
0.3,0.2,1.0,4,32,0,0,4096,0.0,0.0,0.0009369774073651883,0.0007311125564753995
0.3,0.2,1.0,4,2880,0,0,4096,0.0,0.0,0.0009369774073651883,0.0007311125564753995
0.3,0.2,1.0,8,32,0,0,4096,0.0,0.0,0.0009369774073651883,0.0007311125564753995
0.3,0.2,1.0,8,2880,0,0,4096,0.0,0.0,0.0009369774073651883,0.0007311125564753995
0.3,0.2,1.0,16,32,0,0,4096,0.0,0.0,0.0009369774073651883,0.0007311125564753995
0.3,0.2,1.0,16,2880,0,0,4096,0.0,0.0,0.0009369774073651883,0.0007311125564753995
0.3,0.2,1.0,32,32,0,0,4096,0.0,0.0,0.0009369774073651883,0.0007311125564753995
0.3,0.2,1.0,32,2880,0,0,4096,0.0,0.0,0.0009369774073651883,0.0007311125564753995
0.3,0.2,1.0,64,32,4,0,4096,0.0,0.0,0.0009369774073651883,0.0007311125564753995
0.3,0.2,1.0,64,2880,0,0,4096,0.0,0.0,0.0009369774073651883,0.0007311125564753995
0.3,0.2,1.0,128,32,3840,0,4096,0.0,0.0,0.0009369774073651883,0.0007311125564753995
0.3,0.2,1.0,128,2880,0,0,4096,0.0,0.0,0.0009369774073651883,0.0007311125564753995
0.3,0.2,1.0,256,32,4096,0,4096,0.0,0.0,0.0009369774073651883,0.0007311125564753995
0.3,0.2,1.0,256,2880,0,0,4096,0.0,0.0,0.0009369774073651883,0.0007311125564753995
0.3,0.2,1.0,512,32,4096,0,4096,0.0,0.0,0.0009369774073651883,0.0007311125564753995
0.3,0.2,1.0,512,2880,0,0,4096,0.0,0.0,0.0009369774073651883,0.0007311125564753995
0.3,0.2,1.0,1024,32,4096,0,4096,0.0,0.0,0.0009369774073651883,0.0007311125564753995
0.3,0.2,1.0,1024,2880,0,0,4096,0.0,0.0,0.0009369774073651883,0.0007311125564753995
0.3,0.2,1.0,2048,32,4096,0,4096,0.0,0.0,0.0009369774073651883,0.0007311125564753995
0.3,0.2,1.0,2048,2880,0,0,4096,0.0,0.0,0.0009369774073651883,0.0007311125564753995
0.3,0.2,1.0,4096,32,4096,0,4096,0.0,0.0,0.0009369774073651883,0.0007311125564753995
0.3,0.2,1.0,4096,2880,0,0,4096,0.0,0.0,0.0009369774073651883,0.0007311125564753995
0.3,0.2,2.0,4,32,0,0,4096,0.0,0.0,0.0009369774073651883,0.0007311125564753995
0.3,0.2,2.0,4,2880,0,0,4096,0.0,0.0,0.0009369774073651883,0.0007311125564753995
0.3,0.2,2.0,8,32,0,0,4096,0.0,0.0,0.0009369774073651883,0.0007311125564753995
0.3,0.2,2.0,8,2880,0,0,4096,0.0,0.0,0.0009369774073651883,0.0007311125564753995
0.3,0.2,2.0,16,32,0,0,4096,0.0,0.0,0.0009369774073651883,0.0007311125564753995
0.3,0.2,2.0,16,2880,0,0,4096,0.0,0.0,0.0009369774073651883,0.0007311125564753995
0.3,0.2,2.0,32,32,0,0,4096,0.0,0.0,0.0009369774073651883,0.0007311125564753995
0.3,0.2,2.0,32,2880,0,0,4096,0.0,0.0,0.0009369774073651883,0.0007311125564753995
0.3,0.2,2.0,64,32,4,0,4096,0.0,0.0,0.0009369774073651883,0.0007311125564753995
0.3,0.2,2.0,64,2880,0,0,4096,0.0,0.0,0.0009369774073651883,0.0007311125564753995
0.3,0.2,2.0,128,32,3840,0,4096,0.0,0.0,0.0009369774073651883,0.0007311125564753995
0.3,0.2,2.0,128,2880,0,0,4096,0.0,0.0,0.0009369774073651883,0.0007311125564753995
0.3,0.2,2.0,256,32,4096,0,4096,0.0,0.0,0.0009369774073651883,0.0007311125564753995
0.3,0.2,2.0,256,2880,0,0,4096,0.0,0.0,0.0009369774073651883,0.0007311125564753995
0.3,0.2,2.0,512,32,4096,0,4096,0.0,0.0,0.0009369774073651883,0.0007311125564753995
0.3,0.2,2.0,512,2880,0,0,4096,0.0,0.0,0.0009369774073651883,0.0007311125564753995
0.3,0.2,2.0,1024,32,4096,0,4096,0.0,0.0,0.0009369774073651883,0.0007311125564753995
0.3,0.2,2.0,1024,2880,0,0,4096,0.0,0.0,0.0009369774073651883,0.0007311125564753995
0.3,0.2,2.0,2048,32,4096,0,4096,0.0,0.0,0.0009369774073651883,0.0007311125564753995
0.3,0.2,2.0,2048,2880,0,0,4096,0.0,0.0,0.0009369774073651883,0.0007311125564753995
0.3,0.2,2.0,4096,32,4096,0,4096,0.0,0.0,0.0009369774073651883,0.0007311125564753995
0.3,0.2,2.0,4096,2880,0,0,4096,0.0,0.0,0.0009369774073651883,0.0007311125564753995
0.3,0.4,0.0,4,32,0,0,4096,0.0,0.0,0.0009369774073651883,0.0007311125564753995
0.3,0.4,0.0,4,2880,0,0,4096,0.0,0.0,0.0009369774073651883,0.0007311125564753995
0.3,0.4,0.0,8,32,0,0,4096,0.0,0.0,0.0009369774073651883,0.0007311125564753995
0.3,0.4,0.0,8,2880,0,0,4096,0.0,0.0,0.0009369774073651883,0.0007311125564753995
0.3,0.4,0.0,16,32,0,0,4096,0.0,0.0,0.0009369774073651883,0.0007311125564753995
0.3,0.4,0.0,16,2880,0,0,4096,0.0,0.0,0.0009369774073651883,0.0007311125564753995
0.3,0.4,0.0,32,32,0,0,4096,0.0,0.0,0.0009369774073651883,0.0007311125564753995
0.3,0.4,0.0,32,2880,0,0,4096,0.0,0.0,0.0009369774073651883,0.0007311125564753995
0.3,0.4,0.0,64,32,11,0,4096,0.0,0.0,0.0009369774073651883,0.0007311125564753995
0.3,0.4,0.0,64,2880,0,0,4096,0.0,0.0,0.0009369774073651883,0.0007311125564753995
0.3,0.4,0.0,128,32,4087,0,4096,0.0,0.0,0.0009369774073651883,0.0007311125564753995
0.3,0.4,0.0,128,2880,0,0,4096,0.0,0.0,0.0009369774073651883,0.0007311125564753995
0.3,0.4,0.0,256,32,4096,0,4096,0.0,0.0,0.0009369774073651883,0.0007311125564753995
0.3,0.4,0.0,256,2880,0,0,4096,0.0,0.0,0.0009369774073651883,0.0007311125564753995
0.3,0.4,0.0,512,32,4096,0,4096,0.0,0.0,0.0009369774073651883,0.0007311125564753995
0.3,0.4,0.0,512,2880,0,0,4096,0.0,0.0,0.0009369774073651883,0.0007311125564753995
0.3,0.4,0.0,1024,32,4096,0,4096,0.0,0.0,0.0009369774073651883,0.0007311125564753995
0.3,0.4,0.0,1024,2880,0,0,4096,0.0,0.0,0.0009369774073651883,0.0007311125564753995
0.3,0.4,0.0,2048,32,4095,0,4096,0.0,0.0,0.0009369774073651883,0.0007311125564753995
0.3,0.4,0.0,2048,2880,0,0,4096,0.0,0.0,0.0009369774073651883,0.0007311125564753995
0.3,0.4,0.0,4096,32,4095,0,4096,0.0,0.0,0.0009369774073651883,0.0007311125564753995
0.3,0.4,0.0,4096,2880,0,0,4096,0.0,0.0,0.0009369774073651883,0.0007311125564753995
0.3,0.4,0.5,4,32,0,0,4096,0.0,0.0,0.0009369774073651883,0.0007311125564753995
0.3,0.4,0.5,4,2880,0,0,4096,0.0,0.0,0.0009369774073651883,0.0007311125564753995
0.3,0.4,0.5,8,32,0,0,4096,0.0,0.0,0.0009369774073651883,0.0007311125564753995
0.3,0.4,0.5,8,2880,0,0,4096,0.0,0.0,0.0009369774073651883,0.0007311125564753995
0.3,0.4,0.5,16,32,0,0,4096,0.0,0.0,0.0009369774073651883,0.0007311125564753995
0.3,0.4,0.5,16,2880,0,0,4096,0.0,0.0,0.0009369774073651883,0.0007311125564753995
0.3,0.4,0.5,32,32,0,0,4096,0.0,0.0,0.0009369774073651883,0.0007311125564753995
0.3,0.4,0.5,32,2880,0,0,4096,0.0,0.0,0.0009369774073651883,0.0007311125564753995
0.3,0.4,0.5,64,32,11,0,4096,0.0,0.0,0.0009369774073651883,0.0007311125564753995
0.3,0.4,0.5,64,2880,0,0,4096,0.0,0.0,0.0009369774073651883,0.0007311125564753995
0.3,0.4,0.5,128,32,4087,0,4096,0.0,0.0,0.0009369774073651883,0.0007311125564753995
0.3,0.4,0.5,128,2880,0,0,4096,0.0,0.0,0.0009369774073651883,0.0007311125564753995
0.3,0.4,0.5,256,32,4096,0,4096,0.0,0.0,0.0009369774073651883,0.0007311125564753995
0.3,0.4,0.5,256,2880,0,0,4096,0.0,0.0,0.0009369774073651883,0.0007311125564753995
0.3,0.4,0.5,512,32,4096,0,4096,0.0,0.0,0.0009369774073651883,0.0007311125564753995
0.3,0.4,0.5,512,2880,0,0,4096,0.0,0.0,0.0009369774073651883,0.0007311125564753995
0.3,0.4,0.5,1024,32,4096,0,4096,0.0,0.0,0.0009369774073651883,0.0007311125564753995
0.3,0.4,0.5,1024,2880,0,0,4096,0.0,0.0,0.0009369774073651883,0.0007311125564753995
0.3,0.4,0.5,2048,32,4095,0,4096,0.0,0.0,0.0009369774073651883,0.0007311125564753995
0.3,0.4,0.5,2048,2880,0,0,4096,0.0,0.0,0.0009369774073651883,0.0007311125564753995
0.3,0.4,0.5,4096,32,4095,0,4096,0.0,0.0,0.0009369774073651883,0.0007311125564753995
0.3,0.4,0.5,4096,2880,0,0,4096,0.0,0.0,0.0009369774073651883,0.0007311125564753995
0.3,0.4,1.0,4,32,0,0,4096,0.0,0.0,0.0009369774073651883,0.0007311125564753995
0.3,0.4,1.0,4,2880,0,0,4096,0.0,0.0,0.0009369774073651883,0.0007311125564753995
0.3,0.4,1.0,8,32,0,0,4096,0.0,0.0,0.0009369774073651883,0.0007311125564753995
0.3,0.4,1.0,8,2880,0,0,4096,0.0,0.0,0.0009369774073651883,0.0007311125564753995
0.3,0.4,1.0,16,32,0,0,4096,0.0,0.0,0.0009369774073651883,0.0007311125564753995
0.3,0.4,1.0,16,2880,0,0,4096,0.0,0.0,0.0009369774073651883,0.0007311125564753995
0.3,0.4,1.0,32,32,0,0,4096,0.0,0.0,0.0009369774073651883,0.0007311125564753995
0.3,0.4,1.0,32,2880,0,0,4096,0.0,0.0,0.0009369774073651883,0.0007311125564753995
0.3,0.4,1.0,64,32,8,0,4096,0.0,0.0,0.0009369774073651883,0.0007311125564753995
0.3,0.4,1.0,64,2880,0,0,4096,0.0,0.0,0.0009369774073651883,0.0007311125564753995
0.3,0.4,1.0,128,32,4028,0,4096,0.0,0.0,0.0009369774073651883,0.0007311125564753995
0.3,0.4,1.0,128,2880,0,0,4096,0.0,0.0,0.0009369774073651883,0.0007311125564753995
0.3,0.4,1.0,256,32,4096,0,4096,0.0,0.0,0.0009369774073651883,0.0007311125564753995
0.3,0.4,1.0,256,2880,0,0,4096,0.0,0.0,0.0009369774073651883,0.0007311125564753995
0.3,0.4,1.0,512,32,4096,0,4096,0.0,0.0,0.0009369774073651883,0.0007311125564753995
0.3,0.4,1.0,512,2880,0,0,4096,0.0,0.0,0.0009369774073651883,0.0007311125564753995
0.3,0.4,1.0,1024,32,4096,0,4096,0.0,0.0,0.0009369774073651883,0.0007311125564753995
0.3,0.4,1.0,1024,2880,0,0,4096,0.0,0.0,0.0009369774073651883,0.0007311125564753995
0.3,0.4,1.0,2048,32,4096,0,4096,0.0,0.0,0.0009369774073651883,0.0007311125564753995
0.3,0.4,1.0,2048,2880,0,0,4096,0.0,0.0,0.0009369774073651883,0.0007311125564753995
0.3,0.4,1.0,4096,32,4096,0,4096,0.0,0.0,0.0009369774073651883,0.0007311125564753995
0.3,0.4,1.0,4096,2880,0,0,4096,0.0,0.0,0.0009369774073651883,0.0007311125564753995
0.3,0.4,2.0,4,32,0,0,4096,0.0,0.0,0.0009369774073651883,0.0007311125564753995
0.3,0.4,2.0,4,2880,0,0,4096,0.0,0.0,0.0009369774073651883,0.0007311125564753995
0.3,0.4,2.0,8,32,0,0,4096,0.0,0.0,0.0009369774073651883,0.0007311125564753995
0.3,0.4,2.0,8,2880,0,0,4096,0.0,0.0,0.0009369774073651883,0.0007311125564753995
0.3,0.4,2.0,16,32,0,0,4096,0.0,0.0,0.0009369774073651883,0.0007311125564753995
0.3,0.4,2.0,16,2880,0,0,4096,0.0,0.0,0.0009369774073651883,0.0007311125564753995
0.3,0.4,2.0,32,32,0,0,4096,0.0,0.0,0.0009369774073651883,0.0007311125564753995
0.3,0.4,2.0,32,2880,0,0,4096,0.0,0.0,0.0009369774073651883,0.0007311125564753995
0.3,0.4,2.0,64,32,8,0,4096,0.0,0.0,0.0009369774073651883,0.0007311125564753995
0.3,0.4,2.0,64,2880,0,0,4096,0.0,0.0,0.0009369774073651883,0.0007311125564753995
0.3,0.4,2.0,128,32,3891,0,4096,0.0,0.0,0.0009369774073651883,0.0007311125564753995
0.3,0.4,2.0,128,2880,0,0,4096,0.0,0.0,0.0009369774073651883,0.0007311125564753995
0.3,0.4,2.0,256,32,4096,0,4096,0.0,0.0,0.0009369774073651883,0.0007311125564753995
0.3,0.4,2.0,256,2880,0,0,4096,0.0,0.0,0.0009369774073651883,0.0007311125564753995
0.3,0.4,2.0,512,32,4096,0,4096,0.0,0.0,0.0009369774073651883,0.0007311125564753995
0.3,0.4,2.0,512,2880,0,0,4096,0.0,0.0,0.0009369774073651883,0.0007311125564753995
0.3,0.4,2.0,1024,32,4096,0,4096,0.0,0.0,0.0009369774073651883,0.0007311125564753995
0.3,0.4,2.0,1024,2880,0,0,4096,0.0,0.0,0.0009369774073651883,0.0007311125564753995
0.3,0.4,2.0,2048,32,4096,0,4096,0.0,0.0,0.0009369774073651883,0.0007311125564753995
0.3,0.4,2.0,2048,2880,0,0,4096,0.0,0.0,0.0009369774073651883,0.0007311125564753995
0.3,0.4,2.0,4096,32,4096,0,4096,0.0,0.0,0.0009369774073651883,0.0007311125564753995
0.3,0.4,2.0,4096,2880,0,0,4096,0.0,0.0,0.0009369774073651883,0.0007311125564753995
0.3,0.7,0.0,4,32,0,0,4096,0.0,0.0,0.0009369774073651883,0.0007311125564753995
0.3,0.7,0.0,4,2880,0,0,4096,0.0,0.0,0.0009369774073651883,0.0007311125564753995
0.3,0.7,0.0,8,32,0,0,4096,0.0,0.0,0.0009369774073651883,0.0007311125564753995
0.3,0.7,0.0,8,2880,0,0,4096,0.0,0.0,0.0009369774073651883,0.0007311125564753995
0.3,0.7,0.0,16,32,0,0,4096,0.0,0.0,0.0009369774073651883,0.0007311125564753995
0.3,0.7,0.0,16,2880,0,0,4096,0.0,0.0,0.0009369774073651883,0.0007311125564753995
0.3,0.7,0.0,32,32,0,0,4096,0.0,0.0,0.0009369774073651883,0.0007311125564753995
0.3,0.7,0.0,32,2880,0,0,4096,0.0,0.0,0.0009369774073651883,0.0007311125564753995
0.3,0.7,0.0,64,32,13,0,4096,0.0,0.0,0.0009369774073651883,0.0007311125564753995
0.3,0.7,0.0,64,2880,0,0,4096,0.0,0.0,0.0009369774073651883,0.0007311125564753995
0.3,0.7,0.0,128,32,26,0,4096,0.0,0.0,0.0009369774073651883,0.0007311125564753995
0.3,0.7,0.0,128,2880,0,0,4096,0.0,0.0,0.0009369774073651883,0.0007311125564753995
0.3,0.7,0.0,256,32,4,0,4096,0.0,0.0,0.0009369774073651883,0.0007311125564753995
0.3,0.7,0.0,256,2880,0,0,4096,0.0,0.0,0.0009369774073651883,0.0007311125564753995
0.3,0.7,0.0,512,32,0,0,4096,0.0,0.0,0.0009369774073651883,0.0007311125564753995
0.3,0.7,0.0,512,2880,0,0,4096,0.0,0.0,0.0009369774073651883,0.0007311125564753995
0.3,0.7,0.0,1024,32,0,0,4096,0.0,0.0,0.0009369774073651883,0.0007311125564753995
0.3,0.7,0.0,1024,2880,0,0,4096,0.0,0.0,0.0009369774073651883,0.0007311125564753995
0.3,0.7,0.0,2048,32,0,0,4096,0.0,0.0,0.0009369774073651883,0.0007311125564753995
0.3,0.7,0.0,2048,2880,0,0,4096,0.0,0.0,0.0009369774073651883,0.0007311125564753995
0.3,0.7,0.0,4096,32,0,0,4096,0.0,0.0,0.0009369774073651883,0.0007311125564753995
0.3,0.7,0.0,4096,2880,0,0,4096,0.0,0.0,0.0009369774073651883,0.0007311125564753995
0.3,0.7,0.5,4,32,0,0,4096,0.0,0.0,0.0009369774073651883,0.0007311125564753995
0.3,0.7,0.5,4,2880,0,0,4096,0.0,0.0,0.0009369774073651883,0.0007311125564753995
0.3,0.7,0.5,8,32,0,0,4096,0.0,0.0,0.0009369774073651883,0.0007311125564753995
0.3,0.7,0.5,8,2880,0,0,4096,0.0,0.0,0.0009369774073651883,0.0007311125564753995
0.3,0.7,0.5,16,32,0,0,4096,0.0,0.0,0.0009369774073651883,0.0007311125564753995
0.3,0.7,0.5,16,2880,0,0,4096,0.0,0.0,0.0009369774073651883,0.0007311125564753995
0.3,0.7,0.5,32,32,0,0,4096,0.0,0.0,0.0009369774073651883,0.0007311125564753995
0.3,0.7,0.5,32,2880,0,0,4096,0.0,0.0,0.0009369774073651883,0.0007311125564753995
0.3,0.7,0.5,64,32,13,0,4096,0.0,0.0,0.0009369774073651883,0.0007311125564753995
0.3,0.7,0.5,64,2880,0,0,4096,0.0,0.0,0.0009369774073651883,0.0007311125564753995
0.3,0.7,0.5,128,32,26,0,4096,0.0,0.0,0.0009369774073651883,0.0007311125564753995
0.3,0.7,0.5,128,2880,0,0,4096,0.0,0.0,0.0009369774073651883,0.0007311125564753995
0.3,0.7,0.5,256,32,4,0,4096,0.0,0.0,0.0009369774073651883,0.0007311125564753995
0.3,0.7,0.5,256,2880,0,0,4096,0.0,0.0,0.0009369774073651883,0.0007311125564753995
0.3,0.7,0.5,512,32,0,0,4096,0.0,0.0,0.0009369774073651883,0.0007311125564753995
0.3,0.7,0.5,512,2880,0,0,4096,0.0,0.0,0.0009369774073651883,0.0007311125564753995
0.3,0.7,0.5,1024,32,0,0,4096,0.0,0.0,0.0009369774073651883,0.0007311125564753995
0.3,0.7,0.5,1024,2880,0,0,4096,0.0,0.0,0.0009369774073651883,0.0007311125564753995
0.3,0.7,0.5,2048,32,0,0,4096,0.0,0.0,0.0009369774073651883,0.0007311125564753995
0.3,0.7,0.5,2048,2880,0,0,4096,0.0,0.0,0.0009369774073651883,0.0007311125564753995
0.3,0.7,0.5,4096,32,0,0,4096,0.0,0.0,0.0009369774073651883,0.0007311125564753995
0.3,0.7,0.5,4096,2880,0,0,4096,0.0,0.0,0.0009369774073651883,0.0007311125564753995
0.3,0.7,1.0,4,32,0,0,4096,0.0,0.0,0.0009369774073651883,0.0007311125564753995
0.3,0.7,1.0,4,2880,0,0,4096,0.0,0.0,0.0009369774073651883,0.0007311125564753995
0.3,0.7,1.0,8,32,0,0,4096,0.0,0.0,0.0009369774073651883,0.0007311125564753995
0.3,0.7,1.0,8,2880,0,0,4096,0.0,0.0,0.0009369774073651883,0.0007311125564753995
0.3,0.7,1.0,16,32,0,0,4096,0.0,0.0,0.0009369774073651883,0.0007311125564753995
0.3,0.7,1.0,16,2880,0,0,4096,0.0,0.0,0.0009369774073651883,0.0007311125564753995
0.3,0.7,1.0,32,32,0,0,4096,0.0,0.0,0.0009369774073651883,0.0007311125564753995
0.3,0.7,1.0,32,2880,0,0,4096,0.0,0.0,0.0009369774073651883,0.0007311125564753995
0.3,0.7,1.0,64,32,4,0,4096,0.0,0.0,0.0009369774073651883,0.0007311125564753995
0.3,0.7,1.0,64,2880,0,0,4096,0.0,0.0,0.0009369774073651883,0.0007311125564753995
0.3,0.7,1.0,128,32,194,0,4096,0.0,0.0,0.0009369774073651883,0.0007311125564753995
0.3,0.7,1.0,128,2880,0,0,4096,0.0,0.0,0.0009369774073651883,0.0007311125564753995
0.3,0.7,1.0,256,32,144,0,4096,0.0,0.0,0.0009369774073651883,0.0007311125564753995
0.3,0.7,1.0,256,2880,0,0,4096,0.0,0.0,0.0009369774073651883,0.0007311125564753995
0.3,0.7,1.0,512,32,64,0,4096,0.0,0.0,0.0009369774073651883,0.0007311125564753995
0.3,0.7,1.0,512,2880,0,0,4096,0.0,0.0,0.0009369774073651883,0.0007311125564753995
0.3,0.7,1.0,1024,32,3,0,4096,0.0,0.0,0.0009369774073651883,0.0007311125564753995
0.3,0.7,1.0,1024,2880,0,0,4096,0.0,0.0,0.0009369774073651883,0.0007311125564753995
0.3,0.7,1.0,2048,32,0,0,4096,0.0,0.0,0.0009369774073651883,0.0007311125564753995
0.3,0.7,1.0,2048,2880,0,0,4096,0.0,0.0,0.0009369774073651883,0.0007311125564753995
0.3,0.7,1.0,4096,32,0,0,4096,0.0,0.0,0.0009369774073651883,0.0007311125564753995
0.3,0.7,1.0,4096,2880,0,0,4096,0.0,0.0,0.0009369774073651883,0.0007311125564753995
0.3,0.7,2.0,4,32,0,0,4096,0.0,0.0,0.0009369774073651883,0.0007311125564753995
0.3,0.7,2.0,4,2880,0,0,4096,0.0,0.0,0.0009369774073651883,0.0007311125564753995
0.3,0.7,2.0,8,32,0,0,4096,0.0,0.0,0.0009369774073651883,0.0007311125564753995
0.3,0.7,2.0,8,2880,0,0,4096,0.0,0.0,0.0009369774073651883,0.0007311125564753995
0.3,0.7,2.0,16,32,0,0,4096,0.0,0.0,0.0009369774073651883,0.0007311125564753995
0.3,0.7,2.0,16,2880,0,0,4096,0.0,0.0,0.0009369774073651883,0.0007311125564753995
0.3,0.7,2.0,32,32,0,0,4096,0.0,0.0,0.0009369774073651883,0.0007311125564753995
0.3,0.7,2.0,32,2880,0,0,4096,0.0,0.0,0.0009369774073651883,0.0007311125564753995
0.3,0.7,2.0,64,32,7,0,4096,0.0,0.0,0.0009369774073651883,0.0007311125564753995
0.3,0.7,2.0,64,2880,0,0,4096,0.0,0.0,0.0009369774073651883,0.0007311125564753995
0.3,0.7,2.0,128,32,4086,0,4096,0.0,0.0,0.0009369774073651883,0.0007311125564753995
0.3,0.7,2.0,128,2880,0,0,4096,0.0,0.0,0.0009369774073651883,0.0007311125564753995
0.3,0.7,2.0,256,32,4086,0,4096,0.0,0.0,0.0009369774073651883,0.0007311125564753995
0.3,0.7,2.0,256,2880,0,0,4096,0.0,0.0,0.0009369774073651883,0.0007311125564753995
0.3,0.7,2.0,512,32,4086,0,4096,0.0,0.0,0.0009369774073651883,0.0007311125564753995
0.3,0.7,2.0,512,2880,0,0,4096,0.0,0.0,0.0009369774073651883,0.0007311125564753995
0.3,0.7,2.0,1024,32,4084,0,4096,0.0,0.0,0.0009369774073651883,0.0007311125564753995
0.3,0.7,2.0,1024,2880,0,0,4096,0.0,0.0,0.0009369774073651883,0.0007311125564753995
0.3,0.7,2.0,2048,32,4081,0,4096,0.0,0.0,0.0009369774073651883,0.0007311125564753995
0.3,0.7,2.0,2048,2880,0,0,4096,0.0,0.0,0.0009369774073651883,0.0007311125564753995
0.3,0.7,2.0,4096,32,4064,0,4096,0.0,0.0,0.0009369774073651883,0.0007311125564753995
0.3,0.7,2.0,4096,2880,0,0,4096,0.0,0.0,0.0009369774073651883,0.0007311125564753995
0.3,1.0,0.0,4,32,0,0,4096,0.0,0.0,0.0009369774073651883,0.0007311125564753995
0.3,1.0,0.0,4,2880,0,0,4096,0.0,0.0,0.0009369774073651883,0.0007311125564753995
0.3,1.0,0.0,8,32,0,0,4096,0.0,0.0,0.0009369774073651883,0.0007311125564753995
0.3,1.0,0.0,8,2880,0,0,4096,0.0,0.0,0.0009369774073651883,0.0007311125564753995
0.3,1.0,0.0,16,32,0,0,4096,0.0,0.0,0.0009369774073651883,0.0007311125564753995
0.3,1.0,0.0,16,2880,0,0,4096,0.0,0.0,0.0009369774073651883,0.0007311125564753995
0.3,1.0,0.0,32,32,0,0,4096,0.0,0.0,0.0009369774073651883,0.0007311125564753995
0.3,1.0,0.0,32,2880,0,0,4096,0.0,0.0,0.0009369774073651883,0.0007311125564753995
0.3,1.0,0.0,64,32,2,0,4096,0.0,0.0,0.0009369774073651883,0.0007311125564753995
0.3,1.0,0.0,64,2880,0,0,4096,0.0,0.0,0.0009369774073651883,0.0007311125564753995
0.3,1.0,0.0,128,32,0,0,4096,0.0,0.0,0.0009369774073651883,0.0007311125564753995
0.3,1.0,0.0,128,2880,0,0,4096,0.0,0.0,0.0009369774073651883,0.0007311125564753995
0.3,1.0,0.0,256,32,0,0,4096,0.0,0.0,0.0009369774073651883,0.0007311125564753995
0.3,1.0,0.0,256,2880,0,0,4096,0.0,0.0,0.0009369774073651883,0.0007311125564753995
0.3,1.0,0.0,512,32,0,0,4096,0.0,0.0,0.0009369774073651883,0.0007311125564753995
0.3,1.0,0.0,512,2880,0,0,4096,0.0,0.0,0.0009369774073651883,0.0007311125564753995
0.3,1.0,0.0,1024,32,0,0,4096,0.0,0.0,0.0009369774073651883,0.0007311125564753995
0.3,1.0,0.0,1024,2880,0,0,4096,0.0,0.0,0.0009369774073651883,0.0007311125564753995
0.3,1.0,0.0,2048,32,0,0,4096,0.0,0.0,0.0009369774073651883,0.0007311125564753995
0.3,1.0,0.0,2048,2880,0,0,4096,0.0,0.0,0.0009369774073651883,0.0007311125564753995
0.3,1.0,0.0,4096,32,0,0,4096,0.0,0.0,0.0009369774073651883,0.0007311125564753995
0.3,1.0,0.0,4096,2880,0,0,4096,0.0,0.0,0.0009369774073651883,0.0007311125564753995
0.3,1.0,0.5,4,32,0,0,4096,0.0,0.0,0.0009369774073651883,0.0007311125564753995
0.3,1.0,0.5,4,2880,0,0,4096,0.0,0.0,0.0009369774073651883,0.0007311125564753995
0.3,1.0,0.5,8,32,0,0,4096,0.0,0.0,0.0009369774073651883,0.0007311125564753995
0.3,1.0,0.5,8,2880,0,0,4096,0.0,0.0,0.0009369774073651883,0.0007311125564753995
0.3,1.0,0.5,16,32,0,0,4096,0.0,0.0,0.0009369774073651883,0.0007311125564753995
0.3,1.0,0.5,16,2880,0,0,4096,0.0,0.0,0.0009369774073651883,0.0007311125564753995
0.3,1.0,0.5,32,32,0,0,4096,0.0,0.0,0.0009369774073651883,0.0007311125564753995
0.3,1.0,0.5,32,2880,0,0,4096,0.0,0.0,0.0009369774073651883,0.0007311125564753995
0.3,1.0,0.5,64,32,2,0,4096,0.0,0.0,0.0009369774073651883,0.0007311125564753995
0.3,1.0,0.5,64,2880,0,0,4096,0.0,0.0,0.0009369774073651883,0.0007311125564753995
0.3,1.0,0.5,128,32,0,0,4096,0.0,0.0,0.0009369774073651883,0.0007311125564753995
0.3,1.0,0.5,128,2880,0,0,4096,0.0,0.0,0.0009369774073651883,0.0007311125564753995
0.3,1.0,0.5,256,32,0,0,4096,0.0,0.0,0.0009369774073651883,0.0007311125564753995
0.3,1.0,0.5,256,2880,0,0,4096,0.0,0.0,0.0009369774073651883,0.0007311125564753995
0.3,1.0,0.5,512,32,0,0,4096,0.0,0.0,0.0009369774073651883,0.0007311125564753995
0.3,1.0,0.5,512,2880,0,0,4096,0.0,0.0,0.0009369774073651883,0.0007311125564753995
0.3,1.0,0.5,1024,32,0,0,4096,0.0,0.0,0.0009369774073651883,0.0007311125564753995
0.3,1.0,0.5,1024,2880,0,0,4096,0.0,0.0,0.0009369774073651883,0.0007311125564753995
0.3,1.0,0.5,2048,32,0,0,4096,0.0,0.0,0.0009369774073651883,0.0007311125564753995
0.3,1.0,0.5,2048,2880,0,0,4096,0.0,0.0,0.0009369774073651883,0.0007311125564753995
0.3,1.0,0.5,4096,32,0,0,4096,0.0,0.0,0.0009369774073651883,0.0007311125564753995
0.3,1.0,0.5,4096,2880,0,0,4096,0.0,0.0,0.0009369774073651883,0.0007311125564753995
0.3,1.0,1.0,4,32,0,0,4096,0.0,0.0,0.0009369774073651883,0.0007311125564753995
0.3,1.0,1.0,4,2880,0,0,4096,0.0,0.0,0.0009369774073651883,0.0007311125564753995
0.3,1.0,1.0,8,32,0,0,4096,0.0,0.0,0.0009369774073651883,0.0007311125564753995
0.3,1.0,1.0,8,2880,0,0,4096,0.0,0.0,0.0009369774073651883,0.0007311125564753995
0.3,1.0,1.0,16,32,0,0,4096,0.0,0.0,0.0009369774073651883,0.0007311125564753995
0.3,1.0,1.0,16,2880,0,0,4096,0.0,0.0,0.0009369774073651883,0.0007311125564753995
0.3,1.0,1.0,32,32,0,0,4096,0.0,0.0,0.0009369774073651883,0.0007311125564753995
0.3,1.0,1.0,32,2880,0,0,4096,0.0,0.0,0.0009369774073651883,0.0007311125564753995
0.3,1.0,1.0,64,32,2,0,4096,0.0,0.0,0.0009369774073651883,0.0007311125564753995
0.3,1.0,1.0,64,2880,0,0,4096,0.0,0.0,0.0009369774073651883,0.0007311125564753995
0.3,1.0,1.0,128,32,12,0,4096,0.0,0.0,0.0009369774073651883,0.0007311125564753995
0.3,1.0,1.0,128,2880,0,0,4096,0.0,0.0,0.0009369774073651883,0.0007311125564753995
0.3,1.0,1.0,256,32,0,0,4096,0.0,0.0,0.0009369774073651883,0.0007311125564753995
0.3,1.0,1.0,256,2880,0,0,4096,0.0,0.0,0.0009369774073651883,0.0007311125564753995
0.3,1.0,1.0,512,32,0,0,4096,0.0,0.0,0.0009369774073651883,0.0007311125564753995
0.3,1.0,1.0,512,2880,0,0,4096,0.0,0.0,0.0009369774073651883,0.0007311125564753995
0.3,1.0,1.0,1024,32,0,0,4096,0.0,0.0,0.0009369774073651883,0.0007311125564753995
0.3,1.0,1.0,1024,2880,0,0,4096,0.0,0.0,0.0009369774073651883,0.0007311125564753995
0.3,1.0,1.0,2048,32,0,0,4096,0.0,0.0,0.0009369774073651883,0.0007311125564753995
0.3,1.0,1.0,2048,2880,0,0,4096,0.0,0.0,0.0009369774073651883,0.0007311125564753995
0.3,1.0,1.0,4096,32,0,0,4096,0.0,0.0,0.0009369774073651883,0.0007311125564753995
0.3,1.0,1.0,4096,2880,0,0,4096,0.0,0.0,0.0009369774073651883,0.0007311125564753995
0.3,1.0,2.0,4,32,0,0,4096,0.0,0.0,0.0009369774073651883,0.0007311125564753995
0.3,1.0,2.0,4,2880,0,0,4096,0.0,0.0,0.0009369774073651883,0.0007311125564753995
0.3,1.0,2.0,8,32,0,0,4096,0.0,0.0,0.0009369774073651883,0.0007311125564753995
0.3,1.0,2.0,8,2880,0,0,4096,0.0,0.0,0.0009369774073651883,0.0007311125564753995
0.3,1.0,2.0,16,32,0,0,4096,0.0,0.0,0.0009369774073651883,0.0007311125564753995
0.3,1.0,2.0,16,2880,0,0,4096,0.0,0.0,0.0009369774073651883,0.0007311125564753995
0.3,1.0,2.0,32,32,0,0,4096,0.0,0.0,0.0009369774073651883,0.0007311125564753995
0.3,1.0,2.0,32,2880,0,0,4096,0.0,0.0,0.0009369774073651883,0.0007311125564753995
0.3,1.0,2.0,64,32,1,0,4096,0.0,0.0,0.0009369774073651883,0.0007311125564753995
0.3,1.0,2.0,64,2880,0,0,4096,0.0,0.0,0.0009369774073651883,0.0007311125564753995
0.3,1.0,2.0,128,32,466,0,4096,0.0,0.0,0.0009369774073651883,0.0007311125564753995
0.3,1.0,2.0,128,2880,0,0,4096,0.0,0.0,0.0009369774073651883,0.0007311125564753995
0.3,1.0,2.0,256,32,431,0,4096,0.0,0.0,0.0009369774073651883,0.0007311125564753995
0.3,1.0,2.0,256,2880,0,0,4096,0.0,0.0,0.0009369774073651883,0.0007311125564753995
0.3,1.0,2.0,512,32,349,0,4096,0.0,0.0,0.0009369774073651883,0.0007311125564753995
0.3,1.0,2.0,512,2880,0,0,4096,0.0,0.0,0.0009369774073651883,0.0007311125564753995
0.3,1.0,2.0,1024,32,181,0,4096,0.0,0.0,0.0009369774073651883,0.0007311125564753995
0.3,1.0,2.0,1024,2880,0,0,4096,0.0,0.0,0.0009369774073651883,0.0007311125564753995
0.3,1.0,2.0,2048,32,33,0,4096,0.0,0.0,0.0009369774073651883,0.0007311125564753995
0.3,1.0,2.0,2048,2880,0,0,4096,0.0,0.0,0.0009369774073651883,0.0007311125564753995
0.3,1.0,2.0,4096,32,2,0,4096,0.0,0.0,0.0009369774073651883,0.0007311125564753995
0.3,1.0,2.0,4096,2880,0,0,4096,0.0,0.0,0.0009369774073651883,0.0007311125564753995
