beta,u,delay,kind,k,analytical_temporal_upper,events,samples,estimate,ci95_low,ci95_high,zero_events_exact_upper95
0.1,0.2,0.0,constructive_age,4,1.0,4096,4096,1.0,0.9990630225926348,0.9999999999999999,
0.1,0.2,0.0,envelope_gap,4,1.0,4096,4096,1.0,0.9990630225926348,0.9999999999999999,
0.1,0.2,0.0,constructive_age,8,1.0,4096,4096,1.0,0.9990630225926348,0.9999999999999999,
0.1,0.2,0.0,envelope_gap,8,1.0,4096,4096,1.0,0.9990630225926348,0.9999999999999999,
0.1,0.2,0.0,constructive_age,16,1.0,4096,4096,1.0,0.9990630225926348,0.9999999999999999,
0.1,0.2,0.0,envelope_gap,16,1.0,4096,4096,1.0,0.9990630225926348,0.9999999999999999,
0.1,0.2,0.0,constructive_age,32,1.0,4096,4096,1.0,0.9990630225926348,0.9999999999999999,
0.1,0.2,0.0,envelope_gap,32,1.0,4096,4096,1.0,0.9990630225926348,0.9999999999999999,
0.1,0.2,0.0,constructive_age,64,1.0,4096,4096,1.0,0.9990630225926348,0.9999999999999999,
0.1,0.2,0.0,envelope_gap,64,1.0,4096,4096,1.0,0.9990630225926348,0.9999999999999999,
0.1,0.2,0.0,constructive_age,128,1.0,4096,4096,1.0,0.9990630225926348,0.9999999999999999,
0.1,0.2,0.0,envelope_gap,128,1.0,4096,4096,1.0,0.9990630225926348,0.9999999999999999,
0.1,0.2,0.0,constructive_age,256,1.0,3835,4096,0.936279296875,0.9283826877232538,0.9433583383378,
0.1,0.2,0.0,envelope_gap,256,1.0,4096,4096,1.0,0.9990630225926348,0.9999999999999999,
0.1,0.2,0.0,constructive_age,512,1.0,364,4096,0.0888671875,0.08053373549067938,0.09797108382279862,
0.1,0.2,0.0,envelope_gap,512,1.0,2621,4096,0.639892578125,0.6250671170485063,0.6544558868311714,
0.1,0.2,0.0,constructive_age,1024,1.0,0,4096,0.0,0.0,0.0009369774073651883,0.0007311125564753995
0.1,0.2,0.0,envelope_gap,1024,1.0,48,4096,0.01171875,0.00885047381719605,0.015502043182184016,
0.1,0.2,0.0,constructive_age,2048,1.0,0,4096,0.0,0.0,0.0009369774073651883,0.0007311125564753995
0.1,0.2,0.0,envelope_gap,2048,1.0,0,4096,0.0,0.0,0.0009369774073651883,0.0007311125564753995
0.1,0.2,0.0,constructive_age,4096,1.0,0,4096,0.0,0.0,0.0009369774073651883,0.0007311125564753995
0.1,0.2,0.0,envelope_gap,4096,1.0,0,4096,0.0,0.0,0.0009369774073651883,0.0007311125564753995
0.1,0.2,0.0,constructive_age,7200,0.002914569353133306,0,4096,0.0,0.0,0.0009369774073651883,0.0007311125564753995
0.1,0.2,0.0,envelope_gap,7200,0.002914569353133306,0,4096,0.0,0.0,0.0009369774073651883,0.0007311125564753995
0.1,0.2,0.0,constructive_disconnected,8,,4096,4096,1.0,0.9990630225926348,0.9999999999999999,
0.1,0.2,0.0,constructive_disconnected,32,,4029,4096,0.983642578125,0.9792802999311276,0.9870985319809864,
0.1,0.2,0.0,constructive_disconnected,128,,0,4096,0.0,0.0,0.0009369774073651883,0.0007311125564753995
0.1,0.2,0.0,constructive_disconnected,512,,0,4096,0.0,0.0,0.0009369774073651883,0.0007311125564753995
0.1,0.2,0.0,constructive_disconnected,2880,,0,4096,0.0,0.0,0.0009369774073651883,0.0007311125564753995
0.1,0.2,0.5,constructive_age,4,1.0,4096,4096,1.0,0.9990630225926348,0.9999999999999999,
0.1,0.2,0.5,envelope_gap,4,1.0,4096,4096,1.0,0.9990630225926348,0.9999999999999999,
0.1,0.2,0.5,constructive_age,8,1.0,4096,4096,1.0,0.9990630225926348,0.9999999999999999,
0.1,0.2,0.5,envelope_gap,8,1.0,4096,4096,1.0,0.9990630225926348,0.9999999999999999,
0.1,0.2,0.5,constructive_age,16,1.0,4096,4096,1.0,0.9990630225926348,0.9999999999999999,
0.1,0.2,0.5,envelope_gap,16,1.0,4096,4096,1.0,0.9990630225926348,0.9999999999999999,
0.1,0.2,0.5,constructive_age,32,1.0,4096,4096,1.0,0.9990630225926348,0.9999999999999999,
0.1,0.2,0.5,envelope_gap,32,1.0,4096,4096,1.0,0.9990630225926348,0.9999999999999999,
0.1,0.2,0.5,constructive_age,64,1.0,4096,4096,1.0,0.9990630225926348,0.9999999999999999,
0.1,0.2,0.5,envelope_gap,64,1.0,4096,4096,1.0,0.9990630225926348,0.9999999999999999,
0.1,0.2,0.5,constructive_age,128,1.0,4096,4096,1.0,0.9990630225926348,0.9999999999999999,
0.1,0.2,0.5,envelope_gap,128,1.0,4096,4096,1.0,0.9990630225926348,0.9999999999999999,
0.1,0.2,0.5,constructive_age,256,1.0,3835,4096,0.936279296875,0.9283826877232538,0.9433583383378,
0.1,0.2,0.5,envelope_gap,256,1.0,4096,4096,1.0,0.9990630225926348,0.9999999999999999,
0.1,0.2,0.5,constructive_age,512,1.0,364,4096,0.0888671875,0.08053373549067938,0.09797108382279862,
0.1,0.2,0.5,envelope_gap,512,1.0,2621,4096,0.639892578125,0.6250671170485063,0.6544558868311714,
0.1,0.2,0.5,constructive_age,1024,1.0,0,4096,0.0,0.0,0.0009369774073651883,0.0007311125564753995
0.1,0.2,0.5,envelope_gap,1024,1.0,48,4096,0.01171875,0.00885047381719605,0.015502043182184016,
0.1,0.2,0.5,constructive_age,2048,1.0,0,4096,0.0,0.0,0.0009369774073651883,0.0007311125564753995
0.1,0.2,0.5,envelope_gap,2048,1.0,0,4096,0.0,0.0,0.0009369774073651883,0.0007311125564753995
0.1,0.2,0.5,constructive_age,4096,1.0,0,4096,0.0,0.0,0.0009369774073651883,0.0007311125564753995
0.1,0.2,0.5,envelope_gap,4096,1.0,0,4096,0.0,0.0,0.0009369774073651883,0.0007311125564753995
0.1,0.2,0.5,constructive_age,7200,0.002914569353133306,0,4096,0.0,0.0,0.0009369774073651883,0.0007311125564753995
0.1,0.2,0.5,envelope_gap,7200,0.002914569353133306,0,4096,0.0,0.0,0.0009369774073651883,0.0007311125564753995
0.1,0.2,0.5,constructive_disconnected,8,,4096,4096,1.0,0.9990630225926348,0.9999999999999999,
0.1,0.2,0.5,constructive_disconnected,32,,4029,4096,0.983642578125,0.9792802999311276,0.9870985319809864,
0.1,0.2,0.5,constructive_disconnected,128,,0,4096,0.0,0.0,0.0009369774073651883,0.0007311125564753995
0.1,0.2,0.5,constructive_disconnected,512,,0,4096,0.0,0.0,0.0009369774073651883,0.0007311125564753995
0.1,0.2,0.5,constructive_disconnected,2880,,0,4096,0.0,0.0,0.0009369774073651883,0.0007311125564753995
0.1,0.2,1.0,constructive_age,4,1.0,4096,4096,1.0,0.9990630225926348,0.9999999999999999,
0.1,0.2,1.0,envelope_gap,4,1.0,4096,4096,1.0,0.9990630225926348,0.9999999999999999,
0.1,0.2,1.0,constructive_age,8,1.0,4096,4096,1.0,0.9990630225926348,0.9999999999999999,
0.1,0.2,1.0,envelope_gap,8,1.0,4096,4096,1.0,0.9990630225926348,0.9999999999999999,
0.1,0.2,1.0,constructive_age,16,1.0,4096,4096,1.0,0.9990630225926348,0.9999999999999999,
0.1,0.2,1.0,envelope_gap,16,1.0,4096,4096,1.0,0.9990630225926348,0.9999999999999999,
0.1,0.2,1.0,constructive_age,32,1.0,4096,4096,1.0,0.9990630225926348,0.9999999999999999,
0.1,0.2,1.0,envelope_gap,32,1.0,4096,4096,1.0,0.9990630225926348,0.9999999999999999,
0.1,0.2,1.0,constructive_age,64,1.0,4096,4096,1.0,0.9990630225926348,0.9999999999999999,
0.1,0.2,1.0,envelope_gap,64,1.0,4096,4096,1.0,0.9990630225926348,0.9999999999999999,
0.1,0.2,1.0,constructive_age,128,1.0,4096,4096,1.0,0.9990630225926348,0.9999999999999999,
0.1,0.2,1.0,envelope_gap,128,1.0,4096,4096,1.0,0.9990630225926348,0.9999999999999999,
0.1,0.2,1.0,constructive_age,256,1.0,4070,4096,0.99365234375,0.99071517109395,0.9956644342196767,
0.1,0.2,1.0,envelope_gap,256,1.0,4096,4096,1.0,0.9990630225926348,0.9999999999999999,
0.1,0.2,1.0,constructive_age,512,1.0,1246,4096,0.30419921875,0.29029878032057155,0.3184665789961799,
0.1,0.2,1.0,envelope_gap,512,1.0,4096,4096,1.0,0.9990630225926348,0.9999999999999999,
0.1,0.2,1.0,constructive_age,1024,1.0,9,4096,0.002197265625,0.0011564392881765655,0.0041709517926914125,
0.1,0.2,1.0,envelope_gap,1024,1.0,4096,4096,1.0,0.9990630225926348,0.9999999999999999,
0.1,0.2,1.0,constructive_age,2048,1.0,0,4096,0.0,0.0,0.0009369774073651883,0.0007311125564753995
0.1,0.2,1.0,envelope_gap,2048,1.0,4096,4096,1.0,0.9990630225926348,0.9999999999999999,
0.1,0.2,1.0,constructive_age,4096,1.0,0,4096,0.0,0.0,0.0009369774073651883,0.0007311125564753995
0.1,0.2,1.0,envelope_gap,4096,1.0,4096,4096,1.0,0.9990630225926348,0.9999999999999999,
0.1,0.2,1.0,constructive_age,7200,1.0,0,4096,0.0,0.0,0.0009369774073651883,0.0007311125564753995
0.1,0.2,1.0,envelope_gap,7200,1.0,4096,4096,1.0,0.9990630225926348,0.9999999999999999,
0.1,0.2,1.0,constructive_disconnected,8,,4096,4096,1.0,0.9990630225926348,0.9999999999999999,
0.1,0.2,1.0,constructive_disconnected,32,,4092,4096,0.9990234375,0.9974915571936952,0.9996201704329383,
0.1,0.2,1.0,constructive_disconnected,128,,15,4096,0.003662109375,0.0022205922771783033,0.006033741252691535,
0.1,0.2,1.0,constructive_disconnected,512,,0,4096,0.0,0.0,0.0009369774073651883,0.0007311125564753995
0.1,0.2,1.0,constructive_disconnected,2880,,0,4096,0.0,0.0,0.0009369774073651883,0.0007311125564753995
0.1,0.2,2.0,constructive_age,4,1.0,4096,4096,1.0,0.9990630225926348,0.9999999999999999,
0.1,0.2,2.0,envelope_gap,4,1.0,4096,4096,1.0,0.9990630225926348,0.9999999999999999,
0.1,0.2,2.0,constructive_age,8,1.0,4096,4096,1.0,0.9990630225926348,0.9999999999999999,
0.1,0.2,2.0,envelope_gap,8,1.0,4096,4096,1.0,0.9990630225926348,0.9999999999999999,
0.1,0.2,2.0,constructive_age,16,1.0,4096,4096,1.0,0.9990630225926348,0.9999999999999999,
0.1,0.2,2.0,envelope_gap,16,1.0,4096,4096,1.0,0.9990630225926348,0.9999999999999999,
0.1,0.2,2.0,constructive_age,32,1.0,4096,4096,1.0,0.9990630225926348,0.9999999999999999,
0.1,0.2,2.0,envelope_gap,32,1.0,4096,4096,1.0,0.9990630225926348,0.9999999999999999,
0.1,0.2,2.0,constructive_age,64,1.0,4096,4096,1.0,0.9990630225926348,0.9999999999999999,
0.1,0.2,2.0,envelope_gap,64,1.0,4096,4096,1.0,0.9990630225926348,0.9999999999999999,
0.1,0.2,2.0,constructive_age,128,1.0,4096,4096,1.0,0.9990630225926348,0.9999999999999999,
0.1,0.2,2.0,envelope_gap,128,1.0,4096,4096,1.0,0.9990630225926348,0.9999999999999999,
0.1,0.2,2.0,constructive_age,256,1.0,4096,4096,1.0,0.9990630225926348,0.9999999999999999,
0.1,0.2,2.0,envelope_gap,256,1.0,4096,4096,1.0,0.9990630225926348,0.9999999999999999,
0.1,0.2,2.0,constructive_age,512,1.0,2840,4096,0.693359375,0.6790627630353002,0.7072936402329452,
0.1,0.2,2.0,envelope_gap,512,1.0,4096,4096,1.0,0.9990630225926348,0.9999999999999999,
0.1,0.2,2.0,constructive_age,1024,1.0,131,4096,0.031982421875,0.02701717683316579,0.037824710710740006,
0.1,0.2,2.0,envelope_gap,1024,1.0,4096,4096,1.0,0.9990630225926348,0.9999999999999999,
0.1,0.2,2.0,constructive_age,2048,1.0,1,4096,0.000244140625,4.309811523941186e-05,0.0013817030336260863,
0.1,0.2,2.0,envelope_gap,2048,1.0,4096,4096,1.0,0.9990630225926348,0.9999999999999999,
0.1,0.2,2.0,constructive_age,4096,1.0,0,4096,0.0,0.0,0.0009369774073651883,0.0007311125564753995
0.1,0.2,2.0,envelope_gap,4096,1.0,4096,4096,1.0,0.9990630225926348,0.9999999999999999,
0.1,0.2,2.0,constructive_age,7200,1.0,0,4096,0.0,0.0,0.0009369774073651883,0.0007311125564753995
0.1,0.2,2.0,envelope_gap,7200,1.0,4096,4096,1.0,0.9990630225926348,0.9999999999999999,
0.1,0.2,2.0,constructive_disconnected,8,,4096,4096,1.0,0.9990630225926348,0.9999999999999999,
0.1,0.2,2.0,constructive_disconnected,32,,4096,4096,1.0,0.9990630225926348,0.9999999999999999,
0.1,0.2,2.0,constructive_disconnected,128,,164,4096,0.0400390625,0.034453446658265954,0.046486624355150066,
0.1,0.2,2.0,constructive_disconnected,512,,0,4096,0.0,0.0,0.0009369774073651883,0.0007311125564753995
0.1,0.2,2.0,constructive_disconnected,2880,,0,4096,0.0,0.0,0.0009369774073651883,0.0007311125564753995
0.1,0.4,0.0,constructive_age,4,1.0,4096,4096,1.0,0.9990630225926348,0.9999999999999999,
0.1,0.4,0.0,envelope_gap,4,1.0,4096,4096,1.0,0.9990630225926348,0.9999999999999999,
0.1,0.4,0.0,constructive_age,8,1.0,4096,4096,1.0,0.9990630225926348,0.9999999999999999,
0.1,0.4,0.0,envelope_gap,8,1.0,4096,4096,1.0,0.9990630225926348,0.9999999999999999,
0.1,0.4,0.0,constructive_age,16,1.0,4096,4096,1.0,0.9990630225926348,0.9999999999999999,
0.1,0.4,0.0,envelope_gap,16,1.0,4096,4096,1.0,0.9990630225926348,0.9999999999999999,
0.1,0.4,0.0,constructive_age,32,1.0,4096,4096,1.0,0.9990630225926348,0.9999999999999999,
0.1,0.4,0.0,envelope_gap,32,1.0,4096,4096,1.0,0.9990630225926348,0.9999999999999999,
0.1,0.4,0.0,constructive_age,64,1.0,2440,4096,0.595703125,0.5805911188219209,0.6106357878462007,
0.1,0.4,0.0,envelope_gap,64,1.0,4092,4096,0.9990234375,0.9974915571936952,0.9996201704329383,
0.1,0.4,0.0,constructive_age,128,1.0,8,4096,0.001953125,0.0009900179449591885,0.0038495493944084797,
0.1,0.4,0.0,envelope_gap,128,1.0,503,4096,0.122802734375,0.11310338900360983,0.13320893037841125,
0.1,0.4,0.0,constructive_age,256,1.0,0,4096,0.0,0.0,0.0009369774073651883,0.0007311125564753995
0.1,0.4,0.0,envelope_gap,256,1.0,0,4096,0.0,0.0,0.0009369774073651883,0.0007311125564753995
0.1,0.4,0.0,constructive_age,512,0.2618240372724525,0,4096,0.0,0.0,0.0009369774073651883,0.0007311125564753995
0.1,0.4,0.0,envelope_gap,512,0.2618240372724525,0,4096,0.0,0.0,0.0009369774073651883,0.0007311125564753995
0.1,0.4,0.0,constructive_age,1024,1.7914473144274073e-06,0,4096,0.0,0.0,0.0009369774073651883,0.0007311125564753995
0.1,0.4,0.0,envelope_gap,1024,1.7914473144274073e-06,0,4096,0.0,0.0,0.0009369774073651883,0.0007311125564753995
0.1,0.4,0.0,constructive_age,2048,9.276733987423583e-17,0,4096,0.0,0.0,0.0009369774073651883,0.0007311125564753995
0.1,0.4,0.0,envelope_gap,2048,9.276733987423583e-17,0,4096,0.0,0.0,0.0009369774073651883,0.0007311125564753995
0.1,0.4,0.0,constructive_age,4096,2.412852931564653e-37,0,4096,0.0,0.0,0.0009369774073651883,0.0007311125564753995
0.1,0.4,0.0,envelope_gap,4096,2.412852931564653e-37,0,4096,0.0,0.0,0.0009369774073651883,0.0007311125564753995
0.1,0.4,0.0,constructive_age,7200,1.5815139520606907e-68,0,4096,0.0,0.0,0.0009369774073651883,0.0007311125564753995
0.1,0.4,0.0,envelope_gap,7200,1.5815139520606907e-68,0,4096,0.0,0.0,0.0009369774073651883,0.0007311125564753995
0.1,0.4,0.0,constructive_disconnected,8,,4096,4096,1.0,0.9990630225926348,0.9999999999999999,
0.1,0.4,0.0,constructive_disconnected,32,,1,4096,0.000244140625,4.309811523941186e-05,0.0013817030336260863,
0.1,0.4,0.0,constructive_disconnected,128,,0,4096,0.0,0.0,0.0009369774073651883,0.0007311125564753995
0.1,0.4,0.0,constructive_disconnected,512,,0,4096,0.0,0.0,0.0009369774073651883,0.0007311125564753995
0.1,0.4,0.0,constructive_disconnected,2880,,0,4096,0.0,0.0,0.0009369774073651883,0.0007311125564753995
0.1,0.4,0.5,constructive_age,4,1.0,4096,4096,1.0,0.9990630225926348,0.9999999999999999,
0.1,0.4,0.5,envelope_gap,4,1.0,4096,4096,1.0,0.9990630225926348,0.9999999999999999,
0.1,0.4,0.5,constructive_age,8,1.0,4096,4096,1.0,0.9990630225926348,0.9999999999999999,
0.1,0.4,0.5,envelope_gap,8,1.0,4096,4096,1.0,0.9990630225926348,0.9999999999999999,
0.1,0.4,0.5,constructive_age,16,1.0,4096,4096,1.0,0.9990630225926348,0.9999999999999999,
0.1,0.4,0.5,envelope_gap,16,1.0,4096,4096,1.0,0.9990630225926348,0.9999999999999999,
0.1,0.4,0.5,constructive_age,32,1.0,4096,4096,1.0,0.9990630225926348,0.9999999999999999,
0.1,0.4,0.5,envelope_gap,32,1.0,4096,4096,1.0,0.9990630225926348,0.9999999999999999,
0.1,0.4,0.5,constructive_age,64,1.0,2440,4096,0.595703125,0.5805911188219209,0.6106357878462007,
0.1,0.4,0.5,envelope_gap,64,1.0,4092,4096,0.9990234375,0.9974915571936952,0.9996201704329383,
0.1,0.4,0.5,constructive_age,128,1.0,8,4096,0.001953125,0.0009900179449591885,0.0038495493944084797,
0.1,0.4,0.5,envelope_gap,128,1.0,503,4096,0.122802734375,0.11310338900360983,0.13320893037841125,
0.1,0.4,0.5,constructive_age,256,1.0,0,4096,0.0,0.0,0.0009369774073651883,0.0007311125564753995
0.1,0.4,0.5,envelope_gap,256,1.0,0,4096,0.0,0.0,0.0009369774073651883,0.0007311125564753995
0.1,0.4,0.5,constructive_age,512,0.2618240372724525,0,4096,0.0,0.0,0.0009369774073651883,0.0007311125564753995
0.1,0.4,0.5,envelope_gap,512,0.2618240372724525,0,4096,0.0,0.0,0.0009369774073651883,0.0007311125564753995
0.1,0.4,0.5,constructive_age,1024,1.7914473144274073e-06,0,4096,0.0,0.0,0.0009369774073651883,0.0007311125564753995
0.1,0.4,0.5,envelope_gap,1024,1.7914473144274073e-06,0,4096,0.0,0.0,0.0009369774073651883,0.0007311125564753995
0.1,0.4,0.5,constructive_age,2048,9.276733987423583e-17,0,4096,0.0,0.0,0.0009369774073651883,0.0007311125564753995
0.1,0.4,0.5,envelope_gap,2048,9.276733987423583e-17,0,4096,0.0,0.0,0.0009369774073651883,0.0007311125564753995
0.1,0.4,0.5,constructive_age,4096,2.412852931564653e-37,0,4096,0.0,0.0,0.0009369774073651883,0.0007311125564753995
0.1,0.4,0.5,envelope_gap,4096,2.412852931564653e-37,0,4096,0.0,0.0,0.0009369774073651883,0.0007311125564753995
0.1,0.4,0.5,constructive_age,7200,1.5815139520606907e-68,0,4096,0.0,0.0,0.0009369774073651883,0.0007311125564753995
0.1,0.4,0.5,envelope_gap,7200,1.5815139520606907e-68,0,4096,0.0,0.0,0.0009369774073651883,0.0007311125564753995
0.1,0.4,0.5,constructive_disconnected,8,,4096,4096,1.0,0.9990630225926348,0.9999999999999999,
0.1,0.4,0.5,constructive_disconnected,32,,1,4096,0.000244140625,4.309811523941186e-05,0.0013817030336260863,
0.1,0.4,0.5,constructive_disconnected,128,,0,4096,0.0,0.0,0.0009369774073651883,0.0007311125564753995
0.1,0.4,0.5,constructive_disconnected,512,,0,4096,0.0,0.0,0.0009369774073651883,0.0007311125564753995
0.1,0.4,0.5,constructive_disconnected,2880,,0,4096,0.0,0.0,0.0009369774073651883,0.0007311125564753995
0.1,0.4,1.0,constructive_age,4,1.0,4096,4096,1.0,0.9990630225926348,0.9999999999999999,
0.1,0.4,1.0,envelope_gap,4,1.0,4096,4096,1.0,0.9990630225926348,0.9999999999999999,
0.1,0.4,1.0,constructive_age,8,1.0,4096,4096,1.0,0.9990630225926348,0.9999999999999999,
0.1,0.4,1.0,envelope_gap,8,1.0,4096,4096,1.0,0.9990630225926348,0.9999999999999999,
0.1,0.4,1.0,constructive_age,16,1.0,4096,4096,1.0,0.9990630225926348,0.9999999999999999,
0.1,0.4,1.0,envelope_gap,16,1.0,4096,4096,1.0,0.9990630225926348,0.9999999999999999,
0.1,0.4,1.0,constructive_age,32,1.0,4096,4096,1.0,0.9990630225926348,0.9999999999999999,
0.1,0.4,1.0,envelope_gap,32,1.0,4096,4096,1.0,0.9990630225926348,0.9999999999999999,
0.1,0.4,1.0,constructive_age,64,1.0,3657,4096,0.892822265625,0.8829781530794668,0.901930246994532,
0.1,0.4,1.0,envelope_gap,64,1.0,4096,4096,1.0,0.9990630225926348,0.9999999999999999,
0.1,0.4,1.0,constructive_age,128,1.0,99,4096,0.024169921875,0.019893679877499695,0.02933784793839618,
0.1,0.4,1.0,envelope_gap,128,1.0,4096,4096,1.0,0.9990630225926348,0.9999999999999999,
0.1,0.4,1.0,constructive_age,256,1.0,0,4096,0.0,0.0,0.0009369774073651883,0.0007311125564753995
0.1,0.4,1.0,envelope_gap,256,1.0,4096,4096,1.0,0.9990630225926348,0.9999999999999999,
0.1,0.4,1.0,constructive_age,512,1.0,0,4096,0.0,0.0,0.0009369774073651883,0.0007311125564753995
0.1,0.4,1.0,envelope_gap,512,1.0,4096,4096,1.0,0.9990630225926348,0.9999999999999999,
0.1,0.4,1.0,constructive_age,1024,1.0,0,4096,0.0,0.0,0.0009369774073651883,0.0007311125564753995
0.1,0.4,1.0,envelope_gap,1024,1.0,4096,4096,1.0,0.9990630225926348,0.9999999999999999,
0.1,0.4,1.0,constructive_age,2048,1.0,0,4096,0.0,0.0,0.0009369774073651883,0.0007311125564753995
0.1,0.4,1.0,envelope_gap,2048,1.0,4096,4096,1.0,0.9990630225926348,0.9999999999999999,
0.1,0.4,1.0,constructive_age,4096,1.0,0,4096,0.0,0.0,0.0009369774073651883,0.0007311125564753995
0.1,0.4,1.0,envelope_gap,4096,1.0,4096,4096,1.0,0.9990630225926348,0.9999999999999999,
0.1,0.4,1.0,constructive_age,7200,1.0,0,4096,0.0,0.0,0.0009369774073651883,0.0007311125564753995
0.1,0.4,1.0,envelope_gap,7200,1.0,4096,4096,1.0,0.9990630225926348,0.9999999999999999,
0.1,0.4,1.0,constructive_disconnected,8,,4096,4096,1.0,0.9990630225926348,0.9999999999999999,
0.1,0.4,1.0,constructive_disconnected,32,,16,4096,0.00390625,0.002405923039438864,0.0063362342319312846,
0.1,0.4,1.0,constructive_disconnected,128,,0,4096,0.0,0.0,0.0009369774073651883,0.0007311125564753995
0.1,0.4,1.0,constructive_disconnected,512,,0,4096,0.0,0.0,0.0009369774073651883,0.0007311125564753995
0.1,0.4,1.0,constructive_disconnected,2880,,0,4096,0.0,0.0,0.0009369774073651883,0.0007311125564753995
0.1,0.4,2.0,constructive_age,4,1.0,4096,4096,1.0,0.9990630225926348,0.9999999999999999,
0.1,0.4,2.0,envelope_gap,4,1.0,4096,4096,1.0,0.9990630225926348,0.9999999999999999,
0.1,0.4,2.0,constructive_age,8,1.0,4096,4096,1.0,0.9990630225926348,0.9999999999999999,
0.1,0.4,2.0,envelope_gap,8,1.0,4096,4096,1.0,0.9990630225926348,0.9999999999999999,
0.1,0.4,2.0,constructive_age,16,1.0,4096,4096,1.0,0.9990630225926348,0.9999999999999999,
0.1,0.4,2.0,envelope_gap,16,1.0,4096,4096,1.0,0.9990630225926348,0.9999999999999999,
0.1,0.4,2.0,constructive_age,32,1.0,4096,4096,1.0,0.9990630225926348,0.9999999999999999,
0.1,0.4,2.0,envelope_gap,32,1.0,4096,4096,1.0,0.9990630225926348,0.9999999999999999,
0.1,0.4,2.0,constructive_age,64,1.0,4078,4096,0.99560546875,0.9930638103960733,0.9972183848495558,
0.1,0.4,2.0,envelope_gap,64,1.0,4096,4096,1.0,0.9990630225926348,0.9999999999999999,
0.1,0.4,2.0,constructive_age,128,1.0,697,4096,0.170166015625,0.1589682967240177,0.18198182850906353,
0.1,0.4,2.0,envelope_gap,128,1.0,4096,4096,1.0,0.9990630225926348,0.9999999999999999,
0.1,0.4,2.0,constructive_age,256,1.0,1,4096,0.000244140625,4.309811523941186e-05,0.0013817030336260863,
0.1,0.4,2.0,envelope_gap,256,1.0,4096,4096,1.0,0.9990630225926348,0.9999999999999999,
0.1,0.4,2.0,constructive_age,512,1.0,0,4096,0.0,0.0,0.0009369774073651883,0.0007311125564753995
0.1,0.4,2.0,envelope_gap,512,1.0,4096,4096,1.0,0.9990630225926348,0.9999999999999999,
0.1,0.4,2.0,constructive_age,1024,1.0,0,4096,0.0,0.0,0.0009369774073651883,0.0007311125564753995
0.1,0.4,2.0,envelope_gap,1024,1.0,4096,4096,1.0,0.9990630225926348,0.9999999999999999,
0.1,0.4,2.0,constructive_age,2048,1.0,0,4096,0.0,0.0,0.0009369774073651883,0.0007311125564753995
0.1,0.4,2.0,envelope_gap,2048,1.0,4096,4096,1.0,0.9990630225926348,0.9999999999999999,
0.1,0.4,2.0,constructive_age,4096,1.0,0,4096,0.0,0.0,0.0009369774073651883,0.0007311125564753995
0.1,0.4,2.0,envelope_gap,4096,1.0,4096,4096,1.0,0.9990630225926348,0.9999999999999999,
0.1,0.4,2.0,constructive_age,7200,1.0,0,4096,0.0,0.0,0.0009369774073651883,0.0007311125564753995
0.1,0.4,2.0,envelope_gap,7200,1.0,4096,4096,1.0,0.9990630225926348,0.9999999999999999,
0.1,0.4,2.0,constructive_disconnected,8,,4096,4096,1.0,0.9990630225926348,0.9999999999999999,
0.1,0.4,2.0,constructive_disconnected,32,,110,4096,0.02685546875,0.022330520952623504,0.032267068019775774,
0.1,0.4,2.0,constructive_disconnected,128,,0,4096,0.0,0.0,0.0009369774073651883,0.0007311125564753995
0.1,0.4,2.0,constructive_disconnected,512,,0,4096,0.0,0.0,0.0009369774073651883,0.0007311125564753995
0.1,0.4,2.0,constructive_disconnected,2880,,0,4096,0.0,0.0,0.0009369774073651883,0.0007311125564753995
0.1,0.7,0.0,constructive_age,4,1.0,4096,4096,1.0,0.9990630225926348,0.9999999999999999,
0.1,0.7,0.0,envelope_gap,4,1.0,4096,4096,1.0,0.9990630225926348,0.9999999999999999,
0.1,0.7,0.0,constructive_age,8,1.0,4096,4096,1.0,0.9990630225926348,0.9999999999999999,
0.1,0.7,0.0,envelope_gap,8,1.0,4096,4096,1.0,0.9990630225926348,0.9999999999999999,
0.1,0.7,0.0,constructive_age,16,1.0,4094,4096,0.99951171875,0.9982212896544476,0.9998660854551866,
0.1,0.7,0.0,envelope_gap,16,1.0,4096,4096,1.0,0.9990630225926348,0.9999999999999999,
0.1,0.7,0.0,constructive_age,32,1.0,326,4096,0.07958984375,0.07168955996663544,0.08827795716983079,
0.1,0.7,0.0,envelope_gap,32,1.0,3545,4096,0.865478515625,0.8546859370558118,0.8755862039701523,
0.1,0.7,0.0,constructive_age,64,1.0,0,4096,0.0,0.0,0.0009369774073651883,0.0007311125564753995
0.1,0.7,0.0,envelope_gap,64,1.0,17,4096,0.004150390625,0.0025929778542005417,0.0066370031586699164,
0.1,0.7,0.0,constructive_age,128,1.0,0,4096,0.0,0.0,0.0009369774073651883,0.0007311125564753995
0.1,0.7,0.0,envelope_gap,128,1.0,0,4096,0.0,0.0,0.0009369774073651883,0.0007311125564753995
0.1,0.7,0.0,constructive_age,256,4.1009105376532776e-05,0,4096,0.0,0.0,0.0009369774073651883,0.0007311125564753995
0.1,0.7,0.0,envelope_gap,256,4.1009105376532776e-05,0,4096,0.0,0.0,0.0009369774073651883,0.0007311125564753995
0.1,0.7,0.0,constructive_age,512,3.8617055862457e-14,0,4096,0.0,0.0,0.0009369774073651883,0.0007311125564753995
0.1,0.7,0.0,envelope_gap,512,3.8617055862457e-14,0,4096,0.0,0.0,0.0009369774073651883,0.0007311125564753995
0.1,0.7,0.0,constructive_age,1024,4.060239732431716e-32,0,4096,0.0,0.0,0.0009369774073651883,0.0007311125564753995
0.1,0.7,0.0,envelope_gap,1024,4.060239732431716e-32,0,4096,0.0,0.0,0.0009369774073651883,0.0007311125564753995
0.1,0.7,0.0,constructive_age,2048,3.764306368788032e-68,0,4096,0.0,0.0,0.0009369774073651883,0.0007311125564753995
0.1,0.7,0.0,envelope_gap,2048,3.764306368788032e-68,0,4096,0.0,0.0,0.0009369774073651883,0.0007311125564753995
0.1,0.7,0.0,constructive_age,4096,4.377563729774504e-140,0,4096,0.0,0.0,0.0009369774073651883,0.0007311125564753995
0.1,0.7,0.0,envelope_gap,4096,4.377563729774504e-140,0,4096,0.0,0.0,0.0009369774073651883,0.0007311125564753995
0.1,0.7,0.0,constructive_age,7200,3.8058458577959243e-249,0,4096,0.0,0.0,0.0009369774073651883,0.0007311125564753995
0.1,0.7,0.0,envelope_gap,7200,3.8058458577959243e-249,0,4096,0.0,0.0,0.0009369774073651883,0.0007311125564753995
0.1,0.7,0.0,constructive_disconnected,8,,3154,4096,0.77001953125,0.7568827087149754,0.7826503493843673,
0.1,0.7,0.0,constructive_disconnected,32,,0,4096,0.0,0.0,0.0009369774073651883,0.0007311125564753995
0.1,0.7,0.0,constructive_disconnected,128,,0,4096,0.0,0.0,0.0009369774073651883,0.0007311125564753995
0.1,0.7,0.0,constructive_disconnected,512,,0,4096,0.0,0.0,0.0009369774073651883,0.0007311125564753995
0.1,0.7,0.0,constructive_disconnected,2880,,0,4096,0.0,0.0,0.0009369774073651883,0.0007311125564753995
0.1,0.7,0.5,constructive_age,4,1.0,4096,4096,1.0,0.9990630225926348,0.9999999999999999,
0.1,0.7,0.5,envelope_gap,4,1.0,4096,4096,1.0,0.9990630225926348,0.9999999999999999,
0.1,0.7,0.5,constructive_age,8,1.0,4096,4096,1.0,0.9990630225926348,0.9999999999999999,
0.1,0.7,0.5,envelope_gap,8,1.0,4096,4096,1.0,0.9990630225926348,0.9999999999999999,
0.1,0.7,0.5,constructive_age,16,1.0,4094,4096,0.99951171875,0.9982212896544476,0.9998660854551866,
0.1,0.7,0.5,envelope_gap,16,1.0,4096,4096,1.0,0.9990630225926348,0.9999999999999999,
0.1,0.7,0.5,constructive_age,32,1.0,326,4096,0.07958984375,0.07168955996663544,0.08827795716983079,
0.1,0.7,0.5,envelope_gap,32,1.0,3545,4096,0.865478515625,0.8546859370558118,0.8755862039701523,
0.1,0.7,0.5,constructive_age,64,1.0,0,4096,0.0,0.0,0.0009369774073651883,0.0007311125564753995
0.1,0.7,0.5,envelope_gap,64,1.0,17,4096,0.004150390625,0.0025929778542005417,0.0066370031586699164,
0.1,0.7,0.5,constructive_age,128,1.0,0,4096,0.0,0.0,0.0009369774073651883,0.0007311125564753995
0.1,0.7,0.5,envelope_gap,128,1.0,0,4096,0.0,0.0,0.0009369774073651883,0.0007311125564753995
0.1,0.7,0.5,constructive_age,256,4.1009105376532776e-05,0,4096,0.0,0.0,0.0009369774073651883,0.0007311125564753995
0.1,0.7,0.5,envelope_gap,256,4.1009105376532776e-05,0,4096,0.0,0.0,0.0009369774073651883,0.0007311125564753995
0.1,0.7,0.5,constructive_age,512,3.8617055862457e-14,0,4096,0.0,0.0,0.0009369774073651883,0.0007311125564753995
0.1,0.7,0.5,envelope_gap,512,3.8617055862457e-14,0,4096,0.0,0.0,0.0009369774073651883,0.0007311125564753995
0.1,0.7,0.5,constructive_age,1024,4.060239732431716e-32,0,4096,0.0,0.0,0.0009369774073651883,0.0007311125564753995
0.1,0.7,0.5,envelope_gap,1024,4.060239732431716e-32,0,4096,0.0,0.0,0.0009369774073651883,0.0007311125564753995
0.1,0.7,0.5,constructive_age,2048,3.764306368788032e-68,0,4096,0.0,0.0,0.0009369774073651883,0.0007311125564753995
0.1,0.7,0.5,envelope_gap,2048,3.764306368788032e-68,0,4096,0.0,0.0,0.0009369774073651883,0.0007311125564753995
0.1,0.7,0.5,constructive_age,4096,4.377563729774504e-140,0,4096,0.0,0.0,0.0009369774073651883,0.0007311125564753995
0.1,0.7,0.5,envelope_gap,4096,4.377563729774504e-140,0,4096,0.0,0.0,0.0009369774073651883,0.0007311125564753995
0.1,0.7,0.5,constructive_age,7200,3.8058458577959243e-249,0,4096,0.0,0.0,0.0009369774073651883,0.0007311125564753995
0.1,0.7,0.5,envelope_gap,7200,3.8058458577959243e-249,0,4096,0.0,0.0,0.0009369774073651883,0.0007311125564753995
0.1,0.7,0.5,constructive_disconnected,8,,3154,4096,0.77001953125,0.7568827087149754,0.7826503493843673,
0.1,0.7,0.5,constructive_disconnected,32,,0,4096,0.0,0.0,0.0009369774073651883,0.0007311125564753995
0.1,0.7,0.5,constructive_disconnected,128,,0,4096,0.0,0.0,0.0009369774073651883,0.0007311125564753995
0.1,0.7,0.5,constructive_disconnected,512,,0,4096,0.0,0.0,0.0009369774073651883,0.0007311125564753995
0.1,0.7,0.5,constructive_disconnected,2880,,0,4096,0.0,0.0,0.0009369774073651883,0.0007311125564753995
0.1,0.7,1.0,constructive_age,4,1.0,4096,4096,1.0,0.9990630225926348,0.9999999999999999,
0.1,0.7,1.0,envelope_gap,4,1.0,4096,4096,1.0,0.9990630225926348,0.9999999999999999,
0.1,0.7,1.0,constructive_age,8,1.0,4096,4096,1.0,0.9990630225926348,0.9999999999999999,
0.1,0.7,1.0,envelope_gap,8,1.0,4096,4096,1.0,0.9990630225926348,0.9999999999999999,
0.1,0.7,1.0,constructive_age,16,1.0,4096,4096,1.0,0.9990630225926348,0.9999999999999999,
0.1,0.7,1.0,envelope_gap,16,1.0,4096,4096,1.0,0.9990630225926348,0.9999999999999999,
0.1,0.7,1.0,constructive_age,32,1.0,1597,4096,0.389892578125,0.37506606395550174,0.40492542862785846,
0.1,0.7,1.0,envelope_gap,32,1.0,4096,4096,1.0,0.9990630225926348,0.9999999999999999,
0.1,0.7,1.0,constructive_age,64,1.0,3,4096,0.000732421875,0.0002491200948151938,0.0021513285370509242,
0.1,0.7,1.0,envelope_gap,64,1.0,4096,4096,1.0,0.9990630225926348,0.9999999999999999,
0.1,0.7,1.0,constructive_age,128,1.0,0,4096,0.0,0.0,0.0009369774073651883,0.0007311125564753995
0.1,0.7,1.0,envelope_gap,128,1.0,4096,4096,1.0,0.9990630225926348,0.9999999999999999,
0.1,0.7,1.0,constructive_age,256,1.0,0,4096,0.0,0.0,0.0009369774073651883,0.0007311125564753995
0.1,0.7,1.0,envelope_gap,256,1.0,4096,4096,1.0,0.9990630225926348,0.9999999999999999,
0.1,0.7,1.0,constructive_age,512,1.0,0,4096,0.0,0.0,0.0009369774073651883,0.0007311125564753995
0.1,0.7,1.0,envelope_gap,512,1.0,4096,4096,1.0,0.9990630225926348,0.9999999999999999,
0.1,0.7,1.0,constructive_age,1024,1.0,0,4096,0.0,0.0,0.0009369774073651883,0.0007311125564753995
0.1,0.7,1.0,envelope_gap,1024,1.0,4096,4096,1.0,0.9990630225926348,0.9999999999999999,
0.1,0.7,1.0,constructive_age,2048,1.0,0,4096,0.0,0.0,0.0009369774073651883,0.0007311125564753995
0.1,0.7,1.0,envelope_gap,2048,1.0,4096,4096,1.0,0.9990630225926348,0.9999999999999999,
0.1,0.7,1.0,constructive_age,4096,1.0,0,4096,0.0,0.0,0.0009369774073651883,0.0007311125564753995
0.1,0.7,1.0,envelope_gap,4096,1.0,4096,4096,1.0,0.9990630225926348,0.9999999999999999,
0.1,0.7,1.0,constructive_age,7200,1.0,0,4096,0.0,0.0,0.0009369774073651883,0.0007311125564753995
0.1,0.7,1.0,envelope_gap,7200,1.0,4096,4096,1.0,0.9990630225926348,0.9999999999999999,
0.1,0.7,1.0,constructive_disconnected,8,,3830,4096,0.93505859375,0.9270969345308054,0.942204972822747,
0.1,0.7,1.0,constructive_disconnected,32,,0,4096,0.0,0.0,0.0009369774073651883,0.0007311125564753995
0.1,0.7,1.0,constructive_disconnected,128,,0,4096,0.0,0.0,0.0009369774073651883,0.0007311125564753995
0.1,0.7,1.0,constructive_disconnected,512,,0,4096,0.0,0.0,0.0009369774073651883,0.0007311125564753995
0.1,0.7,1.0,constructive_disconnected,2880,,0,4096,0.0,0.0,0.0009369774073651883,0.0007311125564753995
0.1,0.7,2.0,constructive_age,4,1.0,4096,4096,1.0,0.9990630225926348,0.9999999999999999,
0.1,0.7,2.0,envelope_gap,4,1.0,4096,4096,1.0,0.9990630225926348,0.9999999999999999,
0.1,0.7,2.0,constructive_age,8,1.0,4096,4096,1.0,0.9990630225926348,0.9999999999999999,
0.1,0.7,2.0,envelope_gap,8,1.0,4096,4096,1.0,0.9990630225926348,0.9999999999999999,
0.1,0.7,2.0,constructive_age,16,1.0,4096,4096,1.0,0.9990630225926348,0.9999999999999999,
0.1,0.7,2.0,envelope_gap,16,1.0,4096,4096,1.0,0.9990630225926348,0.9999999999999999,
0.1,0.7,2.0,constructive_age,32,1.0,3876,4096,0.9462890625,0.938957308629731,0.9527844908328355,
0.1,0.7,2.0,envelope_gap,32,1.0,4096,4096,1.0,0.9990630225926348,0.9999999999999999,
0.1,0.7,2.0,constructive_age,64,1.0,158,4096,0.03857421875,0.033095904460163784,0.04491722410425037,
0.1,0.7,2.0,envelope_gap,64,1.0,4096,4096,1.0,0.9990630225926348,0.9999999999999999,
0.1,0.7,2.0,constructive_age,128,1.0,1,4096,0.000244140625,4.309811523941186e-05,0.0013817030336260863,
0.1,0.7,2.0,envelope_gap,128,1.0,4096,4096,1.0,0.9990630225926348,0.9999999999999999,
0.1,0.7,2.0,constructive_age,256,1.0,0,4096,0.0,0.0,0.0009369774073651883,0.0007311125564753995
0.1,0.7,2.0,envelope_gap,256,1.0,4096,4096,1.0,0.9990630225926348,0.9999999999999999,
0.1,0.7,2.0,constructive_age,512,1.0,0,4096,0.0,0.0,0.0009369774073651883,0.0007311125564753995
0.1,0.7,2.0,envelope_gap,512,1.0,4096,4096,1.0,0.9990630225926348,0.9999999999999999,
0.1,0.7,2.0,constructive_age,1024,1.0,0,4096,0.0,0.0,0.0009369774073651883,0.0007311125564753995
0.1,0.7,2.0,envelope_gap,1024,1.0,4096,4096,1.0,0.9990630225926348,0.9999999999999999,
0.1,0.7,2.0,constructive_age,2048,1.0,0,4096,0.0,0.0,0.0009369774073651883,0.0007311125564753995
0.1,0.7,2.0,envelope_gap,2048,1.0,4096,4096,1.0,0.9990630225926348,0.9999999999999999,
0.1,0.7,2.0,constructive_age,4096,1.0,0,4096,0.0,0.0,0.0009369774073651883,0.0007311125564753995
0.1,0.7,2.0,envelope_gap,4096,1.0,4096,4096,1.0,0.9990630225926348,0.9999999999999999,
0.1,0.7,2.0,constructive_age,7200,1.0,0,4096,0.0,0.0,0.0009369774073651883,0.0007311125564753995
0.1,0.7,2.0,envelope_gap,7200,1.0,4096,4096,1.0,0.9990630225926348,0.9999999999999999,
0.1,0.7,2.0,constructive_disconnected,8,,4080,4096,0.99609375,0.9936637657680687,0.9975940769605611,
0.1,0.7,2.0,constructive_disconnected,32,,1,4096,0.000244140625,4.309811523941186e-05,0.0013817030336260863,
0.1,0.7,2.0,constructive_disconnected,128,,0,4096,0.0,0.0,0.0009369774073651883,0.0007311125564753995
0.1,0.7,2.0,constructive_disconnected,512,,0,4096,0.0,0.0,0.0009369774073651883,0.0007311125564753995
0.1,0.7,2.0,constructive_disconnected,2880,,0,4096,0.0,0.0,0.0009369774073651883,0.0007311125564753995
0.1,1.0,0.0,constructive_age,4,1.0,4096,4096,1.0,0.9990630225926348,0.9999999999999999,
0.1,1.0,0.0,envelope_gap,4,1.0,4096,4096,1.0,0.9990630225926348,0.9999999999999999,
0.1,1.0,0.0,constructive_age,8,1.0,4092,4096,0.9990234375,0.9974915571936952,0.9996201704329383,
0.1,1.0,0.0,envelope_gap,8,1.0,4096,4096,1.0,0.9990630225926348,0.9999999999999999,
0.1,1.0,0.0,constructive_age,16,1.0,362,4096,0.08837890625,0.08006750508298303,0.09746166674749436,
0.1,1.0,0.0,envelope_gap,16,1.0,4048,4096,0.98828125,0.9844979568178159,0.9911495261828039,
0.1,1.0,0.0,constructive_age,32,1.0,1,4096,0.000244140625,4.309811523941186e-05,0.0013817030336260863,
0.1,1.0,0.0,envelope_gap,32,1.0,37,4096,0.009033203125,0.006560810170804027,0.01242564567207263,
0.1,1.0,0.0,constructive_age,64,0.03722146771337646,0,4096,0.0,0.0,0.0009369774073651883,0.0007311125564753995
0.1,1.0,0.0,envelope_gap,64,0.03722146771337646,0,4096,0.0,0.0,0.0009369774073651883,0.0007311125564753995
0.1,1.0,0.0,constructive_age,128,3.498678430410615e-08,0,4096,0.0,0.0,0.0009369774073651883,0.0007311125564753995
0.1,1.0,0.0,envelope_gap,128,3.498678430410615e-08,0,4096,0.0,0.0,0.0009369774073651883,0.0007311125564753995
0.1,1.0,0.0,constructive_age,256,3.091185690233788e-20,0,4096,0.0,0.0,0.0009369774073651883,0.0007311125564753995
0.1,1.0,0.0,envelope_gap,256,3.091185690233788e-20,0,4096,0.0,0.0,0.0009369774073651883,0.0007311125564753995
0.1,1.0,0.0,constructive_age,512,2.4130550389675234e-44,0,4096,0.0,0.0,0.0009369774073651883,0.0007311125564753995
0.1,1.0,0.0,envelope_gap,512,2.4130550389675234e-44,0,4096,0.0,0.0,0.0009369774073651883,0.0007311125564753995
0.1,1.0,0.0,constructive_age,1024,1.4704541748346804e-92,0,4096,0.0,0.0,0.0009369774073651883,0.0007311125564753995
0.1,1.0,0.0,envelope_gap,1024,1.4704541748346804e-92,0,4096,0.0,0.0,0.0009369774073651883,0.0007311125564753995
0.1,1.0,0.0,constructive_age,2048,5.460344309715022e-189,0,4096,0.0,0.0,0.0009369774073651883,0.0007311125564753995
0.1,1.0,0.0,envelope_gap,2048,5.460344309715022e-189,0,4096,0.0,0.0,0.0009369774073651883,0.0007311125564753995
0.1,1.0,0.0,constructive_age,4096,0.0,0,4096,0.0,0.0,0.0009369774073651883,0.0007311125564753995
0.1,1.0,0.0,envelope_gap,4096,0.0,0,4096,0.0,0.0,0.0009369774073651883,0.0007311125564753995
0.1,1.0,0.0,constructive_age,7200,0.0,0,4096,0.0,0.0,0.0009369774073651883,0.0007311125564753995
0.1,1.0,0.0,envelope_gap,7200,0.0,0,4096,0.0,0.0,0.0009369774073651883,0.0007311125564753995
0.1,1.0,0.0,constructive_disconnected,8,,865,4096,0.211181640625,0.19895591200879828,0.223948601796335,
0.1,1.0,0.0,constructive_disconnected,32,,0,4096,0.0,0.0,0.0009369774073651883,0.0007311125564753995
0.1,1.0,0.0,constructive_disconnected,128,,0,4096,0.0,0.0,0.0009369774073651883,0.0007311125564753995
0.1,1.0,0.0,constructive_disconnected,512,,0,4096,0.0,0.0,0.0009369774073651883,0.0007311125564753995
0.1,1.0,0.0,constructive_disconnected,2880,,0,4096,0.0,0.0,0.0009369774073651883,0.0007311125564753995
0.1,1.0,0.5,constructive_age,4,1.0,4096,4096,1.0,0.9990630225926348,0.9999999999999999,
0.1,1.0,0.5,envelope_gap,4,1.0,4096,4096,1.0,0.9990630225926348,0.9999999999999999,
0.1,1.0,0.5,constructive_age,8,1.0,4092,4096,0.9990234375,0.9974915571936952,0.9996201704329383,
0.1,1.0,0.5,envelope_gap,8,1.0,4096,4096,1.0,0.9990630225926348,0.9999999999999999,
0.1,1.0,0.5,constructive_age,16,1.0,362,4096,0.08837890625,0.08006750508298303,0.09746166674749436,
0.1,1.0,0.5,envelope_gap,16,1.0,4048,4096,0.98828125,0.9844979568178159,0.9911495261828039,
0.1,1.0,0.5,constructive_age,32,1.0,1,4096,0.000244140625,4.309811523941186e-05,0.0013817030336260863,
0.1,1.0,0.5,envelope_gap,32,1.0,37,4096,0.009033203125,0.006560810170804027,0.01242564567207263,
0.1,1.0,0.5,constructive_age,64,0.03722146771337646,0,4096,0.0,0.0,0.0009369774073651883,0.0007311125564753995
0.1,1.0,0.5,envelope_gap,64,0.03722146771337646,0,4096,0.0,0.0,0.0009369774073651883,0.0007311125564753995
0.1,1.0,0.5,constructive_age,128,3.498678430410615e-08,0,4096,0.0,0.0,0.0009369774073651883,0.0007311125564753995
0.1,1.0,0.5,envelope_gap,128,3.498678430410615e-08,0,4096,0.0,0.0,0.0009369774073651883,0.0007311125564753995
0.1,1.0,0.5,constructive_age,256,3.091185690233788e-20,0,4096,0.0,0.0,0.0009369774073651883,0.0007311125564753995
0.1,1.0,0.5,envelope_gap,256,3.091185690233788e-20,0,4096,0.0,0.0,0.0009369774073651883,0.0007311125564753995
0.1,1.0,0.5,constructive_age,512,2.4130550389675234e-44,0,4096,0.0,0.0,0.0009369774073651883,0.0007311125564753995
0.1,1.0,0.5,envelope_gap,512,2.4130550389675234e-44,0,4096,0.0,0.0,0.0009369774073651883,0.0007311125564753995
0.1,1.0,0.5,constructive_age,1024,1.4704541748346804e-92,0,4096,0.0,0.0,0.0009369774073651883,0.0007311125564753995
0.1,1.0,0.5,envelope_gap,1024,1.4704541748346804e-92,0,4096,0.0,0.0,0.0009369774073651883,0.0007311125564753995
0.1,1.0,0.5,constructive_age,2048,5.460344309715022e-189,0,4096,0.0,0.0,0.0009369774073651883,0.0007311125564753995
0.1,1.0,0.5,envelope_gap,2048,5.460344309715022e-189,0,4096,0.0,0.0,0.0009369774073651883,0.0007311125564753995
0.1,1.0,0.5,constructive_age,4096,0.0,0,4096,0.0,0.0,0.0009369774073651883,0.0007311125564753995
0.1,1.0,0.5,envelope_gap,4096,0.0,0,4096,0.0,0.0,0.0009369774073651883,0.0007311125564753995
0.1,1.0,0.5,constructive_age,7200,0.0,0,4096,0.0,0.0,0.0009369774073651883,0.0007311125564753995
0.1,1.0,0.5,envelope_gap,7200,0.0,0,4096,0.0,0.0,0.0009369774073651883,0.0007311125564753995
0.1,1.0,0.5,constructive_disconnected,8,,865,4096,0.211181640625,0.19895591200879828,0.223948601796335,
0.1,1.0,0.5,constructive_disconnected,32,,0,4096,0.0,0.0,0.0009369774073651883,0.0007311125564753995
0.1,1.0,0.5,constructive_disconnected,128,,0,4096,0.0,0.0,0.0009369774073651883,0.0007311125564753995
0.1,1.0,0.5,constructive_disconnected,512,,0,4096,0.0,0.0,0.0009369774073651883,0.0007311125564753995
0.1,1.0,0.5,constructive_disconnected,2880,,0,4096,0.0,0.0,0.0009369774073651883,0.0007311125564753995
0.1,1.0,1.0,constructive_age,4,1.0,4096,4096,1.0,0.9990630225926348,0.9999999999999999,
0.1,1.0,1.0,envelope_gap,4,1.0,4096,4096,1.0,0.9990630225926348,0.9999999999999999,
0.1,1.0,1.0,constructive_age,8,1.0,4096,4096,1.0,0.9990630225926348,0.9999999999999999,
0.1,1.0,1.0,envelope_gap,8,1.0,4096,4096,1.0,0.9990630225926348,0.9999999999999999,
0.1,1.0,1.0,constructive_age,16,1.0,2657,4096,0.648681640625,0.633928954550816,0.6631557040228728,
0.1,1.0,1.0,envelope_gap,16,1.0,4096,4096,1.0,0.9990630225926348,0.9999999999999999,
0.1,1.0,1.0,constructive_age,32,1.0,21,4096,0.005126953125,0.0033558642108143656,0.007825411768057332,
0.1,1.0,1.0,envelope_gap,32,1.0,4096,4096,1.0,0.9990630225926348,0.9999999999999999,
0.1,1.0,1.0,constructive_age,64,1.0,0,4096,0.0,0.0,0.0009369774073651883,0.0007311125564753995
0.1,1.0,1.0,envelope_gap,64,1.0,4096,4096,1.0,0.9990630225926348,0.9999999999999999,
0.1,1.0,1.0,constructive_age,128,1.0,0,4096,0.0,0.0,0.0009369774073651883,0.0007311125564753995
0.1,1.0,1.0,envelope_gap,128,1.0,4096,4096,1.0,0.9990630225926348,0.9999999999999999,
0.1,1.0,1.0,constructive_age,256,1.0,0,4096,0.0,0.0,0.0009369774073651883,0.0007311125564753995
0.1,1.0,1.0,envelope_gap,256,1.0,4096,4096,1.0,0.9990630225926348,0.9999999999999999,
0.1,1.0,1.0,constructive_age,512,1.0,0,4096,0.0,0.0,0.0009369774073651883,0.0007311125564753995
0.1,1.0,1.0,envelope_gap,512,1.0,4096,4096,1.0,0.9990630225926348,0.9999999999999999,
0.1,1.0,1.0,constructive_age,1024,1.0,0,4096,0.0,0.0,0.0009369774073651883,0.0007311125564753995
0.1,1.0,1.0,envelope_gap,1024,1.0,4096,4096,1.0,0.9990630225926348,0.9999999999999999,
0.1,1.0,1.0,constructive_age,2048,1.0,0,4096,0.0,0.0,0.0009369774073651883,0.0007311125564753995
0.1,1.0,1.0,envelope_gap,2048,1.0,4096,4096,1.0,0.9990630225926348,0.9999999999999999,
0.1,1.0,1.0,constructive_age,4096,1.0,0,4096,0.0,0.0,0.0009369774073651883,0.0007311125564753995
0.1,1.0,1.0,envelope_gap,4096,1.0,4096,4096,1.0,0.9990630225926348,0.9999999999999999,
0.1,1.0,1.0,constructive_age,7200,1.0,0,4096,0.0,0.0,0.0009369774073651883,0.0007311125564753995
0.1,1.0,1.0,envelope_gap,7200,1.0,4096,4096,1.0,0.9990630225926348,0.9999999999999999,
0.1,1.0,1.0,constructive_disconnected,8,,1829,4096,0.446533203125,0.43136593109210175,0.4618006695193304,
0.1,1.0,1.0,constructive_disconnected,32,,0,4096,0.0,0.0,0.0009369774073651883,0.0007311125564753995
0.1,1.0,1.0,constructive_disconnected,128,,0,4096,0.0,0.0,0.0009369774073651883,0.0007311125564753995
0.1,1.0,1.0,constructive_disconnected,512,,0,4096,0.0,0.0,0.0009369774073651883,0.0007311125564753995
0.1,1.0,1.0,constructive_disconnected,2880,,0,4096,0.0,0.0,0.0009369774073651883,0.0007311125564753995
0.1,1.0,2.0,constructive_age,4,1.0,4096,4096,1.0,0.9990630225926348,0.9999999999999999,
0.1,1.0,2.0,envelope_gap,4,1.0,4096,4096,1.0,0.9990630225926348,0.9999999999999999,
0.1,1.0,2.0,constructive_age,8,1.0,4096,4096,1.0,0.9990630225926348,0.9999999999999999,
0.1,1.0,2.0,envelope_gap,8,1.0,4096,4096,1.0,0.9990630225926348,0.9999999999999999,
0.1,1.0,2.0,constructive_age,16,1.0,4096,4096,1.0,0.9990630225926348,0.9999999999999999,
0.1,1.0,2.0,envelope_gap,16,1.0,4096,4096,1.0,0.9990630225926348,0.9999999999999999,
0.1,1.0,2.0,constructive_age,32,1.0,1417,4096,0.345947265625,0.33153040735180517,0.3606528117614992,
0.1,1.0,2.0,envelope_gap,32,1.0,4096,4096,1.0,0.9990630225926348,0.9999999999999999,
0.1,1.0,2.0,constructive_age,64,1.0,2,4096,0.00048828125,0.00013391454481334652,0.0017787103455524616,
0.1,1.0,2.0,envelope_gap,64,1.0,4096,4096,1.0,0.9990630225926348,0.9999999999999999,
0.1,1.0,2.0,constructive_age,128,1.0,0,4096,0.0,0.0,0.0009369774073651883,0.0007311125564753995
0.1,1.0,2.0,envelope_gap,128,1.0,4096,4096,1.0,0.9990630225926348,0.9999999999999999,
0.1,1.0,2.0,constructive_age,256,1.0,0,4096,0.0,0.0,0.0009369774073651883,0.0007311125564753995
0.1,1.0,2.0,envelope_gap,256,1.0,4096,4096,1.0,0.9990630225926348,0.9999999999999999,
0.1,1.0,2.0,constructive_age,512,1.0,0,4096,0.0,0.0,0.0009369774073651883,0.0007311125564753995
0.1,1.0,2.0,envelope_gap,512,1.0,4096,4096,1.0,0.9990630225926348,0.9999999999999999,
0.1,1.0,2.0,constructive_age,1024,1.0,0,4096,0.0,0.0,0.0009369774073651883,0.0007311125564753995
0.1,1.0,2.0,envelope_gap,1024,1.0,4096,4096,1.0,0.9990630225926348,0.9999999999999999,
0.1,1.0,2.0,constructive_age,2048,1.0,0,4096,0.0,0.0,0.0009369774073651883,0.0007311125564753995
0.1,1.0,2.0,envelope_gap,2048,1.0,4096,4096,1.0,0.9990630225926348,0.9999999999999999,
0.1,1.0,2.0,constructive_age,4096,1.0,0,4096,0.0,0.0,0.0009369774073651883,0.0007311125564753995
0.1,1.0,2.0,envelope_gap,4096,1.0,4096,4096,1.0,0.9990630225926348,0.9999999999999999,
0.1,1.0,2.0,constructive_age,7200,1.0,0,4096,0.0,0.0,0.0009369774073651883,0.0007311125564753995
0.1,1.0,2.0,envelope_gap,7200,1.0,4096,4096,1.0,0.9990630225926348,0.9999999999999999,
0.1,1.0,2.0,constructive_disconnected,8,,3716,4096,0.9072265625,0.8979563715130343,0.9157336293094827,
0.1,1.0,2.0,constructive_disconnected,32,,0,4096,0.0,0.0,0.0009369774073651883,0.0007311125564753995
0.1,1.0,2.0,constructive_disconnected,128,,0,4096,0.0,0.0,0.0009369774073651883,0.0007311125564753995
0.1,1.0,2.0,constructive_disconnected,512,,0,4096,0.0,0.0,0.0009369774073651883,0.0007311125564753995
0.1,1.0,2.0,constructive_disconnected,2880,,0,4096,0.0,0.0,0.0009369774073651883,0.0007311125564753995
0.2,0.2,0.0,constructive_age,4,1.0,4096,4096,1.0,0.9990630225926348,0.9999999999999999,
0.2,0.2,0.0,envelope_gap,4,1.0,4096,4096,1.0,0.9990630225926348,0.9999999999999999,
0.2,0.2,0.0,constructive_age,8,1.0,4096,4096,1.0,0.9990630225926348,0.9999999999999999,
0.2,0.2,0.0,envelope_gap,8,1.0,4096,4096,1.0,0.9990630225926348,0.9999999999999999,
0.2,0.2,0.0,constructive_age,16,1.0,4096,4096,1.0,0.9990630225926348,0.9999999999999999,
0.2,0.2,0.0,envelope_gap,16,1.0,4096,4096,1.0,0.9990630225926348,0.9999999999999999,
0.2,0.2,0.0,constructive_age,32,1.0,4096,4096,1.0,0.9990630225926348,0.9999999999999999,
0.2,0.2,0.0,envelope_gap,32,1.0,4096,4096,1.0,0.9990630225926348,0.9999999999999999,
0.2,0.2,0.0,constructive_age,64,1.0,4096,4096,1.0,0.9990630225926348,0.9999999999999999,
0.2,0.2,0.0,envelope_gap,64,1.0,4096,4096,1.0,0.9990630225926348,0.9999999999999999,
0.2,0.2,0.0,constructive_age,128,1.0,4096,4096,1.0,0.9990630225926348,0.9999999999999999,
0.2,0.2,0.0,envelope_gap,128,1.0,4096,4096,1.0,0.9990630225926348,0.9999999999999999,
0.2,0.2,0.0,constructive_age,256,1.0,4096,4096,1.0,0.9990630225926348,0.9999999999999999,
0.2,0.2,0.0,envelope_gap,256,1.0,4096,4096,1.0,0.9990630225926348,0.9999999999999999,
0.2,0.2,0.0,constructive_age,512,1.0,4096,4096,1.0,0.9990630225926348,0.9999999999999999,
0.2,0.2,0.0,envelope_gap,512,1.0,4096,4096,1.0,0.9990630225926348,0.9999999999999999,
0.2,0.2,0.0,constructive_age,1024,1.0,4096,4096,1.0,0.9990630225926348,0.9999999999999999,
0.2,0.2,0.0,envelope_gap,1024,1.0,4096,4096,1.0,0.9990630225926348,0.9999999999999999,
0.2,0.2,0.0,constructive_age,2048,1.0,4096,4096,1.0,0.9990630225926348,0.9999999999999999,
0.2,0.2,0.0,envelope_gap,2048,1.0,4096,4096,1.0,0.9990630225926348,0.9999999999999999,
0.2,0.2,0.0,constructive_age,4096,1.0,4096,4096,1.0,0.9990630225926348,0.9999999999999999,
0.2,0.2,0.0,envelope_gap,4096,1.0,4096,4096,1.0,0.9990630225926348,0.9999999999999999,
0.2,0.2,0.0,constructive_age,7200,1.0,4096,4096,1.0,0.9990630225926348,0.9999999999999999,
0.2,0.2,0.0,envelope_gap,7200,1.0,4096,4096,1.0,0.9990630225926348,0.9999999999999999,
0.2,0.2,0.0,constructive_disconnected,8,,4096,4096,1.0,0.9990630225926348,0.9999999999999999,
0.2,0.2,0.0,constructive_disconnected,32,,4096,4096,1.0,0.9990630225926348,0.9999999999999999,
0.2,0.2,0.0,constructive_disconnected,128,,4096,4096,1.0,0.9990630225926348,0.9999999999999999,
0.2,0.2,0.0,constructive_disconnected,512,,4096,4096,1.0,0.9990630225926348,0.9999999999999999,
0.2,0.2,0.0,constructive_disconnected,2880,,0,4096,0.0,0.0,0.0009369774073651883,0.0007311125564753995
0.2,0.2,0.5,constructive_age,4,1.0,4096,4096,1.0,0.9990630225926348,0.9999999999999999,
0.2,0.2,0.5,envelope_gap,4,1.0,4096,4096,1.0,0.9990630225926348,0.9999999999999999,
0.2,0.2,0.5,constructive_age,8,1.0,4096,4096,1.0,0.9990630225926348,0.9999999999999999,
0.2,0.2,0.5,envelope_gap,8,1.0,4096,4096,1.0,0.9990630225926348,0.9999999999999999,
0.2,0.2,0.5,constructive_age,16,1.0,4096,4096,1.0,0.9990630225926348,0.9999999999999999,
0.2,0.2,0.5,envelope_gap,16,1.0,4096,4096,1.0,0.9990630225926348,0.9999999999999999,
0.2,0.2,0.5,constructive_age,32,1.0,4096,4096,1.0,0.9990630225926348,0.9999999999999999,
0.2,0.2,0.5,envelope_gap,32,1.0,4096,4096,1.0,0.9990630225926348,0.9999999999999999,
0.2,0.2,0.5,constructive_age,64,1.0,4096,4096,1.0,0.9990630225926348,0.9999999999999999,
0.2,0.2,0.5,envelope_gap,64,1.0,4096,4096,1.0,0.9990630225926348,0.9999999999999999,
0.2,0.2,0.5,constructive_age,128,1.0,4096,4096,1.0,0.9990630225926348,0.9999999999999999,
0.2,0.2,0.5,envelope_gap,128,1.0,4096,4096,1.0,0.9990630225926348,0.9999999999999999,
0.2,0.2,0.5,constructive_age,256,1.0,4096,4096,1.0,0.9990630225926348,0.9999999999999999,
0.2,0.2,0.5,envelope_gap,256,1.0,4096,4096,1.0,0.9990630225926348,0.9999999999999999,
0.2,0.2,0.5,constructive_age,512,1.0,4096,4096,1.0,0.9990630225926348,0.9999999999999999,
0.2,0.2,0.5,envelope_gap,512,1.0,4096,4096,1.0,0.9990630225926348,0.9999999999999999,
0.2,0.2,0.5,constructive_age,1024,1.0,4096,4096,1.0,0.9990630225926348,0.9999999999999999,
0.2,0.2,0.5,envelope_gap,1024,1.0,4096,4096,1.0,0.9990630225926348,0.9999999999999999,
0.2,0.2,0.5,constructive_age,2048,1.0,4096,4096,1.0,0.9990630225926348,0.9999999999999999,
0.2,0.2,0.5,envelope_gap,2048,1.0,4096,4096,1.0,0.9990630225926348,0.9999999999999999,
0.2,0.2,0.5,constructive_age,4096,1.0,4096,4096,1.0,0.9990630225926348,0.9999999999999999,
0.2,0.2,0.5,envelope_gap,4096,1.0,4096,4096,1.0,0.9990630225926348,0.9999999999999999,
0.2,0.2,0.5,constructive_age,7200,1.0,4096,4096,1.0,0.9990630225926348,0.9999999999999999,
0.2,0.2,0.5,envelope_gap,7200,1.0,4096,4096,1.0,0.9990630225926348,0.9999999999999999,
0.2,0.2,0.5,constructive_disconnected,8,,4096,4096,1.0,0.9990630225926348,0.9999999999999999,
0.2,0.2,0.5,constructive_disconnected,32,,4096,4096,1.0,0.9990630225926348,0.9999999999999999,
0.2,0.2,0.5,constructive_disconnected,128,,4096,4096,1.0,0.9990630225926348,0.9999999999999999,
0.2,0.2,0.5,constructive_disconnected,512,,4096,4096,1.0,0.9990630225926348,0.9999999999999999,
0.2,0.2,0.5,constructive_disconnected,2880,,0,4096,0.0,0.0,0.0009369774073651883,0.0007311125564753995
0.2,0.2,1.0,constructive_age,4,1.0,4096,4096,1.0,0.9990630225926348,0.9999999999999999,
0.2,0.2,1.0,envelope_gap,4,1.0,4096,4096,1.0,0.9990630225926348,0.9999999999999999,
0.2,0.2,1.0,constructive_age,8,1.0,4096,4096,1.0,0.9990630225926348,0.9999999999999999,
0.2,0.2,1.0,envelope_gap,8,1.0,4096,4096,1.0,0.9990630225926348,0.9999999999999999,
0.2,0.2,1.0,constructive_age,16,1.0,4096,4096,1.0,0.9990630225926348,0.9999999999999999,
0.2,0.2,1.0,envelope_gap,16,1.0,4096,4096,1.0,0.9990630225926348,0.9999999999999999,
0.2,0.2,1.0,constructive_age,32,1.0,4096,4096,1.0,0.9990630225926348,0.9999999999999999,
0.2,0.2,1.0,envelope_gap,32,1.0,4096,4096,1.0,0.9990630225926348,0.9999999999999999,
0.2,0.2,1.0,constructive_age,64,1.0,4096,4096,1.0,0.9990630225926348,0.9999999999999999,
0.2,0.2,1.0,envelope_gap,64,1.0,4096,4096,1.0,0.9990630225926348,0.9999999999999999,
0.2,0.2,1.0,constructive_age,128,1.0,4096,4096,1.0,0.9990630225926348,0.9999999999999999,
0.2,0.2,1.0,envelope_gap,128,1.0,4096,4096,1.0,0.9990630225926348,0.9999999999999999,
0.2,0.2,1.0,constructive_age,256,1.0,4096,4096,1.0,0.9990630225926348,0.9999999999999999,
0.2,0.2,1.0,envelope_gap,256,1.0,4096,4096,1.0,0.9990630225926348,0.9999999999999999,
0.2,0.2,1.0,constructive_age,512,1.0,4096,4096,1.0,0.9990630225926348,0.9999999999999999,
0.2,0.2,1.0,envelope_gap,512,1.0,4096,4096,1.0,0.9990630225926348,0.9999999999999999,
0.2,0.2,1.0,constructive_age,1024,1.0,4096,4096,1.0,0.9990630225926348,0.9999999999999999,
0.2,0.2,1.0,envelope_gap,1024,1.0,4096,4096,1.0,0.9990630225926348,0.9999999999999999,
0.2,0.2,1.0,constructive_age,2048,1.0,4096,4096,1.0,0.9990630225926348,0.9999999999999999,
0.2,0.2,1.0,envelope_gap,2048,1.0,4096,4096,1.0,0.9990630225926348,0.9999999999999999,
0.2,0.2,1.0,constructive_age,4096,1.0,4096,4096,1.0,0.9990630225926348,0.9999999999999999,
0.2,0.2,1.0,envelope_gap,4096,1.0,4096,4096,1.0,0.9990630225926348,0.9999999999999999,
0.2,0.2,1.0,constructive_age,7200,1.0,4096,4096,1.0,0.9990630225926348,0.9999999999999999,
0.2,0.2,1.0,envelope_gap,7200,1.0,4096,4096,1.0,0.9990630225926348,0.9999999999999999,
0.2,0.2,1.0,constructive_disconnected,8,,4096,4096,1.0,0.9990630225926348,0.9999999999999999,
0.2,0.2,1.0,constructive_disconnected,32,,4096,4096,1.0,0.9990630225926348,0.9999999999999999,
0.2,0.2,1.0,constructive_disconnected,128,,4096,4096,1.0,0.9990630225926348,0.9999999999999999,
0.2,0.2,1.0,constructive_disconnected,512,,4096,4096,1.0,0.9990630225926348,0.9999999999999999,
0.2,0.2,1.0,constructive_disconnected,2880,,0,4096,0.0,0.0,0.0009369774073651883,0.0007311125564753995
0.2,0.2,2.0,constructive_age,4,1.0,4096,4096,1.0,0.9990630225926348,0.9999999999999999,
0.2,0.2,2.0,envelope_gap,4,1.0,4096,4096,1.0,0.9990630225926348,0.9999999999999999,
0.2,0.2,2.0,constructive_age,8,1.0,4096,4096,1.0,0.9990630225926348,0.9999999999999999,
0.2,0.2,2.0,envelope_gap,8,1.0,4096,4096,1.0,0.9990630225926348,0.9999999999999999,
0.2,0.2,2.0,constructive_age,16,1.0,4096,4096,1.0,0.9990630225926348,0.9999999999999999,
0.2,0.2,2.0,envelope_gap,16,1.0,4096,4096,1.0,0.9990630225926348,0.9999999999999999,
0.2,0.2,2.0,constructive_age,32,1.0,4096,4096,1.0,0.9990630225926348,0.9999999999999999,
0.2,0.2,2.0,envelope_gap,32,1.0,4096,4096,1.0,0.9990630225926348,0.9999999999999999,
0.2,0.2,2.0,constructive_age,64,1.0,4096,4096,1.0,0.9990630225926348,0.9999999999999999,
0.2,0.2,2.0,envelope_gap,64,1.0,4096,4096,1.0,0.9990630225926348,0.9999999999999999,
0.2,0.2,2.0,constructive_age,128,1.0,4096,4096,1.0,0.9990630225926348,0.9999999999999999,
0.2,0.2,2.0,envelope_gap,128,1.0,4096,4096,1.0,0.9990630225926348,0.9999999999999999,
0.2,0.2,2.0,constructive_age,256,1.0,4096,4096,1.0,0.9990630225926348,0.9999999999999999,
0.2,0.2,2.0,envelope_gap,256,1.0,4096,4096,1.0,0.9990630225926348,0.9999999999999999,
0.2,0.2,2.0,constructive_age,512,1.0,4096,4096,1.0,0.9990630225926348,0.9999999999999999,
0.2,0.2,2.0,envelope_gap,512,1.0,4096,4096,1.0,0.9990630225926348,0.9999999999999999,
0.2,0.2,2.0,constructive_age,1024,1.0,4096,4096,1.0,0.9990630225926348,0.9999999999999999,
0.2,0.2,2.0,envelope_gap,1024,1.0,4096,4096,1.0,0.9990630225926348,0.9999999999999999,
0.2,0.2,2.0,constructive_age,2048,1.0,4096,4096,1.0,0.9990630225926348,0.9999999999999999,
0.2,0.2,2.0,envelope_gap,2048,1.0,4096,4096,1.0,0.9990630225926348,0.9999999999999999,
0.2,0.2,2.0,constructive_age,4096,1.0,4096,4096,1.0,0.9990630225926348,0.9999999999999999,
0.2,0.2,2.0,envelope_gap,4096,1.0,4096,4096,1.0,0.9990630225926348,0.9999999999999999,
0.2,0.2,2.0,constructive_age,7200,1.0,4096,4096,1.0,0.9990630225926348,0.9999999999999999,
0.2,0.2,2.0,envelope_gap,7200,1.0,4096,4096,1.0,0.9990630225926348,0.9999999999999999,
0.2,0.2,2.0,constructive_disconnected,8,,4096,4096,1.0,0.9990630225926348,0.9999999999999999,
0.2,0.2,2.0,constructive_disconnected,32,,4096,4096,1.0,0.9990630225926348,0.9999999999999999,
0.2,0.2,2.0,constructive_disconnected,128,,4096,4096,1.0,0.9990630225926348,0.9999999999999999,
0.2,0.2,2.0,constructive_disconnected,512,,4096,4096,1.0,0.9990630225926348,0.9999999999999999,
0.2,0.2,2.0,constructive_disconnected,2880,,0,4096,0.0,0.0,0.0009369774073651883,0.0007311125564753995
0.2,0.4,0.0,constructive_age,4,1.0,4096,4096,1.0,0.9990630225926348,0.9999999999999999,
0.2,0.4,0.0,envelope_gap,4,1.0,4096,4096,1.0,0.9990630225926348,0.9999999999999999,
0.2,0.4,0.0,constructive_age,8,1.0,4096,4096,1.0,0.9990630225926348,0.9999999999999999,
0.2,0.4,0.0,envelope_gap,8,1.0,4096,4096,1.0,0.9990630225926348,0.9999999999999999,
0.2,0.4,0.0,constructive_age,16,1.0,4096,4096,1.0,0.9990630225926348,0.9999999999999999,
0.2,0.4,0.0,envelope_gap,16,1.0,4096,4096,1.0,0.9990630225926348,0.9999999999999999,
0.2,0.4,0.0,constructive_age,32,1.0,4096,4096,1.0,0.9990630225926348,0.9999999999999999,
0.2,0.4,0.0,envelope_gap,32,1.0,4096,4096,1.0,0.9990630225926348,0.9999999999999999,
0.2,0.4,0.0,constructive_age,64,1.0,4096,4096,1.0,0.9990630225926348,0.9999999999999999,
0.2,0.4,0.0,envelope_gap,64,1.0,4096,4096,1.0,0.9990630225926348,0.9999999999999999,
0.2,0.4,0.0,constructive_age,128,1.0,4096,4096,1.0,0.9990630225926348,0.9999999999999999,
0.2,0.4,0.0,envelope_gap,128,1.0,4096,4096,1.0,0.9990630225926348,0.9999999999999999,
0.2,0.4,0.0,constructive_age,256,1.0,3326,4096,0.81201171875,0.7997563511900377,0.8236823904473584,
0.2,0.4,0.0,envelope_gap,256,1.0,4096,4096,1.0,0.9990630225926348,0.9999999999999999,
0.2,0.4,0.0,constructive_age,512,1.0,148,4096,0.0361328125,0.030838463484247167,0.042296427665163894,
0.2,0.4,0.0,envelope_gap,512,1.0,1938,4096,0.47314453125,0.45788672259121427,0.48845266584375163,
0.2,0.4,0.0,constructive_age,1024,1.0,0,4096,0.0,0.0,0.0009369774073651883,0.0007311125564753995
0.2,0.4,0.0,envelope_gap,1024,1.0,11,4096,0.002685546875,0.0015002563109177591,0.004802782252950839,
0.2,0.4,0.0,constructive_age,2048,1.0,0,4096,0.0,0.0,0.0009369774073651883,0.0007311125564753995
0.2,0.4,0.0,envelope_gap,2048,1.0,0,4096,0.0,0.0,0.0009369774073651883,0.0007311125564753995
0.2,0.4,0.0,constructive_age,4096,1.0,0,4096,0.0,0.0,0.0009369774073651883,0.0007311125564753995
0.2,0.4,0.0,envelope_gap,4096,1.0,0,4096,0.0,0.0,0.0009369774073651883,0.0007311125564753995
0.2,0.4,0.0,constructive_age,7200,0.0010722051078702719,0,4096,0.0,0.0,0.0009369774073651883,0.0007311125564753995
0.2,0.4,0.0,envelope_gap,7200,0.0010722051078702719,0,4096,0.0,0.0,0.0009369774073651883,0.0007311125564753995
0.2,0.4,0.0,constructive_disconnected,8,,4096,4096,1.0,0.9990630225926348,0.9999999999999999,
0.2,0.4,0.0,constructive_disconnected,32,,4096,4096,1.0,0.9990630225926348,0.9999999999999999,
0.2,0.4,0.0,constructive_disconnected,128,,183,4096,0.044677734375,0.03876608545839374,0.05144263664352817,
0.2,0.4,0.0,constructive_disconnected,512,,0,4096,0.0,0.0,0.0009369774073651883,0.0007311125564753995
0.2,0.4,0.0,constructive_disconnected,2880,,0,4096,0.0,0.0,0.0009369774073651883,0.0007311125564753995
0.2,0.4,0.5,constructive_age,4,1.0,4096,4096,1.0,0.9990630225926348,0.9999999999999999,
0.2,0.4,0.5,envelope_gap,4,1.0,4096,4096,1.0,0.9990630225926348,0.9999999999999999,
0.2,0.4,0.5,constructive_age,8,1.0,4096,4096,1.0,0.9990630225926348,0.9999999999999999,
0.2,0.4,0.5,envelope_gap,8,1.0,4096,4096,1.0,0.9990630225926348,0.9999999999999999,
0.2,0.4,0.5,constructive_age,16,1.0,4096,4096,1.0,0.9990630225926348,0.9999999999999999,
0.2,0.4,0.5,envelope_gap,16,1.0,4096,4096,1.0,0.9990630225926348,0.9999999999999999,
0.2,0.4,0.5,constructive_age,32,1.0,4096,4096,1.0,0.9990630225926348,0.9999999999999999,
0.2,0.4,0.5,envelope_gap,32,1.0,4096,4096,1.0,0.9990630225926348,0.9999999999999999,
0.2,0.4,0.5,constructive_age,64,1.0,4096,4096,1.0,0.9990630225926348,0.9999999999999999,
0.2,0.4,0.5,envelope_gap,64,1.0,4096,4096,1.0,0.9990630225926348,0.9999999999999999,
0.2,0.4,0.5,constructive_age,128,1.0,4096,4096,1.0,0.9990630225926348,0.9999999999999999,
0.2,0.4,0.5,envelope_gap,128,1.0,4096,4096,1.0,0.9990630225926348,0.9999999999999999,
0.2,0.4,0.5,constructive_age,256,1.0,3326,4096,0.81201171875,0.7997563511900377,0.8236823904473584,
0.2,0.4,0.5,envelope_gap,256,1.0,4096,4096,1.0,0.9990630225926348,0.9999999999999999,
0.2,0.4,0.5,constructive_age,512,1.0,148,4096,0.0361328125,0.030838463484247167,0.042296427665163894,
0.2,0.4,0.5,envelope_gap,512,1.0,1938,4096,0.47314453125,0.45788672259121427,0.48845266584375163,
0.2,0.4,0.5,constructive_age,1024,1.0,0,4096,0.0,0.0,0.0009369774073651883,0.0007311125564753995
0.2,0.4,0.5,envelope_gap,1024,1.0,11,4096,0.002685546875,0.0015002563109177591,0.004802782252950839,
0.2,0.4,0.5,constructive_age,2048,1.0,0,4096,0.0,0.0,0.0009369774073651883,0.0007311125564753995
0.2,0.4,0.5,envelope_gap,2048,1.0,0,4096,0.0,0.0,0.0009369774073651883,0.0007311125564753995
0.2,0.4,0.5,constructive_age,4096,1.0,0,4096,0.0,0.0,0.0009369774073651883,0.0007311125564753995
0.2,0.4,0.5,envelope_gap,4096,1.0,0,4096,0.0,0.0,0.0009369774073651883,0.0007311125564753995
0.2,0.4,0.5,constructive_age,7200,0.0010722051078702719,0,4096,0.0,0.0,0.0009369774073651883,0.0007311125564753995
0.2,0.4,0.5,envelope_gap,7200,0.0010722051078702719,0,4096,0.0,0.0,0.0009369774073651883,0.0007311125564753995
0.2,0.4,0.5,constructive_disconnected,8,,4096,4096,1.0,0.9990630225926348,0.9999999999999999,
0.2,0.4,0.5,constructive_disconnected,32,,4096,4096,1.0,0.9990630225926348,0.9999999999999999,
0.2,0.4,0.5,constructive_disconnected,128,,183,4096,0.044677734375,0.03876608545839374,0.05144263664352817,
0.2,0.4,0.5,constructive_disconnected,512,,0,4096,0.0,0.0,0.0009369774073651883,0.0007311125564753995
0.2,0.4,0.5,constructive_disconnected,2880,,0,4096,0.0,0.0,0.0009369774073651883,0.0007311125564753995
0.2,0.4,1.0,constructive_age,4,1.0,4096,4096,1.0,0.9990630225926348,0.9999999999999999,
0.2,0.4,1.0,envelope_gap,4,1.0,4096,4096,1.0,0.9990630225926348,0.9999999999999999,
0.2,0.4,1.0,constructive_age,8,1.0,4096,4096,1.0,0.9990630225926348,0.9999999999999999,
0.2,0.4,1.0,envelope_gap,8,1.0,4096,4096,1.0,0.9990630225926348,0.9999999999999999,
0.2,0.4,1.0,constructive_age,16,1.0,4096,4096,1.0,0.9990630225926348,0.9999999999999999,
0.2,0.4,1.0,envelope_gap,16,1.0,4096,4096,1.0,0.9990630225926348,0.9999999999999999,
0.2,0.4,1.0,constructive_age,32,1.0,4096,4096,1.0,0.9990630225926348,0.9999999999999999,
0.2,0.4,1.0,envelope_gap,32,1.0,4096,4096,1.0,0.9990630225926348,0.9999999999999999,
0.2,0.4,1.0,constructive_age,64,1.0,4096,4096,1.0,0.9990630225926348,0.9999999999999999,
0.2,0.4,1.0,envelope_gap,64,1.0,4096,4096,1.0,0.9990630225926348,0.9999999999999999,
0.2,0.4,1.0,constructive_age,128,1.0,4096,4096,1.0,0.9990630225926348,0.9999999999999999,
0.2,0.4,1.0,envelope_gap,128,1.0,4096,4096,1.0,0.9990630225926348,0.9999999999999999,
0.2,0.4,1.0,constructive_age,256,1.0,4095,4096,0.999755859375,0.9986182969663738,0.9999569018847606,
0.2,0.4,1.0,envelope_gap,256,1.0,4096,4096,1.0,0.9990630225926348,0.9999999999999999,
0.2,0.4,1.0,constructive_age,512,1.0,2892,4096,0.7060546875,0.6919153312355036,0.719807906590758,
0.2,0.4,1.0,envelope_gap,512,1.0,4096,4096,1.0,0.9990630225926348,0.9999999999999999,
0.2,0.4,1.0,constructive_age,1024,1.0,126,4096,0.03076171875,0.025897640903542296,0.036505127932861946,
0.2,0.4,1.0,envelope_gap,1024,1.0,4096,4096,1.0,0.9990630225926348,0.9999999999999999,
0.2,0.4,1.0,constructive_age,2048,1.0,0,4096,0.0,0.0,0.0009369774073651883,0.0007311125564753995
0.2,0.4,1.0,envelope_gap,2048,1.0,4096,4096,1.0,0.9990630225926348,0.9999999999999999,
0.2,0.4,1.0,constructive_age,4096,1.0,0,4096,0.0,0.0,0.0009369774073651883,0.0007311125564753995
0.2,0.4,1.0,envelope_gap,4096,1.0,4096,4096,1.0,0.9990630225926348,0.9999999999999999,
0.2,0.4,1.0,constructive_age,7200,1.0,0,4096,0.0,0.0,0.0009369774073651883,0.0007311125564753995
0.2,0.4,1.0,envelope_gap,7200,1.0,4096,4096,1.0,0.9990630225926348,0.9999999999999999,
0.2,0.4,1.0,constructive_disconnected,8,,4096,4096,1.0,0.9990630225926348,0.9999999999999999,
0.2,0.4,1.0,constructive_disconnected,32,,4096,4096,1.0,0.9990630225926348,0.9999999999999999,
0.2,0.4,1.0,constructive_disconnected,128,,2659,4096,0.649169921875,0.6344214371629558,0.6636388688937335,
0.2,0.4,1.0,constructive_disconnected,512,,0,4096,0.0,0.0,0.0009369774073651883,0.0007311125564753995
0.2,0.4,1.0,constructive_disconnected,2880,,0,4096,0.0,0.0,0.0009369774073651883,0.0007311125564753995
0.2,0.4,2.0,constructive_age,4,1.0,4096,4096,1.0,0.9990630225926348,0.9999999999999999,
0.2,0.4,2.0,envelope_gap,4,1.0,4096,4096,1.0,0.9990630225926348,0.9999999999999999,
0.2,0.4,2.0,constructive_age,8,1.0,4096,4096,1.0,0.9990630225926348,0.9999999999999999,
0.2,0.4,2.0,envelope_gap,8,1.0,4096,4096,1.0,0.9990630225926348,0.9999999999999999,
0.2,0.4,2.0,constructive_age,16,1.0,4096,4096,1.0,0.9990630225926348,0.9999999999999999,
0.2,0.4,2.0,envelope_gap,16,1.0,4096,4096,1.0,0.9990630225926348,0.9999999999999999,
0.2,0.4,2.0,constructive_age,32,1.0,4096,4096,1.0,0.9990630225926348,0.9999999999999999,
0.2,0.4,2.0,envelope_gap,32,1.0,4096,4096,1.0,0.9990630225926348,0.9999999999999999,
0.2,0.4,2.0,constructive_age,64,1.0,4096,4096,1.0,0.9990630225926348,0.9999999999999999,
0.2,0.4,2.0,envelope_gap,64,1.0,4096,4096,1.0,0.9990630225926348,0.9999999999999999,
0.2,0.4,2.0,constructive_age,128,1.0,4096,4096,1.0,0.9990630225926348,0.9999999999999999,
0.2,0.4,2.0,envelope_gap,128,1.0,4096,4096,1.0,0.9990630225926348,0.9999999999999999,
0.2,0.4,2.0,constructive_age,256,1.0,4096,4096,1.0,0.9990630225926348,0.9999999999999999,
0.2,0.4,2.0,envelope_gap,256,1.0,4096,4096,1.0,0.9990630225926348,0.9999999999999999,
0.2,0.4,2.0,constructive_age,512,1.0,4096,4096,1.0,0.9990630225926348,0.9999999999999999,
0.2,0.4,2.0,envelope_gap,512,1.0,4096,4096,1.0,0.9990630225926348,0.9999999999999999,
0.2,0.4,2.0,constructive_age,1024,1.0,3848,4096,0.939453125,0.9317293423030818,0.9463533923974762,
0.2,0.4,2.0,envelope_gap,1024,1.0,4096,4096,1.0,0.9990630225926348,0.9999999999999999,
0.2,0.4,2.0,constructive_age,2048,1.0,1175,4096,0.286865234375,0.2732186125617709,0.3009112611084585,
0.2,0.4,2.0,envelope_gap,2048,1.0,4096,4096,1.0,0.9990630225926348,0.9999999999999999,
0.2,0.4,2.0,constructive_age,4096,1.0,37,4096,0.009033203125,0.006560810170804027,0.01242564567207263,
0.2,0.4,2.0,envelope_gap,4096,1.0,4096,4096,1.0,0.9990630225926348,0.9999999999999999,
0.2,0.4,2.0,constructive_age,7200,1.0,1,4096,0.000244140625,4.309811523941186e-05,0.0013817030336260863,
0.2,0.4,2.0,envelope_gap,7200,1.0,4096,4096,1.0,0.9990630225926348,0.9999999999999999,
0.2,0.4,2.0,constructive_disconnected,8,,4096,4096,1.0,0.9990630225926348,0.9999999999999999,
0.2,0.4,2.0,constructive_disconnected,32,,4096,4096,1.0,0.9990630225926348,0.9999999999999999,
0.2,0.4,2.0,constructive_disconnected,128,,4095,4096,0.999755859375,0.9986182969663738,0.9999569018847606,
0.2,0.4,2.0,constructive_disconnected,512,,745,4096,0.181884765625,0.17037124447227164,0.19399442035282444,
0.2,0.4,2.0,constructive_disconnected,2880,,0,4096,0.0,0.0,0.0009369774073651883,0.0007311125564753995
0.2,0.7,0.0,constructive_age,4,1.0,4096,4096,1.0,0.9990630225926348,0.9999999999999999,
0.2,0.7,0.0,envelope_gap,4,1.0,4096,4096,1.0,0.9990630225926348,0.9999999999999999,
0.2,0.7,0.0,constructive_age,8,1.0,4096,4096,1.0,0.9990630225926348,0.9999999999999999,
0.2,0.7,0.0,envelope_gap,8,1.0,4096,4096,1.0,0.9990630225926348,0.9999999999999999,
0.2,0.7,0.0,constructive_age,16,1.0,4096,4096,1.0,0.9990630225926348,0.9999999999999999,
0.2,0.7,0.0,envelope_gap,16,1.0,4096,4096,1.0,0.9990630225926348,0.9999999999999999,
0.2,0.7,0.0,constructive_age,32,1.0,4096,4096,1.0,0.9990630225926348,0.9999999999999999,
0.2,0.7,0.0,envelope_gap,32,1.0,4096,4096,1.0,0.9990630225926348,0.9999999999999999,
0.2,0.7,0.0,constructive_age,64,1.0,1689,4096,0.412353515625,0.39736734973161,0.42750392706977874,
0.2,0.7,0.0,envelope_gap,64,1.0,4082,4096,0.99658203125,0.9942706398960515,0.9979628503155791,
0.2,0.7,0.0,constructive_age,128,1.0,4,4096,0.0009765625,0.000379829567061715,0.0025084428063047127,
0.2,0.7,0.0,envelope_gap,128,1.0,257,4096,0.062744140625,0.055719528675085485,0.07058815029785935,
0.2,0.7,0.0,constructive_age,256,1.0,0,4096,0.0,0.0,0.0009369774073651883,0.0007311125564753995
0.2,0.7,0.0,envelope_gap,256,1.0,0,4096,0.0,0.0,0.0009369774073651883,0.0007311125564753995
0.2,0.7,0.0,constructive_age,512,0.07818640310144812,0,4096,0.0,0.0,0.0009369774073651883,0.0007311125564753995
0.2,0.7,0.0,envelope_gap,512,0.07818640310144812,0,4096,0.0,0.0,0.0009369774073651883,0.0007311125564753995
0.2,0.7,0.0,constructive_age,1024,1.6284793461580407e-07,0,4096,0.0,0.0,0.0009369774073651883,0.0007311125564753995
0.2,0.7,0.0,envelope_gap,1024,1.6284793461580407e-07,0,4096,0.0,0.0,0.0009369774073651883,0.0007311125564753995
0.2,0.7,0.0,constructive_age,2048,7.320801357550416e-19,0,4096,0.0,0.0,0.0009369774073651883,0.0007311125564753995
0.2,0.7,0.0,envelope_gap,2048,7.320801357550416e-19,0,4096,0.0,0.0,0.0009369774073651883,0.0007311125564753995
0.2,0.7,0.0,constructive_age,4096,1.5093262217452783e-41,0,4096,0.0,0.0,0.0009369774073651883,0.0007311125564753995
0.2,0.7,0.0,envelope_gap,4096,1.5093262217452783e-41,0,4096,0.0,0.0,0.0009369774073651883,0.0007311125564753995
0.2,0.7,0.0,constructive_age,7200,6.7594306738856e-76,0,4096,0.0,0.0,0.0009369774073651883,0.0007311125564753995
0.2,0.7,0.0,envelope_gap,7200,6.7594306738856e-76,0,4096,0.0,0.0,0.0009369774073651883,0.0007311125564753995
0.2,0.7,0.0,constructive_disconnected,8,,4096,4096,1.0,0.9990630225926348,0.9999999999999999,
0.2,0.7,0.0,constructive_disconnected,32,,266,4096,0.06494140625,0.057795027177253044,0.07290306546919459,
0.2,0.7,0.0,constructive_disconnected,128,,0,4096,0.0,0.0,0.0009369774073651883,0.0007311125564753995
0.2,0.7,0.0,constructive_disconnected,512,,0,4096,0.0,0.0,0.0009369774073651883,0.0007311125564753995
0.2,0.7,0.0,constructive_disconnected,2880,,0,4096,0.0,0.0,0.0009369774073651883,0.0007311125564753995
0.2,0.7,0.5,constructive_age,4,1.0,4096,4096,1.0,0.9990630225926348,0.9999999999999999,
0.2,0.7,0.5,envelope_gap,4,1.0,4096,4096,1.0,0.9990630225926348,0.9999999999999999,
0.2,0.7,0.5,constructive_age,8,1.0,4096,4096,1.0,0.9990630225926348,0.9999999999999999,
0.2,0.7,0.5,envelope_gap,8,1.0,4096,4096,1.0,0.9990630225926348,0.9999999999999999,
0.2,0.7,0.5,constructive_age,16,1.0,4096,4096,1.0,0.9990630225926348,0.9999999999999999,
0.2,0.7,0.5,envelope_gap,16,1.0,4096,4096,1.0,0.9990630225926348,0.9999999999999999,
0.2,0.7,0.5,constructive_age,32,1.0,4096,4096,1.0,0.9990630225926348,0.9999999999999999,
0.2,0.7,0.5,envelope_gap,32,1.0,4096,4096,1.0,0.9990630225926348,0.9999999999999999,
0.2,0.7,0.5,constructive_age,64,1.0,1689,4096,0.412353515625,0.39736734973161,0.42750392706977874,
0.2,0.7,0.5,envelope_gap,64,1.0,4082,4096,0.99658203125,0.9942706398960515,0.9979628503155791,
0.2,0.7,0.5,constructive_age,128,1.0,4,4096,0.0009765625,0.000379829567061715,0.0025084428063047127,
0.2,0.7,0.5,envelope_gap,128,1.0,257,4096,0.062744140625,0.055719528675085485,0.07058815029785935,
0.2,0.7,0.5,constructive_age,256,1.0,0,4096,0.0,0.0,0.0009369774073651883,0.0007311125564753995
0.2,0.7,0.5,envelope_gap,256,1.0,0,4096,0.0,0.0,0.0009369774073651883,0.0007311125564753995
0.2,0.7,0.5,constructive_age,512,0.07818640310144812,0,4096,0.0,0.0,0.0009369774073651883,0.0007311125564753995
0.2,0.7,0.5,envelope_gap,512,0.07818640310144812,0,4096,0.0,0.0,0.0009369774073651883,0.0007311125564753995
0.2,0.7,0.5,constructive_age,1024,1.6284793461580407e-07,0,4096,0.0,0.0,0.0009369774073651883,0.0007311125564753995
0.2,0.7,0.5,envelope_gap,1024,1.6284793461580407e-07,0,4096,0.0,0.0,0.0009369774073651883,0.0007311125564753995
0.2,0.7,0.5,constructive_age,2048,7.320801357550416e-19,0,4096,0.0,0.0,0.0009369774073651883,0.0007311125564753995
0.2,0.7,0.5,envelope_gap,2048,7.320801357550416e-19,0,4096,0.0,0.0,0.0009369774073651883,0.0007311125564753995
0.2,0.7,0.5,constructive_age,4096,1.5093262217452783e-41,0,4096,0.0,0.0,0.0009369774073651883,0.0007311125564753995
0.2,0.7,0.5,envelope_gap,4096,1.5093262217452783e-41,0,4096,0.0,0.0,0.0009369774073651883,0.0007311125564753995
0.2,0.7,0.5,constructive_age,7200,6.7594306738856e-76,0,4096,0.0,0.0,0.0009369774073651883,0.0007311125564753995
0.2,0.7,0.5,envelope_gap,7200,6.7594306738856e-76,0,4096,0.0,0.0,0.0009369774073651883,0.0007311125564753995
0.2,0.7,0.5,constructive_disconnected,8,,4096,4096,1.0,0.9990630225926348,0.9999999999999999,
0.2,0.7,0.5,constructive_disconnected,32,,266,4096,0.06494140625,0.057795027177253044,0.07290306546919459,
0.2,0.7,0.5,constructive_disconnected,128,,0,4096,0.0,0.0,0.0009369774073651883,0.0007311125564753995
0.2,0.7,0.5,constructive_disconnected,512,,0,4096,0.0,0.0,0.0009369774073651883,0.0007311125564753995
0.2,0.7,0.5,constructive_disconnected,2880,,0,4096,0.0,0.0,0.0009369774073651883,0.0007311125564753995
0.2,0.7,1.0,constructive_age,4,1.0,4096,4096,1.0,0.9990630225926348,0.9999999999999999,
0.2,0.7,1.0,envelope_gap,4,1.0,4096,4096,1.0,0.9990630225926348,0.9999999999999999,
0.2,0.7,1.0,constructive_age,8,1.0,4096,4096,1.0,0.9990630225926348,0.9999999999999999,
0.2,0.7,1.0,envelope_gap,8,1.0,4096,4096,1.0,0.9990630225926348,0.9999999999999999,
0.2,0.7,1.0,constructive_age,16,1.0,4096,4096,1.0,0.9990630225926348,0.9999999999999999,
0.2,0.7,1.0,envelope_gap,16,1.0,4096,4096,1.0,0.9990630225926348,0.9999999999999999,
0.2,0.7,1.0,constructive_age,32,1.0,4096,4096,1.0,0.9990630225926348,0.9999999999999999,
0.2,0.7,1.0,envelope_gap,32,1.0,4096,4096,1.0,0.9990630225926348,0.9999999999999999,
0.2,0.7,1.0,constructive_age,64,1.0,4078,4096,0.99560546875,0.9930638103960733,0.9972183848495558,
0.2,0.7,1.0,envelope_gap,64,1.0,4096,4096,1.0,0.9990630225926348,0.9999999999999999,
0.2,0.7,1.0,constructive_age,128,1.0,518,4096,0.12646484375,0.1166348680410559,0.13699480746346981,
0.2,0.7,1.0,envelope_gap,128,1.0,4096,4096,1.0,0.9990630225926348,0.9999999999999999,
0.2,0.7,1.0,constructive_age,256,1.0,0,4096,0.0,0.0,0.0009369774073651883,0.0007311125564753995
0.2,0.7,1.0,envelope_gap,256,1.0,4096,4096,1.0,0.9990630225926348,0.9999999999999999,
0.2,0.7,1.0,constructive_age,512,1.0,0,4096,0.0,0.0,0.0009369774073651883,0.0007311125564753995
0.2,0.7,1.0,envelope_gap,512,1.0,4096,4096,1.0,0.9990630225926348,0.9999999999999999,
0.2,0.7,1.0,constructive_age,1024,1.0,0,4096,0.0,0.0,0.0009369774073651883,0.0007311125564753995
0.2,0.7,1.0,envelope_gap,1024,1.0,4096,4096,1.0,0.9990630225926348,0.9999999999999999,
0.2,0.7,1.0,constructive_age,2048,1.0,0,4096,0.0,0.0,0.0009369774073651883,0.0007311125564753995
0.2,0.7,1.0,envelope_gap,2048,1.0,4096,4096,1.0,0.9990630225926348,0.9999999999999999,
0.2,0.7,1.0,constructive_age,4096,1.0,0,4096,0.0,0.0,0.0009369774073651883,0.0007311125564753995
0.2,0.7,1.0,envelope_gap,4096,1.0,4096,4096,1.0,0.9990630225926348,0.9999999999999999,
0.2,0.7,1.0,constructive_age,7200,1.0,0,4096,0.0,0.0,0.0009369774073651883,0.0007311125564753995
0.2,0.7,1.0,envelope_gap,7200,1.0,4096,4096,1.0,0.9990630225926348,0.9999999999999999,
0.2,0.7,1.0,constructive_disconnected,8,,4096,4096,1.0,0.9990630225926348,0.9999999999999999,
0.2,0.7,1.0,constructive_disconnected,32,,2390,4096,0.58349609375,0.5683275237207287,0.5985081958723774,
0.2,0.7,1.0,constructive_disconnected,128,,0,4096,0.0,0.0,0.0009369774073651883,0.0007311125564753995
0.2,0.7,1.0,constructive_disconnected,512,,0,4096,0.0,0.0,0.0009369774073651883,0.0007311125564753995
0.2,0.7,1.0,constructive_disconnected,2880,,0,4096,0.0,0.0,0.0009369774073651883,0.0007311125564753995
0.2,0.7,2.0,constructive_age,4,1.0,4096,4096,1.0,0.9990630225926348,0.9999999999999999,
0.2,0.7,2.0,envelope_gap,4,1.0,4096,4096,1.0,0.9990630225926348,0.9999999999999999,
0.2,0.7,2.0,constructive_age,8,1.0,4096,4096,1.0,0.9990630225926348,0.9999999999999999,
0.2,0.7,2.0,envelope_gap,8,1.0,4096,4096,1.0,0.9990630225926348,0.9999999999999999,
0.2,0.7,2.0,constructive_age,16,1.0,4096,4096,1.0,0.9990630225926348,0.9999999999999999,
0.2,0.7,2.0,envelope_gap,16,1.0,4096,4096,1.0,0.9990630225926348,0.9999999999999999,
0.2,0.7,2.0,constructive_age,32,1.0,4096,4096,1.0,0.9990630225926348,0.9999999999999999,
0.2,0.7,2.0,envelope_gap,32,1.0,4096,4096,1.0,0.9990630225926348,0.9999999999999999,
0.2,0.7,2.0,constructive_age,64,1.0,4096,4096,1.0,0.9990630225926348,0.9999999999999999,
0.2,0.7,2.0,envelope_gap,64,1.0,4096,4096,1.0,0.9990630225926348,0.9999999999999999,
0.2,0.7,2.0,constructive_age,128,1.0,4063,4096,0.991943359375,0.9887074354065306,0.9942574037165939,
0.2,0.7,2.0,envelope_gap,128,1.0,4096,4096,1.0,0.9990630225926348,0.9999999999999999,
0.2,0.7,2.0,constructive_age,256,1.0,745,4096,0.181884765625,0.17037124447227164,0.19399442035282444,
0.2,0.7,2.0,envelope_gap,256,1.0,4096,4096,1.0,0.9990630225926348,0.9999999999999999,
0.2,0.7,2.0,constructive_age,512,1.0,6,4096,0.00146484375,0.0006715185421635897,0.0031924013142034585,
0.2,0.7,2.0,envelope_gap,512,1.0,4096,4096,1.0,0.9990630225926348,0.9999999999999999,
0.2,0.7,2.0,constructive_age,1024,1.0,0,4096,0.0,0.0,0.0009369774073651883,0.0007311125564753995
0.2,0.7,2.0,envelope_gap,1024,1.0,4096,4096,1.0,0.9990630225926348,0.9999999999999999,
0.2,0.7,2.0,constructive_age,2048,1.0,0,4096,0.0,0.0,0.0009369774073651883,0.0007311125564753995
0.2,0.7,2.0,envelope_gap,2048,1.0,4096,4096,1.0,0.9990630225926348,0.9999999999999999,
0.2,0.7,2.0,constructive_age,4096,1.0,0,4096,0.0,0.0,0.0009369774073651883,0.0007311125564753995
0.2,0.7,2.0,envelope_gap,4096,1.0,4096,4096,1.0,0.9990630225926348,0.9999999999999999,
0.2,0.7,2.0,constructive_age,7200,1.0,0,4096,0.0,0.0,0.0009369774073651883,0.0007311125564753995
0.2,0.7,2.0,envelope_gap,7200,1.0,4096,4096,1.0,0.9990630225926348,0.9999999999999999,
0.2,0.7,2.0,constructive_disconnected,8,,4096,4096,1.0,0.9990630225926348,0.9999999999999999,
0.2,0.7,2.0,constructive_disconnected,32,,4095,4096,0.999755859375,0.9986182969663738,0.9999569018847606,
0.2,0.7,2.0,constructive_disconnected,128,,11,4096,0.002685546875,0.0015002563109177591,0.004802782252950839,
0.2,0.7,2.0,constructive_disconnected,512,,0,4096,0.0,0.0,0.0009369774073651883,0.0007311125564753995
0.2,0.7,2.0,constructive_disconnected,2880,,0,4096,0.0,0.0,0.0009369774073651883,0.0007311125564753995
0.2,1.0,0.0,constructive_age,4,1.0,4096,4096,1.0,0.9990630225926348,0.9999999999999999,
0.2,1.0,0.0,envelope_gap,4,1.0,4096,4096,1.0,0.9990630225926348,0.9999999999999999,
0.2,1.0,0.0,constructive_age,8,1.0,4096,4096,1.0,0.9990630225926348,0.9999999999999999,
0.2,1.0,0.0,envelope_gap,8,1.0,4096,4096,1.0,0.9990630225926348,0.9999999999999999,
0.2,1.0,0.0,constructive_age,16,1.0,4096,4096,1.0,0.9990630225926348,0.9999999999999999,
0.2,1.0,0.0,envelope_gap,16,1.0,4096,4096,1.0,0.9990630225926348,0.9999999999999999,
0.2,1.0,0.0,constructive_age,32,1.0,972,4096,0.2373046875,0.22452603438632307,0.25057561975934334,
0.2,1.0,0.0,envelope_gap,32,1.0,4080,4096,0.99609375,0.9936637657680687,0.9975940769605611,
0.2,1.0,0.0,constructive_age,64,1.0,0,4096,0.0,0.0,0.0009369774073651883,0.0007311125564753995
0.2,1.0,0.0,envelope_gap,64,1.0,103,4096,0.025146484375,0.020778184389122753,0.03040463839277436,
0.2,1.0,0.0,constructive_age,128,1.0,0,4096,0.0,0.0,0.0009369774073651883,0.0007311125564753995
0.2,1.0,0.0,envelope_gap,128,1.0,0,4096,0.0,0.0,0.0009369774073651883,0.0007311125564753995
0.2,1.0,0.0,constructive_age,256,5.079936094305511e-05,0,4096,0.0,0.0,0.0009369774073651883,0.0007311125564753995
0.2,1.0,0.0,envelope_gap,256,5.079936094305511e-05,0,4096,0.0,0.0,0.0009369774073651883,0.0007311125564753995
0.2,1.0,0.0,constructive_age,512,7.821524675627264e-14,0,4096,0.0,0.0,0.0009369774073651883,0.0007311125564753995
0.2,1.0,0.0,envelope_gap,512,7.821524675627264e-14,0,4096,0.0,0.0,0.0009369774073651883,0.0007311125564753995
0.2,1.0,0.0,constructive_age,1024,1.8542050584439463e-31,0,4096,0.0,0.0,0.0009369774073651883,0.0007311125564753995
0.2,1.0,0.0,envelope_gap,1024,1.8542050584439463e-31,0,4096,0.0,0.0,0.0009369774073651883,0.0007311125564753995
0.2,1.0,0.0,constructive_age,2048,1.0420545280406609e-66,0,4096,0.0,0.0,0.0009369774073651883,0.0007311125564753995
0.2,1.0,0.0,envelope_gap,2048,1.0420545280406609e-66,0,4096,0.0,0.0,0.0009369774073651883,0.0007311125564753995
0.2,1.0,0.0,constructive_age,4096,3.2912116538588524e-137,0,4096,0.0,0.0,0.0009369774073651883,0.0007311125564753995
0.2,1.0,0.0,envelope_gap,4096,3.2912116538588524e-137,0,4096,0.0,0.0,0.0009369774073651883,0.0007311125564753995
0.2,1.0,0.0,constructive_age,7200,4.6236293204295606e-244,0,4096,0.0,0.0,0.0009369774073651883,0.0007311125564753995
0.2,1.0,0.0,envelope_gap,7200,4.6236293204295606e-244,0,4096,0.0,0.0,0.0009369774073651883,0.0007311125564753995
0.2,1.0,0.0,constructive_disconnected,8,,4096,4096,1.0,0.9990630225926348,0.9999999999999999,
0.2,1.0,0.0,constructive_disconnected,32,,0,4096,0.0,0.0,0.0009369774073651883,0.0007311125564753995
0.2,1.0,0.0,constructive_disconnected,128,,0,4096,0.0,0.0,0.0009369774073651883,0.0007311125564753995
0.2,1.0,0.0,constructive_disconnected,512,,0,4096,0.0,0.0,0.0009369774073651883,0.0007311125564753995
0.2,1.0,0.0,constructive_disconnected,2880,,0,4096,0.0,0.0,0.0009369774073651883,0.0007311125564753995
0.2,1.0,0.5,constructive_age,4,1.0,4096,4096,1.0,0.9990630225926348,0.9999999999999999,
0.2,1.0,0.5,envelope_gap,4,1.0,4096,4096,1.0,0.9990630225926348,0.9999999999999999,
0.2,1.0,0.5,constructive_age,8,1.0,4096,4096,1.0,0.9990630225926348,0.9999999999999999,
0.2,1.0,0.5,envelope_gap,8,1.0,4096,4096,1.0,0.9990630225926348,0.9999999999999999,
0.2,1.0,0.5,constructive_age,16,1.0,4096,4096,1.0,0.9990630225926348,0.9999999999999999,
0.2,1.0,0.5,envelope_gap,16,1.0,4096,4096,1.0,0.9990630225926348,0.9999999999999999,
0.2,1.0,0.5,constructive_age,32,1.0,972,4096,0.2373046875,0.22452603438632307,0.25057561975934334,
0.2,1.0,0.5,envelope_gap,32,1.0,4080,4096,0.99609375,0.9936637657680687,0.9975940769605611,
0.2,1.0,0.5,constructive_age,64,1.0,0,4096,0.0,0.0,0.0009369774073651883,0.0007311125564753995
0.2,1.0,0.5,envelope_gap,64,1.0,103,4096,0.025146484375,0.020778184389122753,0.03040463839277436,
0.2,1.0,0.5,constructive_age,128,1.0,0,4096,0.0,0.0,0.0009369774073651883,0.0007311125564753995
0.2,1.0,0.5,envelope_gap,128,1.0,0,4096,0.0,0.0,0.0009369774073651883,0.0007311125564753995
0.2,1.0,0.5,constructive_age,256,5.079936094305511e-05,0,4096,0.0,0.0,0.0009369774073651883,0.0007311125564753995
0.2,1.0,0.5,envelope_gap,256,5.079936094305511e-05,0,4096,0.0,0.0,0.0009369774073651883,0.0007311125564753995
0.2,1.0,0.5,constructive_age,512,7.821524675627264e-14,0,4096,0.0,0.0,0.0009369774073651883,0.0007311125564753995
0.2,1.0,0.5,envelope_gap,512,7.821524675627264e-14,0,4096,0.0,0.0,0.0009369774073651883,0.0007311125564753995
0.2,1.0,0.5,constructive_age,1024,1.8542050584439463e-31,0,4096,0.0,0.0,0.0009369774073651883,0.0007311125564753995
0.2,1.0,0.5,envelope_gap,1024,1.8542050584439463e-31,0,4096,0.0,0.0,0.0009369774073651883,0.0007311125564753995
0.2,1.0,0.5,constructive_age,2048,1.0420545280406609e-66,0,4096,0.0,0.0,0.0009369774073651883,0.0007311125564753995
0.2,1.0,0.5,envelope_gap,2048,1.0420545280406609e-66,0,4096,0.0,0.0,0.0009369774073651883,0.0007311125564753995
0.2,1.0,0.5,constructive_age,4096,3.2912116538588524e-137,0,4096,0.0,0.0,0.0009369774073651883,0.0007311125564753995
0.2,1.0,0.5,envelope_gap,4096,3.2912116538588524e-137,0,4096,0.0,0.0,0.0009369774073651883,0.0007311125564753995
0.2,1.0,0.5,constructive_age,7200,4.6236293204295606e-244,0,4096,0.0,0.0,0.0009369774073651883,0.0007311125564753995
0.2,1.0,0.5,envelope_gap,7200,4.6236293204295606e-244,0,4096,0.0,0.0,0.0009369774073651883,0.0007311125564753995
0.2,1.0,0.5,constructive_disconnected,8,,4096,4096,1.0,0.9990630225926348,0.9999999999999999,
0.2,1.0,0.5,constructive_disconnected,32,,0,4096,0.0,0.0,0.0009369774073651883,0.0007311125564753995
0.2,1.0,0.5,constructive_disconnected,128,,0,4096,0.0,0.0,0.0009369774073651883,0.0007311125564753995
0.2,1.0,0.5,constructive_disconnected,512,,0,4096,0.0,0.0,0.0009369774073651883,0.0007311125564753995
0.2,1.0,0.5,constructive_disconnected,2880,,0,4096,0.0,0.0,0.0009369774073651883,0.0007311125564753995
0.2,1.0,1.0,constructive_age,4,1.0,4096,4096,1.0,0.9990630225926348,0.9999999999999999,
0.2,1.0,1.0,envelope_gap,4,1.0,4096,4096,1.0,0.9990630225926348,0.9999999999999999,
0.2,1.0,1.0,constructive_age,8,1.0,4096,4096,1.0,0.9990630225926348,0.9999999999999999,
0.2,1.0,1.0,envelope_gap,8,1.0,4096,4096,1.0,0.9990630225926348,0.9999999999999999,
0.2,1.0,1.0,constructive_age,16,1.0,4096,4096,1.0,0.9990630225926348,0.9999999999999999,
0.2,1.0,1.0,envelope_gap,16,1.0,4096,4096,1.0,0.9990630225926348,0.9999999999999999,
0.2,1.0,1.0,constructive_age,32,1.0,4076,4096,0.9951171875,0.9924697076331114,0.9968368401295172,
0.2,1.0,1.0,envelope_gap,32,1.0,4096,4096,1.0,0.9990630225926348,0.9999999999999999,
0.2,1.0,1.0,constructive_age,64,1.0,386,4096,0.09423828125,0.08566735215057011,0.10356958947591471,
0.2,1.0,1.0,envelope_gap,64,1.0,4096,4096,1.0,0.9990630225926348,0.9999999999999999,
0.2,1.0,1.0,constructive_age,128,1.0,2,4096,0.00048828125,0.00013391454481334652,0.0017787103455524616,
0.2,1.0,1.0,envelope_gap,128,1.0,4096,4096,1.0,0.9990630225926348,0.9999999999999999,
0.2,1.0,1.0,constructive_age,256,1.0,0,4096,0.0,0.0,0.0009369774073651883,0.0007311125564753995
0.2,1.0,1.0,envelope_gap,256,1.0,4096,4096,1.0,0.9990630225926348,0.9999999999999999,
0.2,1.0,1.0,constructive_age,512,1.0,0,4096,0.0,0.0,0.0009369774073651883,0.0007311125564753995
0.2,1.0,1.0,envelope_gap,512,1.0,4096,4096,1.0,0.9990630225926348,0.9999999999999999,
0.2,1.0,1.0,constructive_age,1024,1.0,0,4096,0.0,0.0,0.0009369774073651883,0.0007311125564753995
0.2,1.0,1.0,envelope_gap,1024,1.0,4096,4096,1.0,0.9990630225926348,0.9999999999999999,
0.2,1.0,1.0,constructive_age,2048,1.0,0,4096,0.0,0.0,0.0009369774073651883,0.0007311125564753995
0.2,1.0,1.0,envelope_gap,2048,1.0,4096,4096,1.0,0.9990630225926348,0.9999999999999999,
0.2,1.0,1.0,constructive_age,4096,1.0,0,4096,0.0,0.0,0.0009369774073651883,0.0007311125564753995
0.2,1.0,1.0,envelope_gap,4096,1.0,4096,4096,1.0,0.9990630225926348,0.9999999999999999,
0.2,1.0,1.0,constructive_age,7200,1.0,0,4096,0.0,0.0,0.0009369774073651883,0.0007311125564753995
0.2,1.0,1.0,envelope_gap,7200,1.0,4096,4096,1.0,0.9990630225926348,0.9999999999999999,
0.2,1.0,1.0,constructive_disconnected,8,,4096,4096,1.0,0.9990630225926348,0.9999999999999999,
0.2,1.0,1.0,constructive_disconnected,32,,90,4096,0.02197265625,0.017910997539834456,0.02693011660255863,
0.2,1.0,1.0,constructive_disconnected,128,,0,4096,0.0,0.0,0.0009369774073651883,0.0007311125564753995
0.2,1.0,1.0,constructive_disconnected,512,,0,4096,0.0,0.0,0.0009369774073651883,0.0007311125564753995
0.2,1.0,1.0,constructive_disconnected,2880,,0,4096,0.0,0.0,0.0009369774073651883,0.0007311125564753995
0.2,1.0,2.0,constructive_age,4,1.0,4096,4096,1.0,0.9990630225926348,0.9999999999999999,
0.2,1.0,2.0,envelope_gap,4,1.0,4096,4096,1.0,0.9990630225926348,0.9999999999999999,
0.2,1.0,2.0,constructive_age,8,1.0,4096,4096,1.0,0.9990630225926348,0.9999999999999999,
0.2,1.0,2.0,envelope_gap,8,1.0,4096,4096,1.0,0.9990630225926348,0.9999999999999999,
0.2,1.0,2.0,constructive_age,16,1.0,4096,4096,1.0,0.9990630225926348,0.9999999999999999,
0.2,1.0,2.0,envelope_gap,16,1.0,4096,4096,1.0,0.9990630225926348,0.9999999999999999,
0.2,1.0,2.0,constructive_age,32,1.0,4096,4096,1.0,0.9990630225926348,0.9999999999999999,
0.2,1.0,2.0,envelope_gap,32,1.0,4096,4096,1.0,0.9990630225926348,0.9999999999999999,
0.2,1.0,2.0,constructive_age,64,1.0,4095,4096,0.999755859375,0.9986182969663738,0.9999569018847606,
0.2,1.0,2.0,envelope_gap,64,1.0,4096,4096,1.0,0.9990630225926348,0.9999999999999999,
0.2,1.0,2.0,constructive_age,128,1.0,1243,4096,0.303466796875,0.2895765975734012,0.3177252905188493,
0.2,1.0,2.0,envelope_gap,128,1.0,4096,4096,1.0,0.9990630225926348,0.9999999999999999,
0.2,1.0,2.0,constructive_age,256,1.0,2,4096,0.00048828125,0.00013391454481334652,0.0017787103455524616,
0.2,1.0,2.0,envelope_gap,256,1.0,4096,4096,1.0,0.9990630225926348,0.9999999999999999,
0.2,1.0,2.0,constructive_age,512,1.0,0,4096,0.0,0.0,0.0009369774073651883,0.0007311125564753995
0.2,1.0,2.0,envelope_gap,512,1.0,4096,4096,1.0,0.9990630225926348,0.9999999999999999,
0.2,1.0,2.0,constructive_age,1024,1.0,0,4096,0.0,0.0,0.0009369774073651883,0.0007311125564753995
0.2,1.0,2.0,envelope_gap,1024,1.0,4096,4096,1.0,0.9990630225926348,0.9999999999999999,
0.2,1.0,2.0,constructive_age,2048,1.0,0,4096,0.0,0.0,0.0009369774073651883,0.0007311125564753995
0.2,1.0,2.0,envelope_gap,2048,1.0,4096,4096,1.0,0.9990630225926348,0.9999999999999999,
0.2,1.0,2.0,constructive_age,4096,1.0,0,4096,0.0,0.0,0.0009369774073651883,0.0007311125564753995
0.2,1.0,2.0,envelope_gap,4096,1.0,4096,4096,1.0,0.9990630225926348,0.9999999999999999,
0.2,1.0,2.0,constructive_age,7200,1.0,0,4096,0.0,0.0,0.0009369774073651883,0.0007311125564753995
0.2,1.0,2.0,envelope_gap,7200,1.0,4096,4096,1.0,0.9990630225926348,0.9999999999999999,
0.2,1.0,2.0,constructive_disconnected,8,,4096,4096,1.0,0.9990630225926348,0.9999999999999999,
0.2,1.0,2.0,constructive_disconnected,32,,3222,4096,0.78662109375,0.7738089229996127,0.7988961495217511,
0.2,1.0,2.0,constructive_disconnected,128,,0,4096,0.0,0.0,0.0009369774073651883,0.0007311125564753995
0.2,1.0,2.0,constructive_disconnected,512,,0,4096,0.0,0.0,0.0009369774073651883,0.0007311125564753995
0.2,1.0,2.0,constructive_disconnected,2880,,0,4096,0.0,0.0,0.0009369774073651883,0.0007311125564753995
0.25,0.2,0.0,constructive_age,4,1.0,4096,4096,1.0,0.9990630225926348,0.9999999999999999,
0.25,0.2,0.0,envelope_gap,4,1.0,4096,4096,1.0,0.9990630225926348,0.9999999999999999,
0.25,0.2,0.0,constructive_age,8,1.0,4096,4096,1.0,0.9990630225926348,0.9999999999999999,
0.25,0.2,0.0,envelope_gap,8,1.0,4096,4096,1.0,0.9990630225926348,0.9999999999999999,
0.25,0.2,0.0,constructive_age,16,1.0,4096,4096,1.0,0.9990630225926348,0.9999999999999999,
0.25,0.2,0.0,envelope_gap,16,1.0,4096,4096,1.0,0.9990630225926348,0.9999999999999999,
0.25,0.2,0.0,constructive_age,32,1.0,4096,4096,1.0,0.9990630225926348,0.9999999999999999,
0.25,0.2,0.0,envelope_gap,32,1.0,4096,4096,1.0,0.9990630225926348,0.9999999999999999,
0.25,0.2,0.0,constructive_age,64,1.0,4096,4096,1.0,0.9990630225926348,0.9999999999999999,
0.25,0.2,0.0,envelope_gap,64,1.0,4096,4096,1.0,0.9990630225926348,0.9999999999999999,
0.25,0.2,0.0,constructive_age,128,1.0,4096,4096,1.0,0.9990630225926348,0.9999999999999999,
0.25,0.2,0.0,envelope_gap,128,1.0,4096,4096,1.0,0.9990630225926348,0.9999999999999999,
0.25,0.2,0.0,constructive_age,256,1.0,4096,4096,1.0,0.9990630225926348,0.9999999999999999,
0.25,0.2,0.0,envelope_gap,256,1.0,4096,4096,1.0,0.9990630225926348,0.9999999999999999,
0.25,0.2,0.0,constructive_age,512,1.0,4096,4096,1.0,0.9990630225926348,0.9999999999999999,
0.25,0.2,0.0,envelope_gap,512,1.0,4096,4096,1.0,0.9990630225926348,0.9999999999999999,
0.25,0.2,0.0,constructive_age,1024,1.0,4096,4096,1.0,0.9990630225926348,0.9999999999999999,
0.25,0.2,0.0,envelope_gap,1024,1.0,4096,4096,1.0,0.9990630225926348,0.9999999999999999,
0.25,0.2,0.0,constructive_age,2048,1.0,4096,4096,1.0,0.9990630225926348,0.9999999999999999,
0.25,0.2,0.0,envelope_gap,2048,1.0,4096,4096,1.0,0.9990630225926348,0.9999999999999999,
0.25,0.2,0.0,constructive_age,4096,1.0,4096,4096,1.0,0.9990630225926348,0.9999999999999999,
0.25,0.2,0.0,envelope_gap,4096,1.0,4096,4096,1.0,0.9990630225926348,0.9999999999999999,
0.25,0.2,0.0,constructive_age,7200,1.0,4096,4096,1.0,0.9990630225926348,0.9999999999999999,
0.25,0.2,0.0,envelope_gap,7200,1.0,4096,4096,1.0,0.9990630225926348,0.9999999999999999,
0.25,0.2,0.0,constructive_disconnected,8,,4096,4096,1.0,0.9990630225926348,0.9999999999999999,
0.25,0.2,0.0,constructive_disconnected,32,,4096,4096,1.0,0.9990630225926348,0.9999999999999999,
0.25,0.2,0.0,constructive_disconnected,128,,4096,4096,1.0,0.9990630225926348,0.9999999999999999,
0.25,0.2,0.0,constructive_disconnected,512,,4096,4096,1.0,0.9990630225926348,0.9999999999999999,
0.25,0.2,0.0,constructive_disconnected,2880,,0,4096,0.0,0.0,0.0009369774073651883,0.0007311125564753995
0.25,0.2,0.5,constructive_age,4,1.0,4096,4096,1.0,0.9990630225926348,0.9999999999999999,
0.25,0.2,0.5,envelope_gap,4,1.0,4096,4096,1.0,0.9990630225926348,0.9999999999999999,
0.25,0.2,0.5,constructive_age,8,1.0,4096,4096,1.0,0.9990630225926348,0.9999999999999999,
0.25,0.2,0.5,envelope_gap,8,1.0,4096,4096,1.0,0.9990630225926348,0.9999999999999999,
0.25,0.2,0.5,constructive_age,16,1.0,4096,4096,1.0,0.9990630225926348,0.9999999999999999,
0.25,0.2,0.5,envelope_gap,16,1.0,4096,4096,1.0,0.9990630225926348,0.9999999999999999,
0.25,0.2,0.5,constructive_age,32,1.0,4096,4096,1.0,0.9990630225926348,0.9999999999999999,
0.25,0.2,0.5,envelope_gap,32,1.0,4096,4096,1.0,0.9990630225926348,0.9999999999999999,
0.25,0.2,0.5,constructive_age,64,1.0,4096,4096,1.0,0.9990630225926348,0.9999999999999999,
0.25,0.2,0.5,envelope_gap,64,1.0,4096,4096,1.0,0.9990630225926348,0.9999999999999999,
0.25,0.2,0.5,constructive_age,128,1.0,4096,4096,1.0,0.9990630225926348,0.9999999999999999,
0.25,0.2,0.5,envelope_gap,128,1.0,4096,4096,1.0,0.9990630225926348,0.9999999999999999,
0.25,0.2,0.5,constructive_age,256,1.0,4096,4096,1.0,0.9990630225926348,0.9999999999999999,
0.25,0.2,0.5,envelope_gap,256,1.0,4096,4096,1.0,0.9990630225926348,0.9999999999999999,
0.25,0.2,0.5,constructive_age,512,1.0,4096,4096,1.0,0.9990630225926348,0.9999999999999999,
0.25,0.2,0.5,envelope_gap,512,1.0,4096,4096,1.0,0.9990630225926348,0.9999999999999999,
0.25,0.2,0.5,constructive_age,1024,1.0,4096,4096,1.0,0.9990630225926348,0.9999999999999999,
0.25,0.2,0.5,envelope_gap,1024,1.0,4096,4096,1.0,0.9990630225926348,0.9999999999999999,
0.25,0.2,0.5,constructive_age,2048,1.0,4096,4096,1.0,0.9990630225926348,0.9999999999999999,
0.25,0.2,0.5,envelope_gap,2048,1.0,4096,4096,1.0,0.9990630225926348,0.9999999999999999,
0.25,0.2,0.5,constructive_age,4096,1.0,4096,4096,1.0,0.9990630225926348,0.9999999999999999,
0.25,0.2,0.5,envelope_gap,4096,1.0,4096,4096,1.0,0.9990630225926348,0.9999999999999999,
0.25,0.2,0.5,constructive_age,7200,1.0,4096,4096,1.0,0.9990630225926348,0.9999999999999999,
0.25,0.2,0.5,envelope_gap,7200,1.0,4096,4096,1.0,0.9990630225926348,0.9999999999999999,
0.25,0.2,0.5,constructive_disconnected,8,,4096,4096,1.0,0.9990630225926348,0.9999999999999999,
0.25,0.2,0.5,constructive_disconnected,32,,4096,4096,1.0,0.9990630225926348,0.9999999999999999,
0.25,0.2,0.5,constructive_disconnected,128,,4096,4096,1.0,0.9990630225926348,0.9999999999999999,
0.25,0.2,0.5,constructive_disconnected,512,,4096,4096,1.0,0.9990630225926348,0.9999999999999999,
0.25,0.2,0.5,constructive_disconnected,2880,,0,4096,0.0,0.0,0.0009369774073651883,0.0007311125564753995
0.25,0.2,1.0,constructive_age,4,1.0,4096,4096,1.0,0.9990630225926348,0.9999999999999999,
0.25,0.2,1.0,envelope_gap,4,1.0,4096,4096,1.0,0.9990630225926348,0.9999999999999999,
0.25,0.2,1.0,constructive_age,8,1.0,4096,4096,1.0,0.9990630225926348,0.9999999999999999,
0.25,0.2,1.0,envelope_gap,8,1.0,4096,4096,1.0,0.9990630225926348,0.9999999999999999,
0.25,0.2,1.0,constructive_age,16,1.0,4096,4096,1.0,0.9990630225926348,0.9999999999999999,
0.25,0.2,1.0,envelope_gap,16,1.0,4096,4096,1.0,0.9990630225926348,0.9999999999999999,
0.25,0.2,1.0,constructive_age,32,1.0,4096,4096,1.0,0.9990630225926348,0.9999999999999999,
0.25,0.2,1.0,envelope_gap,32,1.0,4096,4096,1.0,0.9990630225926348,0.9999999999999999,
0.25,0.2,1.0,constructive_age,64,1.0,4096,4096,1.0,0.9990630225926348,0.9999999999999999,
0.25,0.2,1.0,envelope_gap,64,1.0,4096,4096,1.0,0.9990630225926348,0.9999999999999999,
0.25,0.2,1.0,constructive_age,128,1.0,4096,4096,1.0,0.9990630225926348,0.9999999999999999,
0.25,0.2,1.0,envelope_gap,128,1.0,4096,4096,1.0,0.9990630225926348,0.9999999999999999,
0.25,0.2,1.0,constructive_age,256,1.0,4096,4096,1.0,0.9990630225926348,0.9999999999999999,
0.25,0.2,1.0,envelope_gap,256,1.0,4096,4096,1.0,0.9990630225926348,0.9999999999999999,
0.25,0.2,1.0,constructive_age,512,1.0,4096,4096,1.0,0.9990630225926348,0.9999999999999999,
0.25,0.2,1.0,envelope_gap,512,1.0,4096,4096,1.0,0.9990630225926348,0.9999999999999999,
0.25,0.2,1.0,constructive_age,1024,1.0,4096,4096,1.0,0.9990630225926348,0.9999999999999999,
0.25,0.2,1.0,envelope_gap,1024,1.0,4096,4096,1.0,0.9990630225926348,0.9999999999999999,
0.25,0.2,1.0,constructive_age,2048,1.0,4096,4096,1.0,0.9990630225926348,0.9999999999999999,
0.25,0.2,1.0,envelope_gap,2048,1.0,4096,4096,1.0,0.9990630225926348,0.9999999999999999,
0.25,0.2,1.0,constructive_age,4096,1.0,4096,4096,1.0,0.9990630225926348,0.9999999999999999,
0.25,0.2,1.0,envelope_gap,4096,1.0,4096,4096,1.0,0.9990630225926348,0.9999999999999999,
0.25,0.2,1.0,constructive_age,7200,1.0,4096,4096,1.0,0.9990630225926348,0.9999999999999999,
0.25,0.2,1.0,envelope_gap,7200,1.0,4096,4096,1.0,0.9990630225926348,0.9999999999999999,
0.25,0.2,1.0,constructive_disconnected,8,,4096,4096,1.0,0.9990630225926348,0.9999999999999999,
0.25,0.2,1.0,constructive_disconnected,32,,4096,4096,1.0,0.9990630225926348,0.9999999999999999,
0.25,0.2,1.0,constructive_disconnected,128,,4096,4096,1.0,0.9990630225926348,0.9999999999999999,
0.25,0.2,1.0,constructive_disconnected,512,,4096,4096,1.0,0.9990630225926348,0.9999999999999999,
0.25,0.2,1.0,constructive_disconnected,2880,,0,4096,0.0,0.0,0.0009369774073651883,0.0007311125564753995
0.25,0.2,2.0,constructive_age,4,1.0,4096,4096,1.0,0.9990630225926348,0.9999999999999999,
0.25,0.2,2.0,envelope_gap,4,1.0,4096,4096,1.0,0.9990630225926348,0.9999999999999999,
0.25,0.2,2.0,constructive_age,8,1.0,4096,4096,1.0,0.9990630225926348,0.9999999999999999,
0.25,0.2,2.0,envelope_gap,8,1.0,4096,4096,1.0,0.9990630225926348,0.9999999999999999,
0.25,0.2,2.0,constructive_age,16,1.0,4096,4096,1.0,0.9990630225926348,0.9999999999999999,
0.25,0.2,2.0,envelope_gap,16,1.0,4096,4096,1.0,0.9990630225926348,0.9999999999999999,
0.25,0.2,2.0,constructive_age,32,1.0,4096,4096,1.0,0.9990630225926348,0.9999999999999999,
0.25,0.2,2.0,envelope_gap,32,1.0,4096,4096,1.0,0.9990630225926348,0.9999999999999999,
0.25,0.2,2.0,constructive_age,64,1.0,4096,4096,1.0,0.9990630225926348,0.9999999999999999,
0.25,0.2,2.0,envelope_gap,64,1.0,4096,4096,1.0,0.9990630225926348,0.9999999999999999,
0.25,0.2,2.0,constructive_age,128,1.0,4096,4096,1.0,0.9990630225926348,0.9999999999999999,
0.25,0.2,2.0,envelope_gap,128,1.0,4096,4096,1.0,0.9990630225926348,0.9999999999999999,
0.25,0.2,2.0,constructive_age,256,1.0,4096,4096,1.0,0.9990630225926348,0.9999999999999999,
0.25,0.2,2.0,envelope_gap,256,1.0,4096,4096,1.0,0.9990630225926348,0.9999999999999999,
0.25,0.2,2.0,constructive_age,512,1.0,4096,4096,1.0,0.9990630225926348,0.9999999999999999,
0.25,0.2,2.0,envelope_gap,512,1.0,4096,4096,1.0,0.9990630225926348,0.9999999999999999,
0.25,0.2,2.0,constructive_age,1024,1.0,4096,4096,1.0,0.9990630225926348,0.9999999999999999,
0.25,0.2,2.0,envelope_gap,1024,1.0,4096,4096,1.0,0.9990630225926348,0.9999999999999999,
0.25,0.2,2.0,constructive_age,2048,1.0,4096,4096,1.0,0.9990630225926348,0.9999999999999999,
0.25,0.2,2.0,envelope_gap,2048,1.0,4096,4096,1.0,0.9990630225926348,0.9999999999999999,
0.25,0.2,2.0,constructive_age,4096,1.0,4096,4096,1.0,0.9990630225926348,0.9999999999999999,
0.25,0.2,2.0,envelope_gap,4096,1.0,4096,4096,1.0,0.9990630225926348,0.9999999999999999,
0.25,0.2,2.0,constructive_age,7200,1.0,4096,4096,1.0,0.9990630225926348,0.9999999999999999,
0.25,0.2,2.0,envelope_gap,7200,1.0,4096,4096,1.0,0.9990630225926348,0.9999999999999999,
0.25,0.2,2.0,constructive_disconnected,8,,4096,4096,1.0,0.9990630225926348,0.9999999999999999,
0.25,0.2,2.0,constructive_disconnected,32,,4096,4096,1.0,0.9990630225926348,0.9999999999999999,
0.25,0.2,2.0,constructive_disconnected,128,,4096,4096,1.0,0.9990630225926348,0.9999999999999999,
0.25,0.2,2.0,constructive_disconnected,512,,4096,4096,1.0,0.9990630225926348,0.9999999999999999,
0.25,0.2,2.0,constructive_disconnected,2880,,0,4096,0.0,0.0,0.0009369774073651883,0.0007311125564753995
0.25,0.4,0.0,constructive_age,4,1.0,4096,4096,1.0,0.9990630225926348,0.9999999999999999,
0.25,0.4,0.0,envelope_gap,4,1.0,4096,4096,1.0,0.9990630225926348,0.9999999999999999,
0.25,0.4,0.0,constructive_age,8,1.0,4096,4096,1.0,0.9990630225926348,0.9999999999999999,
0.25,0.4,0.0,envelope_gap,8,1.0,4096,4096,1.0,0.9990630225926348,0.9999999999999999,
0.25,0.4,0.0,constructive_age,16,1.0,4096,4096,1.0,0.9990630225926348,0.9999999999999999,
0.25,0.4,0.0,envelope_gap,16,1.0,4096,4096,1.0,0.9990630225926348,0.9999999999999999,
0.25,0.4,0.0,constructive_age,32,1.0,4096,4096,1.0,0.9990630225926348,0.9999999999999999,
0.25,0.4,0.0,envelope_gap,32,1.0,4096,4096,1.0,0.9990630225926348,0.9999999999999999,
0.25,0.4,0.0,constructive_age,64,1.0,4096,4096,1.0,0.9990630225926348,0.9999999999999999,
0.25,0.4,0.0,envelope_gap,64,1.0,4096,4096,1.0,0.9990630225926348,0.9999999999999999,
0.25,0.4,0.0,constructive_age,128,1.0,4096,4096,1.0,0.9990630225926348,0.9999999999999999,
0.25,0.4,0.0,envelope_gap,128,1.0,4096,4096,1.0,0.9990630225926348,0.9999999999999999,
0.25,0.4,0.0,constructive_age,256,1.0,4096,4096,1.0,0.9990630225926348,0.9999999999999999,
0.25,0.4,0.0,envelope_gap,256,1.0,4096,4096,1.0,0.9990630225926348,0.9999999999999999,
0.25,0.4,0.0,constructive_age,512,1.0,4092,4096,0.9990234375,0.9974915571936952,0.9996201704329383,
0.25,0.4,0.0,envelope_gap,512,1.0,4096,4096,1.0,0.9990630225926348,0.9999999999999999,
0.25,0.4,0.0,constructive_age,1024,1.0,3092,4096,0.7548828125,0.7414746947969776,0.767813291329346,
0.25,0.4,0.0,envelope_gap,1024,1.0,4078,4096,0.99560546875,0.9930638103960733,0.9972183848495558,
0.25,0.4,0.0,constructive_age,2048,1.0,345,4096,0.084228515625,0.07610781695217111,0.093128351272801,
0.25,0.4,0.0,envelope_gap,2048,1.0,2430,4096,0.59326171875,0.5781376330506558,0.6082110362024626,
0.25,0.4,0.0,constructive_age,4096,1.0,4,4096,0.0009765625,0.000379829567061715,0.0025084428063047127,
0.25,0.4,0.0,envelope_gap,4096,1.0,133,4096,0.032470703125,0.02746557757278209,0.03835195745412433,
0.25,0.4,0.0,constructive_age,7200,1.0,0,4096,0.0,0.0,0.0009369774073651883,0.0007311125564753995
0.25,0.4,0.0,envelope_gap,7200,1.0,2,4096,0.00048828125,0.00013391454481334652,0.0017787103455524616,
0.25,0.4,0.0,constructive_disconnected,8,,4096,4096,1.0,0.9990630225926348,0.9999999999999999,
0.25,0.4,0.0,constructive_disconnected,32,,4096,4096,1.0,0.9990630225926348,0.9999999999999999,
0.25,0.4,0.0,constructive_disconnected,128,,4095,4096,0.999755859375,0.9986182969663738,0.9999569018847606,
0.25,0.4,0.0,constructive_disconnected,512,,530,4096,0.12939453125,0.11946206360405066,0.1400214967984788,
0.25,0.4,0.0,constructive_disconnected,2880,,0,4096,0.0,0.0,0.0009369774073651883,0.0007311125564753995
0.25,0.4,0.5,constructive_age,4,1.0,4096,4096,1.0,0.9990630225926348,0.9999999999999999,
0.25,0.4,0.5,envelope_gap,4,1.0,4096,4096,1.0,0.9990630225926348,0.9999999999999999,
0.25,0.4,0.5,constructive_age,8,1.0,4096,4096,1.0,0.9990630225926348,0.9999999999999999,
0.25,0.4,0.5,envelope_gap,8,1.0,4096,4096,1.0,0.9990630225926348,0.9999999999999999,
0.25,0.4,0.5,constructive_age,16,1.0,4096,4096,1.0,0.9990630225926348,0.9999999999999999,
0.25,0.4,0.5,envelope_gap,16,1.0,4096,4096,1.0,0.9990630225926348,0.9999999999999999,
0.25,0.4,0.5,constructive_age,32,1.0,4096,4096,1.0,0.9990630225926348,0.9999999999999999,
0.25,0.4,0.5,envelope_gap,32,1.0,4096,4096,1.0,0.9990630225926348,0.9999999999999999,
0.25,0.4,0.5,constructive_age,64,1.0,4096,4096,1.0,0.9990630225926348,0.9999999999999999,
0.25,0.4,0.5,envelope_gap,64,1.0,4096,4096,1.0,0.9990630225926348,0.9999999999999999,
0.25,0.4,0.5,constructive_age,128,1.0,4096,4096,1.0,0.9990630225926348,0.9999999999999999,
0.25,0.4,0.5,envelope_gap,128,1.0,4096,4096,1.0,0.9990630225926348,0.9999999999999999,
0.25,0.4,0.5,constructive_age,256,1.0,4096,4096,1.0,0.9990630225926348,0.9999999999999999,
0.25,0.4,0.5,envelope_gap,256,1.0,4096,4096,1.0,0.9990630225926348,0.9999999999999999,
0.25,0.4,0.5,constructive_age,512,1.0,4092,4096,0.9990234375,0.9974915571936952,0.9996201704329383,
0.25,0.4,0.5,envelope_gap,512,1.0,4096,4096,1.0,0.9990630225926348,0.9999999999999999,
0.25,0.4,0.5,constructive_age,1024,1.0,3092,4096,0.7548828125,0.7414746947969776,0.767813291329346,
0.25,0.4,0.5,envelope_gap,1024,1.0,4078,4096,0.99560546875,0.9930638103960733,0.9972183848495558,
0.25,0.4,0.5,constructive_age,2048,1.0,345,4096,0.084228515625,0.07610781695217111,0.093128351272801,
0.25,0.4,0.5,envelope_gap,2048,1.0,2430,4096,0.59326171875,0.5781376330506558,0.6082110362024626,
0.25,0.4,0.5,constructive_age,4096,1.0,4,4096,0.0009765625,0.000379829567061715,0.0025084428063047127,
0.25,0.4,0.5,envelope_gap,4096,1.0,133,4096,0.032470703125,0.02746557757278209,0.03835195745412433,
0.25,0.4,0.5,constructive_age,7200,1.0,0,4096,0.0,0.0,0.0009369774073651883,0.0007311125564753995
0.25,0.4,0.5,envelope_gap,7200,1.0,2,4096,0.00048828125,0.00013391454481334652,0.0017787103455524616,
0.25,0.4,0.5,constructive_disconnected,8,,4096,4096,1.0,0.9990630225926348,0.9999999999999999,
0.25,0.4,0.5,constructive_disconnected,32,,4096,4096,1.0,0.9990630225926348,0.9999999999999999,
0.25,0.4,0.5,constructive_disconnected,128,,4095,4096,0.999755859375,0.9986182969663738,0.9999569018847606,
0.25,0.4,0.5,constructive_disconnected,512,,530,4096,0.12939453125,0.11946206360405066,0.1400214967984788,
0.25,0.4,0.5,constructive_disconnected,2880,,0,4096,0.0,0.0,0.0009369774073651883,0.0007311125564753995
0.25,0.4,1.0,constructive_age,4,1.0,4096,4096,1.0,0.9990630225926348,0.9999999999999999,
0.25,0.4,1.0,envelope_gap,4,1.0,4096,4096,1.0,0.9990630225926348,0.9999999999999999,
0.25,0.4,1.0,constructive_age,8,1.0,4096,4096,1.0,0.9990630225926348,0.9999999999999999,
0.25,0.4,1.0,envelope_gap,8,1.0,4096,4096,1.0,0.9990630225926348,0.9999999999999999,
0.25,0.4,1.0,constructive_age,16,1.0,4096,4096,1.0,0.9990630225926348,0.9999999999999999,
0.25,0.4,1.0,envelope_gap,16,1.0,4096,4096,1.0,0.9990630225926348,0.9999999999999999,
0.25,0.4,1.0,constructive_age,32,1.0,4096,4096,1.0,0.9990630225926348,0.9999999999999999,
0.25,0.4,1.0,envelope_gap,32,1.0,4096,4096,1.0,0.9990630225926348,0.9999999999999999,
0.25,0.4,1.0,constructive_age,64,1.0,4096,4096,1.0,0.9990630225926348,0.9999999999999999,
0.25,0.4,1.0,envelope_gap,64,1.0,4096,4096,1.0,0.9990630225926348,0.9999999999999999,
0.25,0.4,1.0,constructive_age,128,1.0,4096,4096,1.0,0.9990630225926348,0.9999999999999999,
0.25,0.4,1.0,envelope_gap,128,1.0,4096,4096,1.0,0.9990630225926348,0.9999999999999999,
0.25,0.4,1.0,constructive_age,256,1.0,4096,4096,1.0,0.9990630225926348,0.9999999999999999,
0.25,0.4,1.0,envelope_gap,256,1.0,4096,4096,1.0,0.9990630225926348,0.9999999999999999,
0.25,0.4,1.0,constructive_age,512,1.0,4096,4096,1.0,0.9990630225926348,0.9999999999999999,
0.25,0.4,1.0,envelope_gap,512,1.0,4096,4096,1.0,0.9990630225926348,0.9999999999999999,
0.25,0.4,1.0,constructive_age,1024,1.0,4096,4096,1.0,0.9990630225926348,0.9999999999999999,
0.25,0.4,1.0,envelope_gap,1024,1.0,4096,4096,1.0,0.9990630225926348,0.9999999999999999,
0.25,0.4,1.0,constructive_age,2048,1.0,4094,4096,0.99951171875,0.9982212896544476,0.9998660854551866,
0.25,0.4,1.0,envelope_gap,2048,1.0,4096,4096,1.0,0.9990630225926348,0.9999999999999999,
0.25,0.4,1.0,constructive_age,4096,1.0,3911,4096,0.954833984375,0.9480368065317946,0.9607788238832828,
0.25,0.4,1.0,envelope_gap,4096,1.0,4096,4096,1.0,0.9990630225926348,0.9999999999999999,
0.25,0.4,1.0,constructive_age,7200,1.0,2879,4096,0.702880859375,0.6887009863532034,0.7166805428335541,
0.25,0.4,1.0,envelope_gap,7200,1.0,4096,4096,1.0,0.9990630225926348,0.9999999999999999,
0.25,0.4,1.0,constructive_disconnected,8,,4096,4096,1.0,0.9990630225926348,0.9999999999999999,
0.25,0.4,1.0,constructive_disconnected,32,,4096,4096,1.0,0.9990630225926348,0.9999999999999999,
0.25,0.4,1.0,constructive_disconnected,128,,4096,4096,1.0,0.9990630225926348,0.9999999999999999,
0.25,0.4,1.0,constructive_disconnected,512,,4094,4096,0.99951171875,0.9982212896544476,0.9998660854551866,
0.25,0.4,1.0,constructive_disconnected,2880,,1615,4096,0.394287109375,0.3794267736591085,0.4093455462712573,
0.25,0.4,2.0,constructive_age,4,1.0,4096,4096,1.0,0.9990630225926348,0.9999999999999999,
0.25,0.4,2.0,envelope_gap,4,1.0,4096,4096,1.0,0.9990630225926348,0.9999999999999999,
0.25,0.4,2.0,constructive_age,8,1.0,4096,4096,1.0,0.9990630225926348,0.9999999999999999,
0.25,0.4,2.0,envelope_gap,8,1.0,4096,4096,1.0,0.9990630225926348,0.9999999999999999,
0.25,0.4,2.0,constructive_age,16,1.0,4096,4096,1.0,0.9990630225926348,0.9999999999999999,
0.25,0.4,2.0,envelope_gap,16,1.0,4096,4096,1.0,0.9990630225926348,0.9999999999999999,
0.25,0.4,2.0,constructive_age,32,1.0,4096,4096,1.0,0.9990630225926348,0.9999999999999999,
0.25,0.4,2.0,envelope_gap,32,1.0,4096,4096,1.0,0.9990630225926348,0.9999999999999999,
0.25,0.4,2.0,constructive_age,64,1.0,4096,4096,1.0,0.9990630225926348,0.9999999999999999,
0.25,0.4,2.0,envelope_gap,64,1.0,4096,4096,1.0,0.9990630225926348,0.9999999999999999,
0.25,0.4,2.0,constructive_age,128,1.0,4096,4096,1.0,0.9990630225926348,0.9999999999999999,
0.25,0.4,2.0,envelope_gap,128,1.0,4096,4096,1.0,0.9990630225926348,0.9999999999999999,
0.25,0.4,2.0,constructive_age,256,1.0,4096,4096,1.0,0.9990630225926348,0.9999999999999999,
0.25,0.4,2.0,envelope_gap,256,1.0,4096,4096,1.0,0.9990630225926348,0.9999999999999999,
0.25,0.4,2.0,constructive_age,512,1.0,4096,4096,1.0,0.9990630225926348,0.9999999999999999,
0.25,0.4,2.0,envelope_gap,512,1.0,4096,4096,1.0,0.9990630225926348,0.9999999999999999,
0.25,0.4,2.0,constructive_age,1024,1.0,4096,4096,1.0,0.9990630225926348,0.9999999999999999,
0.25,0.4,2.0,envelope_gap,1024,1.0,4096,4096,1.0,0.9990630225926348,0.9999999999999999,
0.25,0.4,2.0,constructive_age,2048,1.0,4096,4096,1.0,0.9990630225926348,0.9999999999999999,
0.25,0.4,2.0,envelope_gap,2048,1.0,4096,4096,1.0,0.9990630225926348,0.9999999999999999,
0.25,0.4,2.0,constructive_age,4096,1.0,4096,4096,1.0,0.9990630225926348,0.9999999999999999,
0.25,0.4,2.0,envelope_gap,4096,1.0,4096,4096,1.0,0.9990630225926348,0.9999999999999999,
0.25,0.4,2.0,constructive_age,7200,1.0,4096,4096,1.0,0.9990630225926348,0.9999999999999999,
0.25,0.4,2.0,envelope_gap,7200,1.0,4096,4096,1.0,0.9990630225926348,0.9999999999999999,
0.25,0.4,2.0,constructive_disconnected,8,,4096,4096,1.0,0.9990630225926348,0.9999999999999999,
0.25,0.4,2.0,constructive_disconnected,32,,4096,4096,1.0,0.9990630225926348,0.9999999999999999,
0.25,0.4,2.0,constructive_disconnected,128,,4096,4096,1.0,0.9990630225926348,0.9999999999999999,
0.25,0.4,2.0,constructive_disconnected,512,,4096,4096,1.0,0.9990630225926348,0.9999999999999999,
0.25,0.4,2.0,constructive_disconnected,2880,,4096,4096,1.0,0.9990630225926348,0.9999999999999999,
0.25,0.7,0.0,constructive_age,4,1.0,4096,4096,1.0,0.9990630225926348,0.9999999999999999,
0.25,0.7,0.0,envelope_gap,4,1.0,4096,4096,1.0,0.9990630225926348,0.9999999999999999,
0.25,0.7,0.0,constructive_age,8,1.0,4096,4096,1.0,0.9990630225926348,0.9999999999999999,
0.25,0.7,0.0,envelope_gap,8,1.0,4096,4096,1.0,0.9990630225926348,0.9999999999999999,
0.25,0.7,0.0,constructive_age,16,1.0,4096,4096,1.0,0.9990630225926348,0.9999999999999999,
0.25,0.7,0.0,envelope_gap,16,1.0,4096,4096,1.0,0.9990630225926348,0.9999999999999999,
0.25,0.7,0.0,constructive_age,32,1.0,4096,4096,1.0,0.9990630225926348,0.9999999999999999,
0.25,0.7,0.0,envelope_gap,32,1.0,4096,4096,1.0,0.9990630225926348,0.9999999999999999,
0.25,0.7,0.0,constructive_age,64,1.0,4095,4096,0.999755859375,0.9986182969663738,0.9999569018847606,
0.25,0.7,0.0,envelope_gap,64,1.0,4096,4096,1.0,0.9990630225926348,0.9999999999999999,
0.25,0.7,0.0,constructive_age,128,1.0,720,4096,0.17578125,0.16442983783939044,0.18774023344819787,
0.25,0.7,0.0,envelope_gap,128,1.0,3814,4096,0.93115234375,0.9229875245115166,0.9385092029780308,
0.25,0.7,0.0,constructive_age,256,1.0,1,4096,0.000244140625,4.309811523941186e-05,0.0013817030336260863,
0.25,0.7,0.0,envelope_gap,256,1.0,100,4096,0.0244140625,0.020114624238054088,0.0296047273193421,
0.25,0.7,0.0,constructive_age,512,1.0,0,4096,0.0,0.0,0.0009369774073651883,0.0007311125564753995
0.25,0.7,0.0,envelope_gap,512,1.0,0,4096,0.0,0.0,0.0009369774073651883,0.0007311125564753995
0.25,0.7,0.0,constructive_age,1024,0.17944478169593994,0,4096,0.0,0.0,0.0009369774073651883,0.0007311125564753995
0.25,0.7,0.0,envelope_gap,1024,0.17944478169593994,0,4096,0.0,0.0,0.0009369774073651883,0.0007311125564753995
0.25,0.7,0.0,constructive_age,2048,9.442618569912681e-07,0,4096,0.0,0.0,0.0009369774073651883,0.0007311125564753995
0.25,0.7,0.0,envelope_gap,2048,9.442618569912681e-07,0,4096,0.0,0.0,0.0009369774073651883,0.0007311125564753995
0.25,0.7,0.0,constructive_age,4096,2.445345753028686e-17,0,4096,0.0,0.0,0.0009369774073651883,0.0007311125564753995
0.25,0.7,0.0,envelope_gap,4096,2.445345753028686e-17,0,4096,0.0,0.0,0.0009369774073651883,0.0007311125564753995
0.25,0.7,0.0,constructive_age,7200,2.2600873151701236e-33,0,4096,0.0,0.0,0.0009369774073651883,0.0007311125564753995
0.25,0.7,0.0,envelope_gap,7200,2.2600873151701236e-33,0,4096,0.0,0.0,0.0009369774073651883,0.0007311125564753995
0.25,0.7,0.0,constructive_disconnected,8,,4096,4096,1.0,0.9990630225926348,0.9999999999999999,
0.25,0.7,0.0,constructive_disconnected,32,,3830,4096,0.93505859375,0.9270969345308054,0.942204972822747,
0.25,0.7,0.0,constructive_disconnected,128,,0,4096,0.0,0.0,0.0009369774073651883,0.0007311125564753995
0.25,0.7,0.0,constructive_disconnected,512,,0,4096,0.0,0.0,0.0009369774073651883,0.0007311125564753995
0.25,0.7,0.0,constructive_disconnected,2880,,0,4096,0.0,0.0,0.0009369774073651883,0.0007311125564753995
0.25,0.7,0.5,constructive_age,4,1.0,4096,4096,1.0,0.9990630225926348,0.9999999999999999,
0.25,0.7,0.5,envelope_gap,4,1.0,4096,4096,1.0,0.9990630225926348,0.9999999999999999,
0.25,0.7,0.5,constructive_age,8,1.0,4096,4096,1.0,0.9990630225926348,0.9999999999999999,
0.25,0.7,0.5,envelope_gap,8,1.0,4096,4096,1.0,0.9990630225926348,0.9999999999999999,
0.25,0.7,0.5,constructive_age,16,1.0,4096,4096,1.0,0.9990630225926348,0.9999999999999999,
0.25,0.7,0.5,envelope_gap,16,1.0,4096,4096,1.0,0.9990630225926348,0.9999999999999999,
0.25,0.7,0.5,constructive_age,32,1.0,4096,4096,1.0,0.9990630225926348,0.9999999999999999,
0.25,0.7,0.5,envelope_gap,32,1.0,4096,4096,1.0,0.9990630225926348,0.9999999999999999,
0.25,0.7,0.5,constructive_age,64,1.0,4095,4096,0.999755859375,0.9986182969663738,0.9999569018847606,
0.25,0.7,0.5,envelope_gap,64,1.0,4096,4096,1.0,0.9990630225926348,0.9999999999999999,
0.25,0.7,0.5,constructive_age,128,1.0,720,4096,0.17578125,0.16442983783939044,0.18774023344819787,
0.25,0.7,0.5,envelope_gap,128,1.0,3814,4096,0.93115234375,0.9229875245115166,0.9385092029780308,
0.25,0.7,0.5,constructive_age,256,1.0,1,4096,0.000244140625,4.309811523941186e-05,0.0013817030336260863,
0.25,0.7,0.5,envelope_gap,256,1.0,100,4096,0.0244140625,0.020114624238054088,0.0296047273193421,
0.25,0.7,0.5,constructive_age,512,1.0,0,4096,0.0,0.0,0.0009369774073651883,0.0007311125564753995
0.25,0.7,0.5,envelope_gap,512,1.0,0,4096,0.0,0.0,0.0009369774073651883,0.0007311125564753995
0.25,0.7,0.5,constructive_age,1024,0.17944478169593994,0,4096,0.0,0.0,0.0009369774073651883,0.0007311125564753995
0.25,0.7,0.5,envelope_gap,1024,0.17944478169593994,0,4096,0.0,0.0,0.0009369774073651883,0.0007311125564753995
0.25,0.7,0.5,constructive_age,2048,9.442618569912681e-07,0,4096,0.0,0.0,0.0009369774073651883,0.0007311125564753995
0.25,0.7,0.5,envelope_gap,2048,9.442618569912681e-07,0,4096,0.0,0.0,0.0009369774073651883,0.0007311125564753995
0.25,0.7,0.5,constructive_age,4096,2.445345753028686e-17,0,4096,0.0,0.0,0.0009369774073651883,0.0007311125564753995
0.25,0.7,0.5,envelope_gap,4096,2.445345753028686e-17,0,4096,0.0,0.0,0.0009369774073651883,0.0007311125564753995
0.25,0.7,0.5,constructive_age,7200,2.2600873151701236e-33,0,4096,0.0,0.0,0.0009369774073651883,0.0007311125564753995
0.25,0.7,0.5,envelope_gap,7200,2.2600873151701236e-33,0,4096,0.0,0.0,0.0009369774073651883,0.0007311125564753995
0.25,0.7,0.5,constructive_disconnected,8,,4096,4096,1.0,0.9990630225926348,0.9999999999999999,
0.25,0.7,0.5,constructive_disconnected,32,,3830,4096,0.93505859375,0.9270969345308054,0.942204972822747,
0.25,0.7,0.5,constructive_disconnected,128,,0,4096,0.0,0.0,0.0009369774073651883,0.0007311125564753995
0.25,0.7,0.5,constructive_disconnected,512,,0,4096,0.0,0.0,0.0009369774073651883,0.0007311125564753995
0.25,0.7,0.5,constructive_disconnected,2880,,0,4096,0.0,0.0,0.0009369774073651883,0.0007311125564753995
0.25,0.7,1.0,constructive_age,4,1.0,4096,4096,1.0,0.9990630225926348,0.9999999999999999,
0.25,0.7,1.0,envelope_gap,4,1.0,4096,4096,1.0,0.9990630225926348,0.9999999999999999,
0.25,0.7,1.0,constructive_age,8,1.0,4096,4096,1.0,0.9990630225926348,0.9999999999999999,
0.25,0.7,1.0,envelope_gap,8,1.0,4096,4096,1.0,0.9990630225926348,0.9999999999999999,
0.25,0.7,1.0,constructive_age,16,1.0,4096,4096,1.0,0.9990630225926348,0.9999999999999999,
0.25,0.7,1.0,envelope_gap,16,1.0,4096,4096,1.0,0.9990630225926348,0.9999999999999999,
0.25,0.7,1.0,constructive_age,32,1.0,4096,4096,1.0,0.9990630225926348,0.9999999999999999,
0.25,0.7,1.0,envelope_gap,32,1.0,4096,4096,1.0,0.9990630225926348,0.9999999999999999,
0.25,0.7,1.0,constructive_age,64,1.0,4096,4096,1.0,0.9990630225926348,0.9999999999999999,
0.25,0.7,1.0,envelope_gap,64,1.0,4096,4096,1.0,0.9990630225926348,0.9999999999999999,
0.25,0.7,1.0,constructive_age,128,1.0,4085,4096,0.997314453125,0.9951972177470491,0.9984997436890822,
0.25,0.7,1.0,envelope_gap,128,1.0,4096,4096,1.0,0.9990630225926348,0.9999999999999999,
0.25,0.7,1.0,constructive_age,256,1.0,868,4096,0.2119140625,0.19967183152335694,0.22469615350627725,
0.25,0.7,1.0,envelope_gap,256,1.0,4096,4096,1.0,0.9990630225926348,0.9999999999999999,
0.25,0.7,1.0,constructive_age,512,1.0,3,4096,0.000732421875,0.0002491200948151938,0.0021513285370509242,
0.25,0.7,1.0,envelope_gap,512,1.0,4096,4096,1.0,0.9990630225926348,0.9999999999999999,
0.25,0.7,1.0,constructive_age,1024,1.0,0,4096,0.0,0.0,0.0009369774073651883,0.0007311125564753995
0.25,0.7,1.0,envelope_gap,1024,1.0,4096,4096,1.0,0.9990630225926348,0.9999999999999999,
0.25,0.7,1.0,constructive_age,2048,1.0,0,4096,0.0,0.0,0.0009369774073651883,0.0007311125564753995
0.25,0.7,1.0,envelope_gap,2048,1.0,4096,4096,1.0,0.9990630225926348,0.9999999999999999,
0.25,0.7,1.0,constructive_age,4096,1.0,0,4096,0.0,0.0,0.0009369774073651883,0.0007311125564753995
0.25,0.7,1.0,envelope_gap,4096,1.0,4096,4096,1.0,0.9990630225926348,0.9999999999999999,
0.25,0.7,1.0,constructive_age,7200,1.0,0,4096,0.0,0.0,0.0009369774073651883,0.0007311125564753995
0.25,0.7,1.0,envelope_gap,7200,1.0,4096,4096,1.0,0.9990630225926348,0.9999999999999999,
0.25,0.7,1.0,constructive_disconnected,8,,4096,4096,1.0,0.9990630225926348,0.9999999999999999,
0.25,0.7,1.0,constructive_disconnected,32,,4096,4096,1.0,0.9990630225926348,0.9999999999999999,
0.25,0.7,1.0,constructive_disconnected,128,,59,4096,0.014404296875,0.011183814817094736,0.01853476333878874,
0.25,0.7,1.0,constructive_disconnected,512,,0,4096,0.0,0.0,0.0009369774073651883,0.0007311125564753995
0.25,0.7,1.0,constructive_disconnected,2880,,0,4096,0.0,0.0,0.0009369774073651883,0.0007311125564753995
0.25,0.7,2.0,constructive_age,4,1.0,4096,4096,1.0,0.9990630225926348,0.9999999999999999,
0.25,0.7,2.0,envelope_gap,4,1.0,4096,4096,1.0,0.9990630225926348,0.9999999999999999,
0.25,0.7,2.0,constructive_age,8,1.0,4096,4096,1.0,0.9990630225926348,0.9999999999999999,
0.25,0.7,2.0,envelope_gap,8,1.0,4096,4096,1.0,0.9990630225926348,0.9999999999999999,
0.25,0.7,2.0,constructive_age,16,1.0,4096,4096,1.0,0.9990630225926348,0.9999999999999999,
0.25,0.7,2.0,envelope_gap,16,1.0,4096,4096,1.0,0.9990630225926348,0.9999999999999999,
0.25,0.7,2.0,constructive_age,32,1.0,4096,4096,1.0,0.9990630225926348,0.9999999999999999,
0.25,0.7,2.0,envelope_gap,32,1.0,4096,4096,1.0,0.9990630225926348,0.9999999999999999,
0.25,0.7,2.0,constructive_age,64,1.0,4096,4096,1.0,0.9990630225926348,0.9999999999999999,
0.25,0.7,2.0,envelope_gap,64,1.0,4096,4096,1.0,0.9990630225926348,0.9999999999999999,
0.25,0.7,2.0,constructive_age,128,1.0,4096,4096,1.0,0.9990630225926348,0.9999999999999999,
0.25,0.7,2.0,envelope_gap,128,1.0,4096,4096,1.0,0.9990630225926348,0.9999999999999999,
0.25,0.7,2.0,constructive_age,256,1.0,4096,4096,1.0,0.9990630225926348,0.9999999999999999,
0.25,0.7,2.0,envelope_gap,256,1.0,4096,4096,1.0,0.9990630225926348,0.9999999999999999,
0.25,0.7,2.0,constructive_age,512,1.0,3801,4096,0.927978515625,0.9196539294518923,0.9355010893981511,
0.25,0.7,2.0,envelope_gap,512,1.0,4096,4096,1.0,0.9990630225926348,0.9999999999999999,
0.25,0.7,2.0,constructive_age,1024,1.0,675,4096,0.164794921875,0.1537484589559501,0.17646954396412426,
0.25,0.7,2.0,envelope_gap,1024,1.0,4096,4096,1.0,0.9990630225926348,0.9999999999999999,
0.25,0.7,2.0,constructive_age,2048,1.0,3,4096,0.000732421875,0.0002491200948151938,0.0021513285370509242,
0.25,0.7,2.0,envelope_gap,2048,1.0,4096,4096,1.0,0.9990630225926348,0.9999999999999999,
0.25,0.7,2.0,constructive_age,4096,1.0,0,4096,0.0,0.0,0.0009369774073651883,0.0007311125564753995
0.25,0.7,2.0,envelope_gap,4096,1.0,4096,4096,1.0,0.9990630225926348,0.9999999999999999,
0.25,0.7,2.0,constructive_age,7200,1.0,0,4096,0.0,0.0,0.0009369774073651883,0.0007311125564753995
0.25,0.7,2.0,envelope_gap,7200,1.0,4096,4096,1.0,0.9990630225926348,0.9999999999999999,
0.25,0.7,2.0,constructive_disconnected,8,,4096,4096,1.0,0.9990630225926348,0.9999999999999999,
0.25,0.7,2.0,constructive_disconnected,32,,4096,4096,1.0,0.9990630225926348,0.9999999999999999,
0.25,0.7,2.0,constructive_disconnected,128,,4030,4096,0.98388671875,0.9795525973497291,0.9873140583038852,
0.25,0.7,2.0,constructive_disconnected,512,,16,4096,0.00390625,0.002405923039438864,0.0063362342319312846,
0.25,0.7,2.0,constructive_disconnected,2880,,0,4096,0.0,0.0,0.0009369774073651883,0.0007311125564753995
0.25,1.0,0.0,constructive_age,4,1.0,4096,4096,1.0,0.9990630225926348,0.9999999999999999,
0.25,1.0,0.0,envelope_gap,4,1.0,4096,4096,1.0,0.9990630225926348,0.9999999999999999,
0.25,1.0,0.0,constructive_age,8,1.0,4096,4096,1.0,0.9990630225926348,0.9999999999999999,
0.25,1.0,0.0,envelope_gap,8,1.0,4096,4096,1.0,0.9990630225926348,0.9999999999999999,
0.25,1.0,0.0,constructive_age,16,1.0,4096,4096,1.0,0.9990630225926348,0.9999999999999999,
0.25,1.0,0.0,envelope_gap,16,1.0,4096,4096,1.0,0.9990630225926348,0.9999999999999999,
0.25,1.0,0.0,constructive_age,32,1.0,3970,4096,0.96923828125,0.9634948720671381,0.9741023590964577,
0.25,1.0,0.0,envelope_gap,32,1.0,4096,4096,1.0,0.9990630225926348,0.9999999999999999,
0.25,1.0,0.0,constructive_age,64,1.0,106,4096,0.02587890625,0.021442799690450102,0.031203494315947943,
0.25,1.0,0.0,envelope_gap,64,1.0,2352,4096,0.57421875,0.5590135580755022,0.5892848593405919,
0.25,1.0,0.0,constructive_age,128,1.0,0,4096,0.0,0.0,0.0009369774073651883,0.0007311125564753995
0.25,1.0,0.0,envelope_gap,128,1.0,3,4096,0.000732421875,0.0002491200948151938,0.0021513285370509242,
0.25,1.0,0.0,constructive_age,256,0.2806852889053374,0,4096,0.0,0.0,0.0009369774073651883,0.0007311125564753995
0.25,1.0,0.0,envelope_gap,256,0.2806852889053374,0,4096,0.0,0.0,0.0009369774073651883,0.0007311125564753995
0.25,1.0,0.0,constructive_age,512,2.4989030156026914e-06,0,4096,0.0,0.0,0.0009369774073651883,0.0007311125564753995
0.25,1.0,0.0,envelope_gap,512,2.4989030156026914e-06,0,4096,0.0,0.0,0.0009369774073651883,0.0007311125564753995
0.25,1.0,0.0,constructive_age,1024,1.9806553021702397e-16,0,4096,0.0,0.0,0.0009369774073651883,0.0007311125564753995
0.25,1.0,0.0,envelope_gap,1024,1.9806553021702397e-16,0,4096,0.0,0.0,0.0009369774073651883,0.0007311125564753995
0.25,1.0,0.0,constructive_age,2048,1.244308020156037e-36,0,4096,0.0,0.0,0.0009369774073651883,0.0007311125564753995
0.25,1.0,0.0,envelope_gap,2048,1.244308020156037e-36,0,4096,0.0,0.0,0.0009369774073651883,0.0007311125564753995
0.25,1.0,0.0,constructive_age,4096,4.910954374743224e-77,0,4096,0.0,0.0,0.0009369774073651883,0.0007311125564753995
0.25,1.0,0.0,envelope_gap,4096,4.910954374743224e-77,0,4096,0.0,0.0,0.0009369774073651883,0.0007311125564753995
0.25,1.0,0.0,constructive_age,7200,2.8458638337002634e-138,0,4096,0.0,0.0,0.0009369774073651883,0.0007311125564753995
0.25,1.0,0.0,envelope_gap,7200,2.8458638337002634e-138,0,4096,0.0,0.0,0.0009369774073651883,0.0007311125564753995
0.25,1.0,0.0,constructive_disconnected,8,,4096,4096,1.0,0.9990630225926348,0.9999999999999999,
0.25,1.0,0.0,constructive_disconnected,32,,144,4096,0.03515625,0.029937397528601,0.041246198654808816,
0.25,1.0,0.0,constructive_disconnected,128,,0,4096,0.0,0.0,0.0009369774073651883,0.0007311125564753995
0.25,1.0,0.0,constructive_disconnected,512,,0,4096,0.0,0.0,0.0009369774073651883,0.0007311125564753995
0.25,1.0,0.0,constructive_disconnected,2880,,0,4096,0.0,0.0,0.0009369774073651883,0.0007311125564753995
0.25,1.0,0.5,constructive_age,4,1.0,4096,4096,1.0,0.9990630225926348,0.9999999999999999,
0.25,1.0,0.5,envelope_gap,4,1.0,4096,4096,1.0,0.9990630225926348,0.9999999999999999,
0.25,1.0,0.5,constructive_age,8,1.0,4096,4096,1.0,0.9990630225926348,0.9999999999999999,
0.25,1.0,0.5,envelope_gap,8,1.0,4096,4096,1.0,0.9990630225926348,0.9999999999999999,
0.25,1.0,0.5,constructive_age,16,1.0,4096,4096,1.0,0.9990630225926348,0.9999999999999999,
0.25,1.0,0.5,envelope_gap,16,1.0,4096,4096,1.0,0.9990630225926348,0.9999999999999999,
0.25,1.0,0.5,constructive_age,32,1.0,3970,4096,0.96923828125,0.9634948720671381,0.9741023590964577,
0.25,1.0,0.5,envelope_gap,32,1.0,4096,4096,1.0,0.9990630225926348,0.9999999999999999,
0.25,1.0,0.5,constructive_age,64,1.0,106,4096,0.02587890625,0.021442799690450102,0.031203494315947943,
0.25,1.0,0.5,envelope_gap,64,1.0,2352,4096,0.57421875,0.5590135580755022,0.5892848593405919,
0.25,1.0,0.5,constructive_age,128,1.0,0,4096,0.0,0.0,0.0009369774073651883,0.0007311125564753995
0.25,1.0,0.5,envelope_gap,128,1.0,3,4096,0.000732421875,0.0002491200948151938,0.0021513285370509242,
0.25,1.0,0.5,constructive_age,256,0.2806852889053374,0,4096,0.0,0.0,0.0009369774073651883,0.0007311125564753995
0.25,1.0,0.5,envelope_gap,256,0.2806852889053374,0,4096,0.0,0.0,0.0009369774073651883,0.0007311125564753995
0.25,1.0,0.5,constructive_age,512,2.4989030156026914e-06,0,4096,0.0,0.0,0.0009369774073651883,0.0007311125564753995
0.25,1.0,0.5,envelope_gap,512,2.4989030156026914e-06,0,4096,0.0,0.0,0.0009369774073651883,0.0007311125564753995
0.25,1.0,0.5,constructive_age,1024,1.9806553021702397e-16,0,4096,0.0,0.0,0.0009369774073651883,0.0007311125564753995
0.25,1.0,0.5,envelope_gap,1024,1.9806553021702397e-16,0,4096,0.0,0.0,0.0009369774073651883,0.0007311125564753995
0.25,1.0,0.5,constructive_age,2048,1.244308020156037e-36,0,4096,0.0,0.0,0.0009369774073651883,0.0007311125564753995
0.25,1.0,0.5,envelope_gap,2048,1.244308020156037e-36,0,4096,0.0,0.0,0.0009369774073651883,0.0007311125564753995
0.25,1.0,0.5,constructive_age,4096,4.910954374743224e-77,0,4096,0.0,0.0,0.0009369774073651883,0.0007311125564753995
0.25,1.0,0.5,envelope_gap,4096,4.910954374743224e-77,0,4096,0.0,0.0,0.0009369774073651883,0.0007311125564753995
0.25,1.0,0.5,constructive_age,7200,2.8458638337002634e-138,0,4096,0.0,0.0,0.0009369774073651883,0.0007311125564753995
0.25,1.0,0.5,envelope_gap,7200,2.8458638337002634e-138,0,4096,0.0,0.0,0.0009369774073651883,0.0007311125564753995
0.25,1.0,0.5,constructive_disconnected,8,,4096,4096,1.0,0.9990630225926348,0.9999999999999999,
0.25,1.0,0.5,constructive_disconnected,32,,144,4096,0.03515625,0.029937397528601,0.041246198654808816,
0.25,1.0,0.5,constructive_disconnected,128,,0,4096,0.0,0.0,0.0009369774073651883,0.0007311125564753995
0.25,1.0,0.5,constructive_disconnected,512,,0,4096,0.0,0.0,0.0009369774073651883,0.0007311125564753995
0.25,1.0,0.5,constructive_disconnected,2880,,0,4096,0.0,0.0,0.0009369774073651883,0.0007311125564753995
0.25,1.0,1.0,constructive_age,4,1.0,4096,4096,1.0,0.9990630225926348,0.9999999999999999,
0.25,1.0,1.0,envelope_gap,4,1.0,4096,4096,1.0,0.9990630225926348,0.9999999999999999,
0.25,1.0,1.0,constructive_age,8,1.0,4096,4096,1.0,0.9990630225926348,0.9999999999999999,
0.25,1.0,1.0,envelope_gap,8,1.0,4096,4096,1.0,0.9990630225926348,0.9999999999999999,
0.25,1.0,1.0,constructive_age,16,1.0,4096,4096,1.0,0.9990630225926348,0.9999999999999999,
0.25,1.0,1.0,envelope_gap,16,1.0,4096,4096,1.0,0.9990630225926348,0.9999999999999999,
0.25,1.0,1.0,constructive_age,32,1.0,4096,4096,1.0,0.9990630225926348,0.9999999999999999,
0.25,1.0,1.0,envelope_gap,32,1.0,4096,4096,1.0,0.9990630225926348,0.9999999999999999,
0.25,1.0,1.0,constructive_age,64,1.0,3844,4096,0.9384765625,0.9306990192363365,0.9454324204982203,
0.25,1.0,1.0,envelope_gap,64,1.0,4096,4096,1.0,0.9990630225926348,0.9999999999999999,
0.25,1.0,1.0,constructive_age,128,1.0,153,4096,0.037353515625,0.031966355260310976,0.04360765459660163,
0.25,1.0,1.0,envelope_gap,128,1.0,4096,4096,1.0,0.9990630225926348,0.9999999999999999,
0.25,1.0,1.0,constructive_age,256,1.0,0,4096,0.0,0.0,0.0009369774073651883,0.0007311125564753995
0.25,1.0,1.0,envelope_gap,256,1.0,4096,4096,1.0,0.9990630225926348,0.9999999999999999,
0.25,1.0,1.0,constructive_age,512,1.0,0,4096,0.0,0.0,0.0009369774073651883,0.0007311125564753995
0.25,1.0,1.0,envelope_gap,512,1.0,4096,4096,1.0,0.9990630225926348,0.9999999999999999,
0.25,1.0,1.0,constructive_age,1024,1.0,0,4096,0.0,0.0,0.0009369774073651883,0.0007311125564753995
0.25,1.0,1.0,envelope_gap,1024,1.0,4096,4096,1.0,0.9990630225926348,0.9999999999999999,
0.25,1.0,1.0,constructive_age,2048,1.0,0,4096,0.0,0.0,0.0009369774073651883,0.0007311125564753995
0.25,1.0,1.0,envelope_gap,2048,1.0,4096,4096,1.0,0.9990630225926348,0.9999999999999999,
0.25,1.0,1.0,constructive_age,4096,1.0,0,4096,0.0,0.0,0.0009369774073651883,0.0007311125564753995
0.25,1.0,1.0,envelope_gap,4096,1.0,4096,4096,1.0,0.9990630225926348,0.9999999999999999,
0.25,1.0,1.0,constructive_age,7200,1.0,0,4096,0.0,0.0,0.0009369774073651883,0.0007311125564753995
0.25,1.0,1.0,envelope_gap,7200,1.0,4096,4096,1.0,0.9990630225926348,0.9999999999999999,
0.25,1.0,1.0,constructive_disconnected,8,,4096,4096,1.0,0.9990630225926348,0.9999999999999999,
0.25,1.0,1.0,constructive_disconnected,32,,2901,4096,0.708251953125,0.6941411234838311,0.7219725280159333,
0.25,1.0,1.0,constructive_disconnected,128,,0,4096,0.0,0.0,0.0009369774073651883,0.0007311125564753995
0.25,1.0,1.0,constructive_disconnected,512,,0,4096,0.0,0.0,0.0009369774073651883,0.0007311125564753995
0.25,1.0,1.0,constructive_disconnected,2880,,0,4096,0.0,0.0,0.0009369774073651883,0.0007311125564753995
0.25,1.0,2.0,constructive_age,4,1.0,4096,4096,1.0,0.9990630225926348,0.9999999999999999,
0.25,1.0,2.0,envelope_gap,4,1.0,4096,4096,1.0,0.9990630225926348,0.9999999999999999,
0.25,1.0,2.0,constructive_age,8,1.0,4096,4096,1.0,0.9990630225926348,0.9999999999999999,
0.25,1.0,2.0,envelope_gap,8,1.0,4096,4096,1.0,0.9990630225926348,0.9999999999999999,
0.25,1.0,2.0,constructive_age,16,1.0,4096,4096,1.0,0.9990630225926348,0.9999999999999999,
0.25,1.0,2.0,envelope_gap,16,1.0,4096,4096,1.0,0.9990630225926348,0.9999999999999999,
0.25,1.0,2.0,constructive_age,32,1.0,4096,4096,1.0,0.9990630225926348,0.9999999999999999,
0.25,1.0,2.0,envelope_gap,32,1.0,4096,4096,1.0,0.9990630225926348,0.9999999999999999,
0.25,1.0,2.0,constructive_age,64,1.0,4096,4096,1.0,0.9990630225926348,0.9999999999999999,
0.25,1.0,2.0,envelope_gap,64,1.0,4096,4096,1.0,0.9990630225926348,0.9999999999999999,
0.25,1.0,2.0,constructive_age,128,1.0,4096,4096,1.0,0.9990630225926348,0.9999999999999999,
0.25,1.0,2.0,envelope_gap,128,1.0,4096,4096,1.0,0.9990630225926348,0.9999999999999999,
0.25,1.0,2.0,constructive_age,256,1.0,2817,4096,0.687744140625,0.6733820083135761,0.7017544489001623,
0.25,1.0,2.0,envelope_gap,256,1.0,4096,4096,1.0,0.9990630225926348,0.9999999999999999,
0.25,1.0,2.0,constructive_age,512,1.0,68,4096,0.0166015625,0.013117213150496153,0.020991778678890113,
0.25,1.0,2.0,envelope_gap,512,1.0,4096,4096,1.0,0.9990630225926348,0.9999999999999999,
0.25,1.0,2.0,constructive_age,1024,1.0,0,4096,0.0,0.0,0.0009369774073651883,0.0007311125564753995
0.25,1.0,2.0,envelope_gap,1024,1.0,4096,4096,1.0,0.9990630225926348,0.9999999999999999,
0.25,1.0,2.0,constructive_age,2048,1.0,0,4096,0.0,0.0,0.0009369774073651883,0.0007311125564753995
0.25,1.0,2.0,envelope_gap,2048,1.0,4096,4096,1.0,0.9990630225926348,0.9999999999999999,
0.25,1.0,2.0,constructive_age,4096,1.0,0,4096,0.0,0.0,0.0009369774073651883,0.0007311125564753995
0.25,1.0,2.0,envelope_gap,4096,1.0,4096,4096,1.0,0.9990630225926348,0.9999999999999999,
0.25,1.0,2.0,constructive_age,7200,1.0,0,4096,0.0,0.0,0.0009369774073651883,0.0007311125564753995
0.25,1.0,2.0,envelope_gap,7200,1.0,4096,4096,1.0,0.9990630225926348,0.9999999999999999,
0.25,1.0,2.0,constructive_disconnected,8,,4096,4096,1.0,0.9990630225926348,0.9999999999999999,
0.25,1.0,2.0,constructive_disconnected,32,,4096,4096,1.0,0.9990630225926348,0.9999999999999999,
0.25,1.0,2.0,constructive_disconnected,128,,487,4096,0.118896484375,0.10933967211030349,0.12916746740771265,
0.25,1.0,2.0,constructive_disconnected,512,,0,4096,0.0,0.0,0.0009369774073651883,0.0007311125564753995
0.25,1.0,2.0,constructive_disconnected,2880,,0,4096,0.0,0.0,0.0009369774073651883,0.0007311125564753995
0.3,0.2,0.0,constructive_age,4,1.0,4096,4096,1.0,0.9990630225926348,0.9999999999999999,
0.3,0.2,0.0,envelope_gap,4,1.0,4096,4096,1.0,0.9990630225926348,0.9999999999999999,
0.3,0.2,0.0,constructive_age,8,1.0,4096,4096,1.0,0.9990630225926348,0.9999999999999999,
0.3,0.2,0.0,envelope_gap,8,1.0,4096,4096,1.0,0.9990630225926348,0.9999999999999999,
0.3,0.2,0.0,constructive_age,16,1.0,4096,4096,1.0,0.9990630225926348,0.9999999999999999,
0.3,0.2,0.0,envelope_gap,16,1.0,4096,4096,1.0,0.9990630225926348,0.9999999999999999,
0.3,0.2,0.0,constructive_age,32,1.0,4096,4096,1.0,0.9990630225926348,0.9999999999999999,
0.3,0.2,0.0,envelope_gap,32,1.0,4096,4096,1.0,0.9990630225926348,0.9999999999999999,
0.3,0.2,0.0,constructive_age,64,1.0,4096,4096,1.0,0.9990630225926348,0.9999999999999999,
0.3,0.2,0.0,envelope_gap,64,1.0,4096,4096,1.0,0.9990630225926348,0.9999999999999999,
0.3,0.2,0.0,constructive_age,128,1.0,4096,4096,1.0,0.9990630225926348,0.9999999999999999,
0.3,0.2,0.0,envelope_gap,128,1.0,4096,4096,1.0,0.9990630225926348,0.9999999999999999,
0.3,0.2,0.0,constructive_age,256,1.0,4096,4096,1.0,0.9990630225926348,0.9999999999999999,
0.3,0.2,0.0,envelope_gap,256,1.0,4096,4096,1.0,0.9990630225926348,0.9999999999999999,
0.3,0.2,0.0,constructive_age,512,1.0,4096,4096,1.0,0.9990630225926348,0.9999999999999999,
0.3,0.2,0.0,envelope_gap,512,1.0,4096,4096,1.0,0.9990630225926348,0.9999999999999999,
0.3,0.2,0.0,constructive_age,1024,1.0,4096,4096,1.0,0.9990630225926348,0.9999999999999999,
0.3,0.2,0.0,envelope_gap,1024,1.0,4096,4096,1.0,0.9990630225926348,0.9999999999999999,
0.3,0.2,0.0,constructive_age,2048,1.0,4096,4096,1.0,0.9990630225926348,0.9999999999999999,
0.3,0.2,0.0,envelope_gap,2048,1.0,4096,4096,1.0,0.9990630225926348,0.9999999999999999,
0.3,0.2,0.0,constructive_age,4096,1.0,4096,4096,1.0,0.9990630225926348,0.9999999999999999,
0.3,0.2,0.0,envelope_gap,4096,1.0,4096,4096,1.0,0.9990630225926348,0.9999999999999999,
0.3,0.2,0.0,constructive_age,7200,1.0,4096,4096,1.0,0.9990630225926348,0.9999999999999999,
0.3,0.2,0.0,envelope_gap,7200,1.0,4096,4096,1.0,0.9990630225926348,0.9999999999999999,
0.3,0.2,0.0,constructive_disconnected,8,,4096,4096,1.0,0.9990630225926348,0.9999999999999999,
0.3,0.2,0.0,constructive_disconnected,32,,4096,4096,1.0,0.9990630225926348,0.9999999999999999,
0.3,0.2,0.0,constructive_disconnected,128,,4096,4096,1.0,0.9990630225926348,0.9999999999999999,
0.3,0.2,0.0,constructive_disconnected,512,,4096,4096,1.0,0.9990630225926348,0.9999999999999999,
0.3,0.2,0.0,constructive_disconnected,2880,,0,4096,0.0,0.0,0.0009369774073651883,0.0007311125564753995
0.3,0.2,0.5,constructive_age,4,1.0,4096,4096,1.0,0.9990630225926348,0.9999999999999999,
0.3,0.2,0.5,envelope_gap,4,1.0,4096,4096,1.0,0.9990630225926348,0.9999999999999999,
0.3,0.2,0.5,constructive_age,8,1.0,4096,4096,1.0,0.9990630225926348,0.9999999999999999,
0.3,0.2,0.5,envelope_gap,8,1.0,4096,4096,1.0,0.9990630225926348,0.9999999999999999,
0.3,0.2,0.5,constructive_age,16,1.0,4096,4096,1.0,0.9990630225926348,0.9999999999999999,
0.3,0.2,0.5,envelope_gap,16,1.0,4096,4096,1.0,0.9990630225926348,0.9999999999999999,
0.3,0.2,0.5,constructive_age,32,1.0,4096,4096,1.0,0.9990630225926348,0.9999999999999999,
0.3,0.2,0.5,envelope_gap,32,1.0,4096,4096,1.0,0.9990630225926348,0.9999999999999999,
0.3,0.2,0.5,constructive_age,64,1.0,4096,4096,1.0,0.9990630225926348,0.9999999999999999,
0.3,0.2,0.5,envelope_gap,64,1.0,4096,4096,1.0,0.9990630225926348,0.9999999999999999,
0.3,0.2,0.5,constructive_age,128,1.0,4096,4096,1.0,0.9990630225926348,0.9999999999999999,
0.3,0.2,0.5,envelope_gap,128,1.0,4096,4096,1.0,0.9990630225926348,0.9999999999999999,
0.3,0.2,0.5,constructive_age,256,1.0,4096,4096,1.0,0.9990630225926348,0.9999999999999999,
0.3,0.2,0.5,envelope_gap,256,1.0,4096,4096,1.0,0.9990630225926348,0.9999999999999999,
0.3,0.2,0.5,constructive_age,512,1.0,4096,4096,1.0,0.9990630225926348,0.9999999999999999,
0.3,0.2,0.5,envelope_gap,512,1.0,4096,4096,1.0,0.9990630225926348,0.9999999999999999,
0.3,0.2,0.5,constructive_age,1024,1.0,4096,4096,1.0,0.9990630225926348,0.9999999999999999,
0.3,0.2,0.5,envelope_gap,1024,1.0,4096,4096,1.0,0.9990630225926348,0.9999999999999999,
0.3,0.2,0.5,constructive_age,2048,1.0,4096,4096,1.0,0.9990630225926348,0.9999999999999999,
0.3,0.2,0.5,envelope_gap,2048,1.0,4096,4096,1.0,0.9990630225926348,0.9999999999999999,
0.3,0.2,0.5,constructive_age,4096,1.0,4096,4096,1.0,0.9990630225926348,0.9999999999999999,
0.3,0.2,0.5,envelope_gap,4096,1.0,4096,4096,1.0,0.9990630225926348,0.9999999999999999,
0.3,0.2,0.5,constructive_age,7200,1.0,4096,4096,1.0,0.9990630225926348,0.9999999999999999,
0.3,0.2,0.5,envelope_gap,7200,1.0,4096,4096,1.0,0.9990630225926348,0.9999999999999999,
0.3,0.2,0.5,constructive_disconnected,8,,4096,4096,1.0,0.9990630225926348,0.9999999999999999,
0.3,0.2,0.5,constructive_disconnected,32,,4096,4096,1.0,0.9990630225926348,0.9999999999999999,
0.3,0.2,0.5,constructive_disconnected,128,,4096,4096,1.0,0.9990630225926348,0.9999999999999999,
0.3,0.2,0.5,constructive_disconnected,512,,4096,4096,1.0,0.9990630225926348,0.9999999999999999,
0.3,0.2,0.5,constructive_disconnected,2880,,0,4096,0.0,0.0,0.0009369774073651883,0.0007311125564753995
0.3,0.2,1.0,constructive_age,4,1.0,4096,4096,1.0,0.9990630225926348,0.9999999999999999,
0.3,0.2,1.0,envelope_gap,4,1.0,4096,4096,1.0,0.9990630225926348,0.9999999999999999,
0.3,0.2,1.0,constructive_age,8,1.0,4096,4096,1.0,0.9990630225926348,0.9999999999999999,
0.3,0.2,1.0,envelope_gap,8,1.0,4096,4096,1.0,0.9990630225926348,0.9999999999999999,
0.3,0.2,1.0,constructive_age,16,1.0,4096,4096,1.0,0.9990630225926348,0.9999999999999999,
0.3,0.2,1.0,envelope_gap,16,1.0,4096,4096,1.0,0.9990630225926348,0.9999999999999999,
0.3,0.2,1.0,constructive_age,32,1.0,4096,4096,1.0,0.9990630225926348,0.9999999999999999,
0.3,0.2,1.0,envelope_gap,32,1.0,4096,4096,1.0,0.9990630225926348,0.9999999999999999,
0.3,0.2,1.0,constructive_age,64,1.0,4096,4096,1.0,0.9990630225926348,0.9999999999999999,
0.3,0.2,1.0,envelope_gap,64,1.0,4096,4096,1.0,0.9990630225926348,0.9999999999999999,
0.3,0.2,1.0,constructive_age,128,1.0,4096,4096,1.0,0.9990630225926348,0.9999999999999999,
0.3,0.2,1.0,envelope_gap,128,1.0,4096,4096,1.0,0.9990630225926348,0.9999999999999999,
0.3,0.2,1.0,constructive_age,256,1.0,4096,4096,1.0,0.9990630225926348,0.9999999999999999,
0.3,0.2,1.0,envelope_gap,256,1.0,4096,4096,1.0,0.9990630225926348,0.9999999999999999,
0.3,0.2,1.0,constructive_age,512,1.0,4096,4096,1.0,0.9990630225926348,0.9999999999999999,
0.3,0.2,1.0,envelope_gap,512,1.0,4096,4096,1.0,0.9990630225926348,0.9999999999999999,
0.3,0.2,1.0,constructive_age,1024,1.0,4096,4096,1.0,0.9990630225926348,0.9999999999999999,
0.3,0.2,1.0,envelope_gap,1024,1.0,4096,4096,1.0,0.9990630225926348,0.9999999999999999,
0.3,0.2,1.0,constructive_age,2048,1.0,4096,4096,1.0,0.9990630225926348,0.9999999999999999,
0.3,0.2,1.0,envelope_gap,2048,1.0,4096,4096,1.0,0.9990630225926348,0.9999999999999999,
0.3,0.2,1.0,constructive_age,4096,1.0,4096,4096,1.0,0.9990630225926348,0.9999999999999999,
0.3,0.2,1.0,envelope_gap,4096,1.0,4096,4096,1.0,0.9990630225926348,0.9999999999999999,
0.3,0.2,1.0,constructive_age,7200,1.0,4096,4096,1.0,0.9990630225926348,0.9999999999999999,
0.3,0.2,1.0,envelope_gap,7200,1.0,4096,4096,1.0,0.9990630225926348,0.9999999999999999,
0.3,0.2,1.0,constructive_disconnected,8,,4096,4096,1.0,0.9990630225926348,0.9999999999999999,
0.3,0.2,1.0,constructive_disconnected,32,,4096,4096,1.0,0.9990630225926348,0.9999999999999999,
0.3,0.2,1.0,constructive_disconnected,128,,4096,4096,1.0,0.9990630225926348,0.9999999999999999,
0.3,0.2,1.0,constructive_disconnected,512,,4096,4096,1.0,0.9990630225926348,0.9999999999999999,
0.3,0.2,1.0,constructive_disconnected,2880,,0,4096,0.0,0.0,0.0009369774073651883,0.0007311125564753995
0.3,0.2,2.0,constructive_age,4,1.0,4096,4096,1.0,0.9990630225926348,0.9999999999999999,
0.3,0.2,2.0,envelope_gap,4,1.0,4096,4096,1.0,0.9990630225926348,0.9999999999999999,
0.3,0.2,2.0,constructive_age,8,1.0,4096,4096,1.0,0.9990630225926348,0.9999999999999999,
0.3,0.2,2.0,envelope_gap,8,1.0,4096,4096,1.0,0.9990630225926348,0.9999999999999999,
0.3,0.2,2.0,constructive_age,16,1.0,4096,4096,1.0,0.9990630225926348,0.9999999999999999,
0.3,0.2,2.0,envelope_gap,16,1.0,4096,4096,1.0,0.9990630225926348,0.9999999999999999,
0.3,0.2,2.0,constructive_age,32,1.0,4096,4096,1.0,0.9990630225926348,0.9999999999999999,
0.3,0.2,2.0,envelope_gap,32,1.0,4096,4096,1.0,0.9990630225926348,0.9999999999999999,
0.3,0.2,2.0,constructive_age,64,1.0,4096,4096,1.0,0.9990630225926348,0.9999999999999999,
0.3,0.2,2.0,envelope_gap,64,1.0,4096,4096,1.0,0.9990630225926348,0.9999999999999999,
0.3,0.2,2.0,constructive_age,128,1.0,4096,4096,1.0,0.9990630225926348,0.9999999999999999,
0.3,0.2,2.0,envelope_gap,128,1.0,4096,4096,1.0,0.9990630225926348,0.9999999999999999,
0.3,0.2,2.0,constructive_age,256,1.0,4096,4096,1.0,0.9990630225926348,0.9999999999999999,
0.3,0.2,2.0,envelope_gap,256,1.0,4096,4096,1.0,0.9990630225926348,0.9999999999999999,
0.3,0.2,2.0,constructive_age,512,1.0,4096,4096,1.0,0.9990630225926348,0.9999999999999999,
0.3,0.2,2.0,envelope_gap,512,1.0,4096,4096,1.0,0.9990630225926348,0.9999999999999999,
0.3,0.2,2.0,constructive_age,1024,1.0,4096,4096,1.0,0.9990630225926348,0.9999999999999999,
0.3,0.2,2.0,envelope_gap,1024,1.0,4096,4096,1.0,0.9990630225926348,0.9999999999999999,
0.3,0.2,2.0,constructive_age,2048,1.0,4096,4096,1.0,0.9990630225926348,0.9999999999999999,
0.3,0.2,2.0,envelope_gap,2048,1.0,4096,4096,1.0,0.9990630225926348,0.9999999999999999,
0.3,0.2,2.0,constructive_age,4096,1.0,4096,4096,1.0,0.9990630225926348,0.9999999999999999,
0.3,0.2,2.0,envelope_gap,4096,1.0,4096,4096,1.0,0.9990630225926348,0.9999999999999999,
0.3,0.2,2.0,constructive_age,7200,1.0,4096,4096,1.0,0.9990630225926348,0.9999999999999999,
0.3,0.2,2.0,envelope_gap,7200,1.0,4096,4096,1.0,0.9990630225926348,0.9999999999999999,
0.3,0.2,2.0,constructive_disconnected,8,,4096,4096,1.0,0.9990630225926348,0.9999999999999999,
0.3,0.2,2.0,constructive_disconnected,32,,4096,4096,1.0,0.9990630225926348,0.9999999999999999,
0.3,0.2,2.0,constructive_disconnected,128,,4096,4096,1.0,0.9990630225926348,0.9999999999999999,
0.3,0.2,2.0,constructive_disconnected,512,,4096,4096,1.0,0.9990630225926348,0.9999999999999999,
0.3,0.2,2.0,constructive_disconnected,2880,,0,4096,0.0,0.0,0.0009369774073651883,0.0007311125564753995
0.3,0.4,0.0,constructive_age,4,1.0,4096,4096,1.0,0.9990630225926348,0.9999999999999999,
0.3,0.4,0.0,envelope_gap,4,1.0,4096,4096,1.0,0.9990630225926348,0.9999999999999999,
0.3,0.4,0.0,constructive_age,8,1.0,4096,4096,1.0,0.9990630225926348,0.9999999999999999,
0.3,0.4,0.0,envelope_gap,8,1.0,4096,4096,1.0,0.9990630225926348,0.9999999999999999,
0.3,0.4,0.0,constructive_age,16,1.0,4096,4096,1.0,0.9990630225926348,0.9999999999999999,
0.3,0.4,0.0,envelope_gap,16,1.0,4096,4096,1.0,0.9990630225926348,0.9999999999999999,
0.3,0.4,0.0,constructive_age,32,1.0,4096,4096,1.0,0.9990630225926348,0.9999999999999999,
0.3,0.4,0.0,envelope_gap,32,1.0,4096,4096,1.0,0.9990630225926348,0.9999999999999999,
0.3,0.4,0.0,constructive_age,64,1.0,4096,4096,1.0,0.9990630225926348,0.9999999999999999,
0.3,0.4,0.0,envelope_gap,64,1.0,4096,4096,1.0,0.9990630225926348,0.9999999999999999,
0.3,0.4,0.0,constructive_age,128,1.0,4096,4096,1.0,0.9990630225926348,0.9999999999999999,
0.3,0.4,0.0,envelope_gap,128,1.0,4096,4096,1.0,0.9990630225926348,0.9999999999999999,
0.3,0.4,0.0,constructive_age,256,1.0,4096,4096,1.0,0.9990630225926348,0.9999999999999999,
0.3,0.4,0.0,envelope_gap,256,1.0,4096,4096,1.0,0.9990630225926348,0.9999999999999999,
0.3,0.4,0.0,constructive_age,512,1.0,4096,4096,1.0,0.9990630225926348,0.9999999999999999,
0.3,0.4,0.0,envelope_gap,512,1.0,4096,4096,1.0,0.9990630225926348,0.9999999999999999,
0.3,0.4,0.0,constructive_age,1024,1.0,4096,4096,1.0,0.9990630225926348,0.9999999999999999,
0.3,0.4,0.0,envelope_gap,1024,1.0,4096,4096,1.0,0.9990630225926348,0.9999999999999999,
0.3,0.4,0.0,constructive_age,2048,1.0,4096,4096,1.0,0.9990630225926348,0.9999999999999999,
0.3,0.4,0.0,envelope_gap,2048,1.0,4096,4096,1.0,0.9990630225926348,0.9999999999999999,
0.3,0.4,0.0,constructive_age,4096,1.0,4096,4096,1.0,0.9990630225926348,0.9999999999999999,
0.3,0.4,0.0,envelope_gap,4096,1.0,4096,4096,1.0,0.9990630225926348,0.9999999999999999,
0.3,0.4,0.0,constructive_age,7200,1.0,4096,4096,1.0,0.9990630225926348,0.9999999999999999,
0.3,0.4,0.0,envelope_gap,7200,1.0,4096,4096,1.0,0.9990630225926348,0.9999999999999999,
0.3,0.4,0.0,constructive_disconnected,8,,4096,4096,1.0,0.9990630225926348,0.9999999999999999,
0.3,0.4,0.0,constructive_disconnected,32,,4096,4096,1.0,0.9990630225926348,0.9999999999999999,
0.3,0.4,0.0,constructive_disconnected,128,,4096,4096,1.0,0.9990630225926348,0.9999999999999999,
0.3,0.4,0.0,constructive_disconnected,512,,4096,4096,1.0,0.9990630225926348,0.9999999999999999,
0.3,0.4,0.0,constructive_disconnected,2880,,4095,4096,0.999755859375,0.9986182969663738,0.9999569018847606,
0.3,0.4,0.5,constructive_age,4,1.0,4096,4096,1.0,0.9990630225926348,0.9999999999999999,
0.3,0.4,0.5,envelope_gap,4,1.0,4096,4096,1.0,0.9990630225926348,0.9999999999999999,
0.3,0.4,0.5,constructive_age,8,1.0,4096,4096,1.0,0.9990630225926348,0.9999999999999999,
0.3,0.4,0.5,envelope_gap,8,1.0,4096,4096,1.0,0.9990630225926348,0.9999999999999999,
0.3,0.4,0.5,constructive_age,16,1.0,4096,4096,1.0,0.9990630225926348,0.9999999999999999,
0.3,0.4,0.5,envelope_gap,16,1.0,4096,4096,1.0,0.9990630225926348,0.9999999999999999,
0.3,0.4,0.5,constructive_age,32,1.0,4096,4096,1.0,0.9990630225926348,0.9999999999999999,
0.3,0.4,0.5,envelope_gap,32,1.0,4096,4096,1.0,0.9990630225926348,0.9999999999999999,
0.3,0.4,0.5,constructive_age,64,1.0,4096,4096,1.0,0.9990630225926348,0.9999999999999999,
0.3,0.4,0.5,envelope_gap,64,1.0,4096,4096,1.0,0.9990630225926348,0.9999999999999999,
0.3,0.4,0.5,constructive_age,128,1.0,4096,4096,1.0,0.9990630225926348,0.9999999999999999,
0.3,0.4,0.5,envelope_gap,128,1.0,4096,4096,1.0,0.9990630225926348,0.9999999999999999,
0.3,0.4,0.5,constructive_age,256,1.0,4096,4096,1.0,0.9990630225926348,0.9999999999999999,
0.3,0.4,0.5,envelope_gap,256,1.0,4096,4096,1.0,0.9990630225926348,0.9999999999999999,
0.3,0.4,0.5,constructive_age,512,1.0,4096,4096,1.0,0.9990630225926348,0.9999999999999999,
0.3,0.4,0.5,envelope_gap,512,1.0,4096,4096,1.0,0.9990630225926348,0.9999999999999999,
0.3,0.4,0.5,constructive_age,1024,1.0,4096,4096,1.0,0.9990630225926348,0.9999999999999999,
0.3,0.4,0.5,envelope_gap,1024,1.0,4096,4096,1.0,0.9990630225926348,0.9999999999999999,
0.3,0.4,0.5,constructive_age,2048,1.0,4096,4096,1.0,0.9990630225926348,0.9999999999999999,
0.3,0.4,0.5,envelope_gap,2048,1.0,4096,4096,1.0,0.9990630225926348,0.9999999999999999,
0.3,0.4,0.5,constructive_age,4096,1.0,4096,4096,1.0,0.9990630225926348,0.9999999999999999,
0.3,0.4,0.5,envelope_gap,4096,1.0,4096,4096,1.0,0.9990630225926348,0.9999999999999999,
0.3,0.4,0.5,constructive_age,7200,1.0,4096,4096,1.0,0.9990630225926348,0.9999999999999999,
0.3,0.4,0.5,envelope_gap,7200,1.0,4096,4096,1.0,0.9990630225926348,0.9999999999999999,
0.3,0.4,0.5,constructive_disconnected,8,,4096,4096,1.0,0.9990630225926348,0.9999999999999999,
0.3,0.4,0.5,constructive_disconnected,32,,4096,4096,1.0,0.9990630225926348,0.9999999999999999,
0.3,0.4,0.5,constructive_disconnected,128,,4096,4096,1.0,0.9990630225926348,0.9999999999999999,
0.3,0.4,0.5,constructive_disconnected,512,,4096,4096,1.0,0.9990630225926348,0.9999999999999999,
0.3,0.4,0.5,constructive_disconnected,2880,,4095,4096,0.999755859375,0.9986182969663738,0.9999569018847606,
0.3,0.4,1.0,constructive_age,4,1.0,4096,4096,1.0,0.9990630225926348,0.9999999999999999,
0.3,0.4,1.0,envelope_gap,4,1.0,4096,4096,1.0,0.9990630225926348,0.9999999999999999,
0.3,0.4,1.0,constructive_age,8,1.0,4096,4096,1.0,0.9990630225926348,0.9999999999999999,
0.3,0.4,1.0,envelope_gap,8,1.0,4096,4096,1.0,0.9990630225926348,0.9999999999999999,
0.3,0.4,1.0,constructive_age,16,1.0,4096,4096,1.0,0.9990630225926348,0.9999999999999999,
0.3,0.4,1.0,envelope_gap,16,1.0,4096,4096,1.0,0.9990630225926348,0.9999999999999999,
0.3,0.4,1.0,constructive_age,32,1.0,4096,4096,1.0,0.9990630225926348,0.9999999999999999,
0.3,0.4,1.0,envelope_gap,32,1.0,4096,4096,1.0,0.9990630225926348,0.9999999999999999,
0.3,0.4,1.0,constructive_age,64,1.0,4096,4096,1.0,0.9990630225926348,0.9999999999999999,
0.3,0.4,1.0,envelope_gap,64,1.0,4096,4096,1.0,0.9990630225926348,0.9999999999999999,
0.3,0.4,1.0,constructive_age,128,1.0,4096,4096,1.0,0.9990630225926348,0.9999999999999999,
0.3,0.4,1.0,envelope_gap,128,1.0,4096,4096,1.0,0.9990630225926348,0.9999999999999999,
0.3,0.4,1.0,constructive_age,256,1.0,4096,4096,1.0,0.9990630225926348,0.9999999999999999,
0.3,0.4,1.0,envelope_gap,256,1.0,4096,4096,1.0,0.9990630225926348,0.9999999999999999,
0.3,0.4,1.0,constructive_age,512,1.0,4096,4096,1.0,0.9990630225926348,0.9999999999999999,
0.3,0.4,1.0,envelope_gap,512,1.0,4096,4096,1.0,0.9990630225926348,0.9999999999999999,
0.3,0.4,1.0,constructive_age,1024,1.0,4096,4096,1.0,0.9990630225926348,0.9999999999999999,
0.3,0.4,1.0,envelope_gap,1024,1.0,4096,4096,1.0,0.9990630225926348,0.9999999999999999,
0.3,0.4,1.0,constructive_age,2048,1.0,4096,4096,1.0,0.9990630225926348,0.9999999999999999,
0.3,0.4,1.0,envelope_gap,2048,1.0,4096,4096,1.0,0.9990630225926348,0.9999999999999999,
0.3,0.4,1.0,constructive_age,4096,1.0,4096,4096,1.0,0.9990630225926348,0.9999999999999999,
0.3,0.4,1.0,envelope_gap,4096,1.0,4096,4096,1.0,0.9990630225926348,0.9999999999999999,
0.3,0.4,1.0,constructive_age,7200,1.0,4096,4096,1.0,0.9990630225926348,0.9999999999999999,
0.3,0.4,1.0,envelope_gap,7200,1.0,4096,4096,1.0,0.9990630225926348,0.9999999999999999,
0.3,0.4,1.0,constructive_disconnected,8,,4096,4096,1.0,0.9990630225926348,0.9999999999999999,
0.3,0.4,1.0,constructive_disconnected,32,,4096,4096,1.0,0.9990630225926348,0.9999999999999999,
0.3,0.4,1.0,constructive_disconnected,128,,4096,4096,1.0,0.9990630225926348,0.9999999999999999,
0.3,0.4,1.0,constructive_disconnected,512,,4096,4096,1.0,0.9990630225926348,0.9999999999999999,
0.3,0.4,1.0,constructive_disconnected,2880,,4096,4096,1.0,0.9990630225926348,0.9999999999999999,
0.3,0.4,2.0,constructive_age,4,1.0,4096,4096,1.0,0.9990630225926348,0.9999999999999999,
0.3,0.4,2.0,envelope_gap,4,1.0,4096,4096,1.0,0.9990630225926348,0.9999999999999999,
0.3,0.4,2.0,constructive_age,8,1.0,4096,4096,1.0,0.9990630225926348,0.9999999999999999,
0.3,0.4,2.0,envelope_gap,8,1.0,4096,4096,1.0,0.9990630225926348,0.9999999999999999,
0.3,0.4,2.0,constructive_age,16,1.0,4096,4096,1.0,0.9990630225926348,0.9999999999999999,
0.3,0.4,2.0,envelope_gap,16,1.0,4096,4096,1.0,0.9990630225926348,0.9999999999999999,
0.3,0.4,2.0,constructive_age,32,1.0,4096,4096,1.0,0.9990630225926348,0.9999999999999999,
0.3,0.4,2.0,envelope_gap,32,1.0,4096,4096,1.0,0.9990630225926348,0.9999999999999999,
0.3,0.4,2.0,constructive_age,64,1.0,4096,4096,1.0,0.9990630225926348,0.9999999999999999,
0.3,0.4,2.0,envelope_gap,64,1.0,4096,4096,1.0,0.9990630225926348,0.9999999999999999,
0.3,0.4,2.0,constructive_age,128,1.0,4096,4096,1.0,0.9990630225926348,0.9999999999999999,
0.3,0.4,2.0,envelope_gap,128,1.0,4096,4096,1.0,0.9990630225926348,0.9999999999999999,
0.3,0.4,2.0,constructive_age,256,1.0,4096,4096,1.0,0.9990630225926348,0.9999999999999999,
0.3,0.4,2.0,envelope_gap,256,1.0,4096,4096,1.0,0.9990630225926348,0.9999999999999999,
0.3,0.4,2.0,constructive_age,512,1.0,4096,4096,1.0,0.9990630225926348,0.9999999999999999,
0.3,0.4,2.0,envelope_gap,512,1.0,4096,4096,1.0,0.9990630225926348,0.9999999999999999,
0.3,0.4,2.0,constructive_age,1024,1.0,4096,4096,1.0,0.9990630225926348,0.9999999999999999,
0.3,0.4,2.0,envelope_gap,1024,1.0,4096,4096,1.0,0.9990630225926348,0.9999999999999999,
0.3,0.4,2.0,constructive_age,2048,1.0,4096,4096,1.0,0.9990630225926348,0.9999999999999999,
0.3,0.4,2.0,envelope_gap,2048,1.0,4096,4096,1.0,0.9990630225926348,0.9999999999999999,
0.3,0.4,2.0,constructive_age,4096,1.0,4096,4096,1.0,0.9990630225926348,0.9999999999999999,
0.3,0.4,2.0,envelope_gap,4096,1.0,4096,4096,1.0,0.9990630225926348,0.9999999999999999,
0.3,0.4,2.0,constructive_age,7200,1.0,4096,4096,1.0,0.9990630225926348,0.9999999999999999,
0.3,0.4,2.0,envelope_gap,7200,1.0,4096,4096,1.0,0.9990630225926348,0.9999999999999999,
0.3,0.4,2.0,constructive_disconnected,8,,4096,4096,1.0,0.9990630225926348,0.9999999999999999,
0.3,0.4,2.0,constructive_disconnected,32,,4096,4096,1.0,0.9990630225926348,0.9999999999999999,
0.3,0.4,2.0,constructive_disconnected,128,,4096,4096,1.0,0.9990630225926348,0.9999999999999999,
0.3,0.4,2.0,constructive_disconnected,512,,4096,4096,1.0,0.9990630225926348,0.9999999999999999,
0.3,0.4,2.0,constructive_disconnected,2880,,4096,4096,1.0,0.9990630225926348,0.9999999999999999,
0.3,0.7,0.0,constructive_age,4,1.0,4096,4096,1.0,0.9990630225926348,0.9999999999999999,
0.3,0.7,0.0,envelope_gap,4,1.0,4096,4096,1.0,0.9990630225926348,0.9999999999999999,
0.3,0.7,0.0,constructive_age,8,1.0,4096,4096,1.0,0.9990630225926348,0.9999999999999999,
0.3,0.7,0.0,envelope_gap,8,1.0,4096,4096,1.0,0.9990630225926348,0.9999999999999999,
0.3,0.7,0.0,constructive_age,16,1.0,4096,4096,1.0,0.9990630225926348,0.9999999999999999,
0.3,0.7,0.0,envelope_gap,16,1.0,4096,4096,1.0,0.9990630225926348,0.9999999999999999,
0.3,0.7,0.0,constructive_age,32,1.0,4096,4096,1.0,0.9990630225926348,0.9999999999999999,
0.3,0.7,0.0,envelope_gap,32,1.0,4096,4096,1.0,0.9990630225926348,0.9999999999999999,
0.3,0.7,0.0,constructive_age,64,1.0,4096,4096,1.0,0.9990630225926348,0.9999999999999999,
0.3,0.7,0.0,envelope_gap,64,1.0,4096,4096,1.0,0.9990630225926348,0.9999999999999999,
0.3,0.7,0.0,constructive_age,128,1.0,4084,4096,0.9970703125,0.9948858699188933,0.9983232677757378,
0.3,0.7,0.0,envelope_gap,128,1.0,4096,4096,1.0,0.9990630225926348,0.9999999999999999,
0.3,0.7,0.0,constructive_age,256,1.0,728,4096,0.177734375,0.16633053650095314,0.18974212471863766,
0.3,0.7,0.0,envelope_gap,256,1.0,3742,4096,0.91357421875,0.9045768022865681,0.9217966158149569,
0.3,0.7,0.0,constructive_age,512,1.0,1,4096,0.000244140625,4.309811523941186e-05,0.0013817030336260863,
0.3,0.7,0.0,envelope_gap,512,1.0,131,4096,0.031982421875,0.02701717683316579,0.037824710710740006,
0.3,0.7,0.0,constructive_age,1024,1.0,0,4096,0.0,0.0,0.0009369774073651883,0.0007311125564753995
0.3,0.7,0.0,envelope_gap,1024,1.0,0,4096,0.0,0.0,0.0009369774073651883,0.0007311125564753995
0.3,0.7,0.0,constructive_age,2048,1.0,0,4096,0.0,0.0,0.0009369774073651883,0.0007311125564753995
0.3,0.7,0.0,envelope_gap,2048,1.0,0,4096,0.0,0.0,0.0009369774073651883,0.0007311125564753995
0.3,0.7,0.0,constructive_age,4096,0.0012682787018579499,0,4096,0.0,0.0,0.0009369774073651883,0.0007311125564753995
0.3,0.7,0.0,envelope_gap,4096,0.0012682787018579499,0,4096,0.0,0.0,0.0009369774073651883,0.0007311125564753995
0.3,0.7,0.0,constructive_age,7200,3.3008128882402317e-09,0,4096,0.0,0.0,0.0009369774073651883,0.0007311125564753995
0.3,0.7,0.0,envelope_gap,7200,3.3008128882402317e-09,0,4096,0.0,0.0,0.0009369774073651883,0.0007311125564753995
0.3,0.7,0.0,constructive_disconnected,8,,4096,4096,1.0,0.9990630225926348,0.9999999999999999,
0.3,0.7,0.0,constructive_disconnected,32,,4096,4096,1.0,0.9990630225926348,0.9999999999999999,
0.3,0.7,0.0,constructive_disconnected,128,,128,4096,0.03125,0.02634519929104107,0.03703321702836379,
0.3,0.7,0.0,constructive_disconnected,512,,0,4096,0.0,0.0,0.0009369774073651883,0.0007311125564753995
0.3,0.7,0.0,constructive_disconnected,2880,,0,4096,0.0,0.0,0.0009369774073651883,0.0007311125564753995
0.3,0.7,0.5,constructive_age,4,1.0,4096,4096,1.0,0.9990630225926348,0.9999999999999999,
0.3,0.7,0.5,envelope_gap,4,1.0,4096,4096,1.0,0.9990630225926348,0.9999999999999999,
0.3,0.7,0.5,constructive_age,8,1.0,4096,4096,1.0,0.9990630225926348,0.9999999999999999,
0.3,0.7,0.5,envelope_gap,8,1.0,4096,4096,1.0,0.9990630225926348,0.9999999999999999,
0.3,0.7,0.5,constructive_age,16,1.0,4096,4096,1.0,0.9990630225926348,0.9999999999999999,
0.3,0.7,0.5,envelope_gap,16,1.0,4096,4096,1.0,0.9990630225926348,0.9999999999999999,
0.3,0.7,0.5,constructive_age,32,1.0,4096,4096,1.0,0.9990630225926348,0.9999999999999999,
0.3,0.7,0.5,envelope_gap,32,1.0,4096,4096,1.0,0.9990630225926348,0.9999999999999999,
0.3,0.7,0.5,constructive_age,64,1.0,4096,4096,1.0,0.9990630225926348,0.9999999999999999,
0.3,0.7,0.5,envelope_gap,64,1.0,4096,4096,1.0,0.9990630225926348,0.9999999999999999,
0.3,0.7,0.5,constructive_age,128,1.0,4084,4096,0.9970703125,0.9948858699188933,0.9983232677757378,
0.3,0.7,0.5,envelope_gap,128,1.0,4096,4096,1.0,0.9990630225926348,0.9999999999999999,
0.3,0.7,0.5,constructive_age,256,1.0,728,4096,0.177734375,0.16633053650095314,0.18974212471863766,
0.3,0.7,0.5,envelope_gap,256,1.0,3742,4096,0.91357421875,0.9045768022865681,0.9217966158149569,
0.3,0.7,0.5,constructive_age,512,1.0,1,4096,0.000244140625,4.309811523941186e-05,0.0013817030336260863,
0.3,0.7,0.5,envelope_gap,512,1.0,131,4096,0.031982421875,0.02701717683316579,0.037824710710740006,
0.3,0.7,0.5,constructive_age,1024,1.0,0,4096,0.0,0.0,0.0009369774073651883,0.0007311125564753995
0.3,0.7,0.5,envelope_gap,1024,1.0,0,4096,0.0,0.0,0.0009369774073651883,0.0007311125564753995
0.3,0.7,0.5,constructive_age,2048,1.0,0,4096,0.0,0.0,0.0009369774073651883,0.0007311125564753995
0.3,0.7,0.5,envelope_gap,2048,1.0,0,4096,0.0,0.0,0.0009369774073651883,0.0007311125564753995
0.3,0.7,0.5,constructive_age,4096,0.0012682787018579499,0,4096,0.0,0.0,0.0009369774073651883,0.0007311125564753995
0.3,0.7,0.5,envelope_gap,4096,0.0012682787018579499,0,4096,0.0,0.0,0.0009369774073651883,0.0007311125564753995
0.3,0.7,0.5,constructive_age,7200,3.3008128882402317e-09,0,4096,0.0,0.0,0.0009369774073651883,0.0007311125564753995
0.3,0.7,0.5,envelope_gap,7200,3.3008128882402317e-09,0,4096,0.0,0.0,0.0009369774073651883,0.0007311125564753995
0.3,0.7,0.5,constructive_disconnected,8,,4096,4096,1.0,0.9990630225926348,0.9999999999999999,
0.3,0.7,0.5,constructive_disconnected,32,,4096,4096,1.0,0.9990630225926348,0.9999999999999999,
0.3,0.7,0.5,constructive_disconnected,128,,128,4096,0.03125,0.02634519929104107,0.03703321702836379,
0.3,0.7,0.5,constructive_disconnected,512,,0,4096,0.0,0.0,0.0009369774073651883,0.0007311125564753995
0.3,0.7,0.5,constructive_disconnected,2880,,0,4096,0.0,0.0,0.0009369774073651883,0.0007311125564753995
0.3,0.7,1.0,constructive_age,4,1.0,4096,4096,1.0,0.9990630225926348,0.9999999999999999,
0.3,0.7,1.0,envelope_gap,4,1.0,4096,4096,1.0,0.9990630225926348,0.9999999999999999,
0.3,0.7,1.0,constructive_age,8,1.0,4096,4096,1.0,0.9990630225926348,0.9999999999999999,
0.3,0.7,1.0,envelope_gap,8,1.0,4096,4096,1.0,0.9990630225926348,0.9999999999999999,
0.3,0.7,1.0,constructive_age,16,1.0,4096,4096,1.0,0.9990630225926348,0.9999999999999999,
0.3,0.7,1.0,envelope_gap,16,1.0,4096,4096,1.0,0.9990630225926348,0.9999999999999999,
0.3,0.7,1.0,constructive_age,32,1.0,4096,4096,1.0,0.9990630225926348,0.9999999999999999,
0.3,0.7,1.0,envelope_gap,32,1.0,4096,4096,1.0,0.9990630225926348,0.9999999999999999,
0.3,0.7,1.0,constructive_age,64,1.0,4096,4096,1.0,0.9990630225926348,0.9999999999999999,
0.3,0.7,1.0,envelope_gap,64,1.0,4096,4096,1.0,0.9990630225926348,0.9999999999999999,
0.3,0.7,1.0,constructive_age,128,1.0,4096,4096,1.0,0.9990630225926348,0.9999999999999999,
0.3,0.7,1.0,envelope_gap,128,1.0,4096,4096,1.0,0.9990630225926348,0.9999999999999999,
0.3,0.7,1.0,constructive_age,256,1.0,4096,4096,1.0,0.9990630225926348,0.9999999999999999,
0.3,0.7,1.0,envelope_gap,256,1.0,4096,4096,1.0,0.9990630225926348,0.9999999999999999,
0.3,0.7,1.0,constructive_age,512,1.0,3447,4096,0.841552734375,0.8300505515045329,0.8524148628544008,
0.3,0.7,1.0,envelope_gap,512,1.0,4096,4096,1.0,0.9990630225926348,0.9999999999999999,
0.3,0.7,1.0,constructive_age,1024,1.0,274,4096,0.06689453125,0.05964198073573794,0.07495870184271218,
0.3,0.7,1.0,envelope_gap,1024,1.0,4096,4096,1.0,0.9990630225926348,0.9999999999999999,
0.3,0.7,1.0,constructive_age,2048,1.0,2,4096,0.00048828125,0.00013391454481334652,0.0017787103455524616,
0.3,0.7,1.0,envelope_gap,2048,1.0,4096,4096,1.0,0.9990630225926348,0.9999999999999999,
0.3,0.7,1.0,constructive_age,4096,1.0,0,4096,0.0,0.0,0.0009369774073651883,0.0007311125564753995
0.3,0.7,1.0,envelope_gap,4096,1.0,4096,4096,1.0,0.9990630225926348,0.9999999999999999,
0.3,0.7,1.0,constructive_age,7200,1.0,0,4096,0.0,0.0,0.0009369774073651883,0.0007311125564753995
0.3,0.7,1.0,envelope_gap,7200,1.0,4096,4096,1.0,0.9990630225926348,0.9999999999999999,
0.3,0.7,1.0,constructive_disconnected,8,,4096,4096,1.0,0.9990630225926348,0.9999999999999999,
0.3,0.7,1.0,constructive_disconnected,32,,4096,4096,1.0,0.9990630225926348,0.9999999999999999,
0.3,0.7,1.0,constructive_disconnected,128,,4063,4096,0.991943359375,0.9887074354065306,0.9942574037165939,
0.3,0.7,1.0,constructive_disconnected,512,,21,4096,0.005126953125,0.0033558642108143656,0.007825411768057332,
0.3,0.7,1.0,constructive_disconnected,2880,,0,4096,0.0,0.0,0.0009369774073651883,0.0007311125564753995
0.3,0.7,2.0,constructive_age,4,1.0,4096,4096,1.0,0.9990630225926348,0.9999999999999999,
0.3,0.7,2.0,envelope_gap,4,1.0,4096,4096,1.0,0.9990630225926348,0.9999999999999999,
0.3,0.7,2.0,constructive_age,8,1.0,4096,4096,1.0,0.9990630225926348,0.9999999999999999,
0.3,0.7,2.0,envelope_gap,8,1.0,4096,4096,1.0,0.9990630225926348,0.9999999999999999,
0.3,0.7,2.0,constructive_age,16,1.0,4096,4096,1.0,0.9990630225926348,0.9999999999999999,
0.3,0.7,2.0,envelope_gap,16,1.0,4096,4096,1.0,0.9990630225926348,0.9999999999999999,
0.3,0.7,2.0,constructive_age,32,1.0,4096,4096,1.0,0.9990630225926348,0.9999999999999999,
0.3,0.7,2.0,envelope_gap,32,1.0,4096,4096,1.0,0.9990630225926348,0.9999999999999999,
0.3,0.7,2.0,constructive_age,64,1.0,4096,4096,1.0,0.9990630225926348,0.9999999999999999,
0.3,0.7,2.0,envelope_gap,64,1.0,4096,4096,1.0,0.9990630225926348,0.9999999999999999,
0.3,0.7,2.0,constructive_age,128,1.0,4096,4096,1.0,0.9990630225926348,0.9999999999999999,
0.3,0.7,2.0,envelope_gap,128,1.0,4096,4096,1.0,0.9990630225926348,0.9999999999999999,
0.3,0.7,2.0,constructive_age,256,1.0,4096,4096,1.0,0.9990630225926348,0.9999999999999999,
0.3,0.7,2.0,envelope_gap,256,1.0,4096,4096,1.0,0.9990630225926348,0.9999999999999999,
0.3,0.7,2.0,constructive_age,512,1.0,4096,4096,1.0,0.9990630225926348,0.9999999999999999,
0.3,0.7,2.0,envelope_gap,512,1.0,4096,4096,1.0,0.9990630225926348,0.9999999999999999,
0.3,0.7,2.0,constructive_age,1024,1.0,4096,4096,1.0,0.9990630225926348,0.9999999999999999,
0.3,0.7,2.0,envelope_gap,1024,1.0,4096,4096,1.0,0.9990630225926348,0.9999999999999999,
0.3,0.7,2.0,constructive_age,2048,1.0,4096,4096,1.0,0.9990630225926348,0.9999999999999999,
0.3,0.7,2.0,envelope_gap,2048,1.0,4096,4096,1.0,0.9990630225926348,0.9999999999999999,
0.3,0.7,2.0,constructive_age,4096,1.0,4096,4096,1.0,0.9990630225926348,0.9999999999999999,
0.3,0.7,2.0,envelope_gap,4096,1.0,4096,4096,1.0,0.9990630225926348,0.9999999999999999,
0.3,0.7,2.0,constructive_age,7200,1.0,4083,4096,0.996826171875,0.9945771012522003,0.9981442127009305,
0.3,0.7,2.0,envelope_gap,7200,1.0,4096,4096,1.0,0.9990630225926348,0.9999999999999999,
0.3,0.7,2.0,constructive_disconnected,8,,4096,4096,1.0,0.9990630225926348,0.9999999999999999,
0.3,0.7,2.0,constructive_disconnected,32,,4096,4096,1.0,0.9990630225926348,0.9999999999999999,
0.3,0.7,2.0,constructive_disconnected,128,,4096,4096,1.0,0.9990630225926348,0.9999999999999999,
0.3,0.7,2.0,constructive_disconnected,512,,4096,4096,1.0,0.9990630225926348,0.9999999999999999,
0.3,0.7,2.0,constructive_disconnected,2880,,4053,4096,0.989501953125,0.9858899643168433,0.9921966373912783,
0.3,1.0,0.0,constructive_age,4,1.0,4096,4096,1.0,0.9990630225926348,0.9999999999999999,
0.3,1.0,0.0,envelope_gap,4,1.0,4096,4096,1.0,0.9990630225926348,0.9999999999999999,
0.3,1.0,0.0,constructive_age,8,1.0,4096,4096,1.0,0.9990630225926348,0.9999999999999999,
0.3,1.0,0.0,envelope_gap,8,1.0,4096,4096,1.0,0.9990630225926348,0.9999999999999999,
0.3,1.0,0.0,constructive_age,16,1.0,4096,4096,1.0,0.9990630225926348,0.9999999999999999,
0.3,1.0,0.0,envelope_gap,16,1.0,4096,4096,1.0,0.9990630225926348,0.9999999999999999,
0.3,1.0,0.0,constructive_age,32,1.0,4096,4096,1.0,0.9990630225926348,0.9999999999999999,
0.3,1.0,0.0,envelope_gap,32,1.0,4096,4096,1.0,0.9990630225926348,0.9999999999999999,
0.3,1.0,0.0,constructive_age,64,1.0,2411,4096,0.588623046875,0.5734770683029625,0.6036029498616501,
0.3,1.0,0.0,envelope_gap,64,1.0,4095,4096,0.999755859375,0.9986182969663738,0.9999569018847606,
0.3,1.0,0.0,constructive_age,128,1.0,12,4096,0.0029296875,0.0016767322242621596,0.005114130081106749,
0.3,1.0,0.0,envelope_gap,128,1.0,579,4096,0.141357421875,0.13102392461153495,0.15236299912450968,
0.3,1.0,0.0,constructive_age,256,1.0,0,4096,0.0,0.0,0.0009369774073651883,0.0007311125564753995
0.3,1.0,0.0,envelope_gap,256,1.0,0,4096,0.0,0.0,0.0009369774073651883,0.0007311125564753995
0.3,1.0,0.0,constructive_age,512,0.16694600361496728,0,4096,0.0,0.0,0.0009369774073651883,0.0007311125564753995
0.3,1.0,0.0,envelope_gap,512,0.16694600361496728,0,4096,0.0,0.0,0.0009369774073651883,0.0007311125564753995
0.3,1.0,0.0,constructive_age,1024,9.123768407694504e-07,0,4096,0.0,0.0,0.0009369774073651883,0.0007311125564753995
0.3,1.0,0.0,envelope_gap,1024,9.123768407694504e-07,0,4096,0.0,0.0,0.0009369774073651883,0.0007311125564753995
0.3,1.0,0.0,constructive_age,2048,2.7250263370287976e-17,0,4096,0.0,0.0,0.0009369774073651883,0.0007311125564753995
0.3,1.0,0.0,envelope_gap,2048,2.7250263370287976e-17,0,4096,0.0,0.0,0.0009369774073651883,0.0007311125564753995
0.3,1.0,0.0,constructive_age,4096,2.4308804805875345e-38,0,4096,0.0,0.0,0.0009369774073651883,0.0007311125564753995
0.3,1.0,0.0,envelope_gap,4096,2.4308804805875345e-38,0,4096,0.0,0.0,0.0009369774073651883,0.0007311125564753995
0.3,1.0,0.0,constructive_age,7200,3.0370563428686e-70,0,4096,0.0,0.0,0.0009369774073651883,0.0007311125564753995
0.3,1.0,0.0,envelope_gap,7200,3.0370563428686e-70,0,4096,0.0,0.0,0.0009369774073651883,0.0007311125564753995
0.3,1.0,0.0,constructive_disconnected,8,,4096,4096,1.0,0.9990630225926348,0.9999999999999999,
0.3,1.0,0.0,constructive_disconnected,32,,2653,4096,0.647705078125,0.632944039568105,0.6621893240395826,
0.3,1.0,0.0,constructive_disconnected,128,,0,4096,0.0,0.0,0.0009369774073651883,0.0007311125564753995
0.3,1.0,0.0,constructive_disconnected,512,,0,4096,0.0,0.0,0.0009369774073651883,0.0007311125564753995
0.3,1.0,0.0,constructive_disconnected,2880,,0,4096,0.0,0.0,0.0009369774073651883,0.0007311125564753995
0.3,1.0,0.5,constructive_age,4,1.0,4096,4096,1.0,0.9990630225926348,0.9999999999999999,
0.3,1.0,0.5,envelope_gap,4,1.0,4096,4096,1.0,0.9990630225926348,0.9999999999999999,
0.3,1.0,0.5,constructive_age,8,1.0,4096,4096,1.0,0.9990630225926348,0.9999999999999999,
0.3,1.0,0.5,envelope_gap,8,1.0,4096,4096,1.0,0.9990630225926348,0.9999999999999999,
0.3,1.0,0.5,constructive_age,16,1.0,4096,4096,1.0,0.9990630225926348,0.9999999999999999,
0.3,1.0,0.5,envelope_gap,16,1.0,4096,4096,1.0,0.9990630225926348,0.9999999999999999,
0.3,1.0,0.5,constructive_age,32,1.0,4096,4096,1.0,0.9990630225926348,0.9999999999999999,
0.3,1.0,0.5,envelope_gap,32,1.0,4096,4096,1.0,0.9990630225926348,0.9999999999999999,
0.3,1.0,0.5,constructive_age,64,1.0,2411,4096,0.588623046875,0.5734770683029625,0.6036029498616501,
0.3,1.0,0.5,envelope_gap,64,1.0,4095,4096,0.999755859375,0.9986182969663738,0.9999569018847606,
0.3,1.0,0.5,constructive_age,128,1.0,12,4096,0.0029296875,0.0016767322242621596,0.005114130081106749,
0.3,1.0,0.5,envelope_gap,128,1.0,579,4096,0.141357421875,0.13102392461153495,0.15236299912450968,
0.3,1.0,0.5,constructive_age,256,1.0,0,4096,0.0,0.0,0.0009369774073651883,0.0007311125564753995
0.3,1.0,0.5,envelope_gap,256,1.0,0,4096,0.0,0.0,0.0009369774073651883,0.0007311125564753995
0.3,1.0,0.5,constructive_age,512,0.16694600361496728,0,4096,0.0,0.0,0.0009369774073651883,0.0007311125564753995
0.3,1.0,0.5,envelope_gap,512,0.16694600361496728,0,4096,0.0,0.0,0.0009369774073651883,0.0007311125564753995
0.3,1.0,0.5,constructive_age,1024,9.123768407694504e-07,0,4096,0.0,0.0,0.0009369774073651883,0.0007311125564753995
0.3,1.0,0.5,envelope_gap,1024,9.123768407694504e-07,0,4096,0.0,0.0,0.0009369774073651883,0.0007311125564753995
0.3,1.0,0.5,constructive_age,2048,2.7250263370287976e-17,0,4096,0.0,0.0,0.0009369774073651883,0.0007311125564753995
0.3,1.0,0.5,envelope_gap,2048,2.7250263370287976e-17,0,4096,0.0,0.0,0.0009369774073651883,0.0007311125564753995
0.3,1.0,0.5,constructive_age,4096,2.4308804805875345e-38,0,4096,0.0,0.0,0.0009369774073651883,0.0007311125564753995
0.3,1.0,0.5,envelope_gap,4096,2.4308804805875345e-38,0,4096,0.0,0.0,0.0009369774073651883,0.0007311125564753995
0.3,1.0,0.5,constructive_age,7200,3.0370563428686e-70,0,4096,0.0,0.0,0.0009369774073651883,0.0007311125564753995
0.3,1.0,0.5,envelope_gap,7200,3.0370563428686e-70,0,4096,0.0,0.0,0.0009369774073651883,0.0007311125564753995
0.3,1.0,0.5,constructive_disconnected,8,,4096,4096,1.0,0.9990630225926348,0.9999999999999999,
0.3,1.0,0.5,constructive_disconnected,32,,2653,4096,0.647705078125,0.632944039568105,0.6621893240395826,
0.3,1.0,0.5,constructive_disconnected,128,,0,4096,0.0,0.0,0.0009369774073651883,0.0007311125564753995
0.3,1.0,0.5,constructive_disconnected,512,,0,4096,0.0,0.0,0.0009369774073651883,0.0007311125564753995
0.3,1.0,0.5,constructive_disconnected,2880,,0,4096,0.0,0.0,0.0009369774073651883,0.0007311125564753995
0.3,1.0,1.0,constructive_age,4,1.0,4096,4096,1.0,0.9990630225926348,0.9999999999999999,
0.3,1.0,1.0,envelope_gap,4,1.0,4096,4096,1.0,0.9990630225926348,0.9999999999999999,
0.3,1.0,1.0,constructive_age,8,1.0,4096,4096,1.0,0.9990630225926348,0.9999999999999999,
0.3,1.0,1.0,envelope_gap,8,1.0,4096,4096,1.0,0.9990630225926348,0.9999999999999999,
0.3,1.0,1.0,constructive_age,16,1.0,4096,4096,1.0,0.9990630225926348,0.9999999999999999,
0.3,1.0,1.0,envelope_gap,16,1.0,4096,4096,1.0,0.9990630225926348,0.9999999999999999,
0.3,1.0,1.0,constructive_age,32,1.0,4096,4096,1.0,0.9990630225926348,0.9999999999999999,
0.3,1.0,1.0,envelope_gap,32,1.0,4096,4096,1.0,0.9990630225926348,0.9999999999999999,
0.3,1.0,1.0,constructive_age,64,1.0,4096,4096,1.0,0.9990630225926348,0.9999999999999999,
0.3,1.0,1.0,envelope_gap,64,1.0,4096,4096,1.0,0.9990630225926348,0.9999999999999999,
0.3,1.0,1.0,constructive_age,128,1.0,3767,4096,0.919677734375,0.9109556576829947,0.9276133539560381,
0.3,1.0,1.0,envelope_gap,128,1.0,4096,4096,1.0,0.9990630225926348,0.9999999999999999,
0.3,1.0,1.0,constructive_age,256,1.0,196,4096,0.0478515625,0.0417277082068451,0.05482272253458084,
0.3,1.0,1.0,envelope_gap,256,1.0,4096,4096,1.0,0.9990630225926348,0.9999999999999999,
0.3,1.0,1.0,constructive_age,512,1.0,0,4096,0.0,0.0,0.0009369774073651883,0.0007311125564753995
0.3,1.0,1.0,envelope_gap,512,1.0,4096,4096,1.0,0.9990630225926348,0.9999999999999999,
0.3,1.0,1.0,constructive_age,1024,1.0,0,4096,0.0,0.0,0.0009369774073651883,0.0007311125564753995
0.3,1.0,1.0,envelope_gap,1024,1.0,4096,4096,1.0,0.9990630225926348,0.9999999999999999,
0.3,1.0,1.0,constructive_age,2048,1.0,0,4096,0.0,0.0,0.0009369774073651883,0.0007311125564753995
0.3,1.0,1.0,envelope_gap,2048,1.0,4096,4096,1.0,0.9990630225926348,0.9999999999999999,
0.3,1.0,1.0,constructive_age,4096,1.0,0,4096,0.0,0.0,0.0009369774073651883,0.0007311125564753995
0.3,1.0,1.0,envelope_gap,4096,1.0,4096,4096,1.0,0.9990630225926348,0.9999999999999999,
0.3,1.0,1.0,constructive_age,7200,1.0,0,4096,0.0,0.0,0.0009369774073651883,0.0007311125564753995
0.3,1.0,1.0,envelope_gap,7200,1.0,4096,4096,1.0,0.9990630225926348,0.9999999999999999,
0.3,1.0,1.0,constructive_disconnected,8,,4096,4096,1.0,0.9990630225926348,0.9999999999999999,
0.3,1.0,1.0,constructive_disconnected,32,,4096,4096,1.0,0.9990630225926348,0.9999999999999999,
0.3,1.0,1.0,constructive_disconnected,128,,42,4096,0.01025390625,0.007595138472931719,0.013830436077446488,
0.3,1.0,1.0,constructive_disconnected,512,,0,4096,0.0,0.0,0.0009369774073651883,0.0007311125564753995
0.3,1.0,1.0,constructive_disconnected,2880,,0,4096,0.0,0.0,0.0009369774073651883,0.0007311125564753995
0.3,1.0,2.0,constructive_age,4,1.0,4096,4096,1.0,0.9990630225926348,0.9999999999999999,
0.3,1.0,2.0,envelope_gap,4,1.0,4096,4096,1.0,0.9990630225926348,0.9999999999999999,
0.3,1.0,2.0,constructive_age,8,1.0,4096,4096,1.0,0.9990630225926348,0.9999999999999999,
0.3,1.0,2.0,envelope_gap,8,1.0,4096,4096,1.0,0.9990630225926348,0.9999999999999999,
0.3,1.0,2.0,constructive_age,16,1.0,4096,4096,1.0,0.9990630225926348,0.9999999999999999,
0.3,1.0,2.0,envelope_gap,16,1.0,4096,4096,1.0,0.9990630225926348,0.9999999999999999,
0.3,1.0,2.0,constructive_age,32,1.0,4096,4096,1.0,0.9990630225926348,0.9999999999999999,
0.3,1.0,2.0,envelope_gap,32,1.0,4096,4096,1.0,0.9990630225926348,0.9999999999999999,
0.3,1.0,2.0,constructive_age,64,1.0,4096,4096,1.0,0.9990630225926348,0.9999999999999999,
0.3,1.0,2.0,envelope_gap,64,1.0,4096,4096,1.0,0.9990630225926348,0.9999999999999999,
0.3,1.0,2.0,constructive_age,128,1.0,4096,4096,1.0,0.9990630225926348,0.9999999999999999,
0.3,1.0,2.0,envelope_gap,128,1.0,4096,4096,1.0,0.9990630225926348,0.9999999999999999,
0.3,1.0,2.0,constructive_age,256,1.0,4096,4096,1.0,0.9990630225926348,0.9999999999999999,
0.3,1.0,2.0,envelope_gap,256,1.0,4096,4096,1.0,0.9990630225926348,0.9999999999999999,
0.3,1.0,2.0,constructive_age,512,1.0,4096,4096,1.0,0.9990630225926348,0.9999999999999999,
0.3,1.0,2.0,envelope_gap,512,1.0,4096,4096,1.0,0.9990630225926348,0.9999999999999999,
0.3,1.0,2.0,constructive_age,1024,1.0,3555,4096,0.867919921875,0.8572055614004055,0.8779448170405617,
0.3,1.0,2.0,envelope_gap,1024,1.0,4096,4096,1.0,0.9990630225926348,0.9999999999999999,
0.3,1.0,2.0,constructive_age,2048,1.0,703,4096,0.171630859375,0.16039261614637418,0.18348445153570886,
0.3,1.0,2.0,envelope_gap,2048,1.0,4096,4096,1.0,0.9990630225926348,0.9999999999999999,
0.3,1.0,2.0,constructive_age,4096,1.0,12,4096,0.0029296875,0.0016767322242621596,0.005114130081106749,
0.3,1.0,2.0,envelope_gap,4096,1.0,4096,4096,1.0,0.9990630225926348,0.9999999999999999,
0.3,1.0,2.0,constructive_age,7200,1.0,0,4096,0.0,0.0,0.0009369774073651883,0.0007311125564753995
0.3,1.0,2.0,envelope_gap,7200,1.0,4096,4096,1.0,0.9990630225926348,0.9999999999999999,
0.3,1.0,2.0,constructive_disconnected,8,,4096,4096,1.0,0.9990630225926348,0.9999999999999999,
0.3,1.0,2.0,constructive_disconnected,32,,4096,4096,1.0,0.9990630225926348,0.9999999999999999,
0.3,1.0,2.0,constructive_disconnected,128,,4096,4096,1.0,0.9990630225926348,0.9999999999999999,
0.3,1.0,2.0,constructive_disconnected,512,,1752,4096,0.427734375,0.41265759087909915,0.4429465816368091,
0.3,1.0,2.0,constructive_disconnected,2880,,0,4096,0.0,0.0,0.0009369774073651883,0.0007311125564753995
