beta,d,p,tau,eps_H,Q_B,E,G,eps_epoch,b,b_min_live,K_fix_slots,K_inst_req,K_reg_min,K_reg_used,K_reg_hours,b_max_given_Kreg,T_fix,T_court,T_profond,T_CG,eps_epoch_composed,eps_H_composed,sep_5_8_s,extrapolated,mode
0.1,0.2,0.0,6,1e-06,1,3653,6000,2.737476047084588e-10,778,778,2807,9009,3009,3009,5.01,778,2.173168762743687e-32,5.8615135793853644e-12,1.3072492193764718e-10,5.8615135793853644e-12,1.4244794909641789e-10,5.203623580492146e-07,61254,True,b=b_min
0.1,0.2,0.0,6,1e-06,1,3653,6000,2.737476047084588e-10,2880,778,2807,21606,15606,7200,12.0,1466,6.235738604424225e-47,1.0000000000003488,85.02482408966651,5.8615135793853644e-12,1.0,1.0,86400,True,controle a posteriori 7200/2880
0.1,0.2,0.0,6,1e-06,256,3653,6000,1.0693265808924171e-12,968,968,3491,11082,5082,5082,8.47,968,1.3933577818544019e-39,1.641665700129565e-14,5.18045531420499e-13,1.641665700129565e-14,5.508788454230902e-13,5.151642681166205e-07,73692,True,b=b_min
0.1,0.2,0.0,6,1e-06,256,3653,6000,1.0693265808924171e-12,2880,968,3491,22588,16588,7200,12.0,1313,6.235738604424225e-47,0.9999999999971421,85.02482408966651,1.641665700129565e-14,1.0,1.0,86400,True,controle a posteriori 7200/2880
0.1,0.2,0.0,6,1e-09,1,3653,6000,2.737476047084588e-13,1015,1015,3661,11589,5589,5589,9.31,1015,2.4257214619385187e-41,5.066869444844335e-15,1.3098885007220702e-13,5.066869444844335e-15,1.411225889618957e-13,5.155208174778051e-10,76734,True,b=b_min
0.1,0.2,0.0,6,1e-09,1,3653,6000,2.737476047084588e-13,2880,1015,3661,22822,16822,7200,12.0,1277,6.235738604424225e-47,0.9999999999917777,85.02482408966651,5.066869444844335e-15,1.0,1.0,86400,True,controle a posteriori 7200/2880
0.1,0.2,0.0,6,1e-09,256,3653,6000,1.0693265808924172e-15,1212,1212,4372,13687,7687,7687,12.81,1212,1.2736892734645937e-48,2.5543897820183634e-17,5.068199005155187e-16,2.5543897820183634e-17,5.57907696155886e-16,5.217374243987076e-10,89322,True,b=b_min
0.1,0.2,0.0,6,1e-09,256,3653,6000,1.0693265808924172e-15,2880,1212,4372,23767,17767,7200,12.0,1133,6.235738604424225e-47,0.9999999999978874,85.02482408966651,2.5543897820183634e-17,1.0,1.0,86400,True,controle a posteriori 7200/2880
0.1,0.2,0.0,8,1e-06,1,2740,4500,3.6496350364963504e-10,768,768,2771,8903,4403,4403,9.78,768,5.068730230087506e-32,5.8615135793853644e-12,1.763779879135226e-10,5.8615135793853644e-12,1.881010150722933e-10,5.153967812980836e-07,78424,True,b=b_min
0.1,0.2,0.0,8,1e-06,1,2740,4500,3.6496350364963504e-10,2880,768,2771,21557,17057,7200,16.0,1225,9.992769741555457e-42,1.0000000000003488,85.02482408966652,5.8615135793853644e-12,1.0,1.0,100800,True,controle a posteriori 7200/2880
0.1,0.2,0.0,8,1e-06,256,2740,4500,1.4256386861313869e-12,958,958,3455,10973,6473,6473,14.38,958,3.328725379361021e-39,2.9549982602332177e-14,6.82903319270983e-13,2.9549982602332177e-14,7.420032844756473e-13,5.204707838625981e-07,94984,True,b=b_min
0.1,0.2,0.0,8,1e-06,256,2740,4500,1.4256386861313869e-12,2880,958,3455,22537,18037,7200,16.0,1076,9.992769741555457e-42,0.9999999999983633,85.02482408966652,2.9549982602332177e-14,1.0,1.0,100800,True,controle a posteriori 7200/2880
0.1,0.2,0.0,8,1e-09,1,2740,4500,3.6496350364963506e-13,1005,1005,3625,11480,6980,6980,15.51,1005,5.795037497740988e-41,9.120365000719804e-15,1.7267186542577976e-13,9.120365000719804e-15,1.9091259542721938e-13,5.231005114705811e-10,99040,True,b=b_min
0.1,0.2,0.0,8,1e-09,1,2740,4500,3.6496350364963506e-13,2880,1005,3625,22771,18271,7200,16.0,1040,9.992769741555457e-42,1.000000000000009,85.02482408966652,9.120365000719804e-15,1.0,1.0,100800,True,controle a posteriori 7200/2880
0.1,0.2,0.0,8,1e-09,256,2740,4500,1.425638686131387e-15,1202,1202,4336,13580,9080,9080,20.18,1202,2.9946017944884286e-48,2.5543897820183634e-17,6.870577512509201e-16,2.5543897820183634e-17,7.381455468912874e-16,5.177648124114246e-10,115840,True,b=b_min
0.1,0.2,0.0,8,1e-09,256,2740,4500,1.425638686131387e-15,2880,1202,4336,23719,19219,7200,16.0,899,9.992769741555457e-42,0.9999999999978874,85.02482408966652,2.5543897820183634e-17,1.0,1.0,100800,True,controle a posteriori 7200/2880
0.1,0.2,0.0,10,1e-06,1,2192,3600,4.5620437956204375e-10,761,761,2744,8823,5223,5223,14.51,761,9.604801706499457e-32,1.0550724442893657e-11,2.1700512322336993e-10,1.0550724442893657e-11,2.3810657210915727e-10,5.219296060632727e-07,95430,True,b=b_min
0.1,0.2,0.0,10,1e-06,1,2192,3600,4.5620437956204375e-10,2880,761,2744,21516,17916,7200,20.0,1083,1.3260645570707759e-38,1.0000000000105507,85.02482408966651,1.0550724442893657e-11,1.0,1.0,115200,True,controle a posteriori 7200/2880
0.1,0.2,0.0,10,1e-06,256,2192,3600,1.7820483576642334e-12,950,950,3428,10890,7290,7290,20.25,950,6.460658547250126e-39,2.9549982602332177e-14,8.560502093264612e-13,2.9549982602332177e-14,9.151501745311256e-13,5.135383507384901e-07,116100,True,b=b_min
0.1,0.2,0.0,10,1e-06,256,2192,3600,1.7820483576642334e-12,2880,950,3428,22499,18899,7200,20.0,935,1.3260645570707759e-38,0.9999999999983633,85.02482408966651,2.9549982602332177e-14,1.0,1.0,115200,True,controle a posteriori 7200/2880
0.1,0.2,0.0,10,1e-09,1,2192,3600,4.562043795620439e-13,997,997,3597,11396,7796,7796,21.66,997,1.1337699375481508e-40,9.120365000719804e-15,2.1791584185418864e-13,9.120365000719804e-15,2.3615657185562827e-13,5.176552055075371e-10,121160,True,b=b_min
0.1,0.2,0.0,10,1e-09,1,2192,3600,4.562043795620439e-13,2880,997,3597,22733,19133,7200,20.0,900,1.3260645570707759e-38,1.000000000000009,85.02482408966651,9.120365000719804e-15,1.0,1.0,115200,True,controle a posteriori 7200/2880
0.1,0.2,0.0,10,1e-09,256,2192,3600,1.782048357664234e-15,1194,1194,4309,13497,9897,9897,27.49,1194,5.812164559782965e-48,2.5543897820183634e-17,8.612081761897005e-16,2.5543897820183634e-17,9.122959718300678e-16,5.119367091843862e-10,142170,True,b=b_min
0.1,0.2,0.0,10,1e-09,256,2192,3600,1.782048357664234e-15,2880,1194,4309,23682,20082,7200,20.0,761,1.3260645570707759e-38,0.9999999999978874,85.02482408966651,2.5543897820183634e-17,1.0,1.0,115200,True,controle a posteriori 7200/2880
0.1,0.2,0.0,12,1e-06,1,1827,3000,5.473453749315818e-10,754,754,2721,8752,5752,5752,19.17,754,1.6937481771665094e-31,1.0550724442893657e-11,2.619916851135449e-10,1.0550724442893657e-11,2.830931339993322e-10,5.1721115581678e-07,112224,True,b=b_min
0.1,0.2,0.0,12,1e-06,1,1827,3000,5.473453749315818e-10,2880,754,2721,21485,18485,7200,24.0,989,1.6013411312157853e-36,1.0000000000105507,85.02482408966652,1.0550724442893657e-11,1.0,1.0,129600,True,controle a posteriori 7200/2880
0.1,0.2,0.0,12,1e-06,256,1827,3000,2.1380678708264913e-12,944,944,3405,10822,7822,7822,26.07,944,1.1123145812956656e-38,5.3189968684197924e-14,1.01126627296308e-12,5.3189968684197924e-14,1.1176462103314758e-12,5.227365443265552e-07,137064,True,b=b_min
0.1,0.2,0.0,12,1e-06,256,1827,3000,2.1380678708264913e-12,2880,944,3405,22467,19467,7200,24.0,843,1.6013411312157853e-36,0.9999999999988208,85.02482408966652,5.3189968684197924e-14,1.0,1.0,129600,True,controle a posteriori 7200/2880
0.1,0.2,0.0,12,1e-09,1,1827,3000,5.473453749315818e-13,991,991,3574,11331,8331,8331,27.77,991,1.9057511171245554e-40,9.120365000719804e-15,2.6297921951641677e-13,9.120365000719804e-15,2.8121994951785635e-13,5.137888477691235e-10,143172,True,b=b_min
0.1,0.2,0.0,12,1e-09,1,1827,3000,5.473453749315818e-13,2880,991,3574,22703,19703,7200,24.0,808,1.6013411312157853e-36,1.000000000000009,85.02482408966652,9.120365000719804e-15,1.0,1.0,129600,True,controle a posteriori 7200/2880
0.1,0.2,0.0,12,1e-09,256,1827,3000,2.1380678708264916e-15,1188,1188,4286,13429,10429,10429,34.76,1188,1.0006650779413497e-47,4.597901607633055e-17,1.0173851197428336e-15,4.597901607633055e-17,1.1093431518954945e-15,5.188531042593456e-10,168348,True,b=b_min
0.1,0.2,0.0,12,1e-09,256,1827,3000,2.1380678708264916e-15,2880,1188,4286,23650,20650,7200,24.0,671,1.6013411312157853e-36,0.9999999999949447,85.02482408966652,4.597901607633055e-17,1.0,1.0,129600,True,controle a posteriori 7200/2880
0.1,0.2,1e-06,6,1e-06,1,3653,6000,2.737476047084588e-10,778,778,2807,9008,3008,3008,5.01,778,9.665790762629518e-33,5.862235762055066e-12,1.304054060568625e-10,5.862235762055066e-12,1.4212987758097266e-10,5.192004428032932e-07,61248,True,b=b_min
0.1,0.2,1e-06,6,1e-06,1,3653,6000,2.737476047084588e-10,2880,778,2807,21604,15604,7200,12.0,1466,1.643316079984696e-47,1.000000000000583,85.02572037513272,5.862235762055066e-12,1.0,1.0,86400,True,controle a posteriori 7200/2880
0.1,0.2,1e-06,6,1e-06,256,3653,6000,1.0693265808924171e-12,967,967,3490,11049,5049,5049,8.41,967,6.226710626439254e-40,1.6419139386505078e-14,5.153362638009392e-13,1.6419139386505078e-14,5.481745425739494e-13,5.126352906297951e-07,73494,True,b=b_min
0.1,0.2,1e-06,6,1e-06,256,3653,6000,1.0693265808924171e-12,2880,967,3490,22560,16560,7200,12.0,1317,1.643316079984696e-47,0.9999999999980808,85.02572037513272,1.6419139386505078e-14,1.0,1.0,86400,True,controle a posteriori 7200/2880
0.1,0.2,1e-06,6,1e-09,1,3653,6000,2.737476047084588e-13,1014,1014,3658,11552,5552,5552,9.25,1014,1.0521015479479495e-41,5.0676639919463944e-15,1.3154482404487405e-13,5.0676639919463944e-15,1.4168015202876682e-13,5.175575953610852e-10,76512,True,b=b_min
0.1,0.2,1e-06,6,1e-09,1,3653,6000,2.737476047084588e-13,2880,1014,3658,22791,16791,7200,12.0,1282,1.643316079984696e-47,0.9999999999921286,85.02572037513272,5.0676639919463944e-15,1.0,1.0,86400,True,controle a posteriori 7200/2880
0.1,0.2,1e-06,6,1e-09,256,3653,6000,1.0693265808924172e-15,1203,1203,4342,13591,7591,7591,12.65,1203,6.888512933100354e-49,2.5548547230811037e-17,5.05869440706653e-16,2.5548547230811037e-17,5.569665351682751e-16,5.208572807602454e-10,88746,True,b=b_min
0.1,0.2,1e-06,6,1e-09,256,3653,6000,1.0693265808924172e-15,2880,1203,4342,23726,17726,7200,12.0,1139,1.643316079984696e-47,0.9999999999978698,85.02572037513272,2.5548547230811037e-17,1.0,1.0,86400,True,controle a posteriori 7200/2880
0.1,0.2,1e-06,8,1e-06,1,2740,4500,3.6496350364963504e-10,768,768,2771,8902,4402,4402,9.78,768,2.284037403869006e-32,5.862235762055066e-12,1.763161794177892e-10,5.862235762055066e-12,1.8804065094189935e-10,5.152313835808042e-07,78416,True,b=b_min
0.1,0.2,1e-06,8,1e-06,1,2740,4500,3.6496350364963504e-10,2880,768,2771,21555,17055,7200,16.0,1225,3.166757542721748e-42,1.000000000000583,85.02572037513269,5.862235762055066e-12,1.0,1.0,100800,True,controle a posteriori 7200/2880
0.1,0.2,1e-06,8,1e-06,256,2740,4500,1.4256386861313869e-12,958,958,3455,10946,6446,6446,14.32,958,1.4360009192453291e-39,2.955436814339558e-14,6.825617216776622e-13,2.955436814339558e-14,7.416704579644535e-13,5.202373260345863e-07,94768,True,b=b_min
0.1,0.2,1e-06,8,1e-06,256,2740,4500,1.4256386861313869e-12,2880,958,3455,22510,18010,7200,16.0,1080,3.166757542721748e-42,0.9999999999991324,85.02572037513269,2.955436814339558e-14,1.0,1.0,100800,True,controle a posteriori 7200/2880
0.1,0.2,1e-06,8,1e-09,1,2740,4500,3.6496350364963506e-13,1004,1004,3623,11444,6944,6944,15.43,1004,2.526794986975881e-41,9.121769644522964e-15,1.7283596573074471e-13,9.121769644522964e-15,1.9107950501979063e-13,5.235578437542263e-10,98752,True,b=b_min
0.1,0.2,1e-06,8,1e-09,1,2740,4500,3.6496350364963506e-13,2880,1004,3623,22741,18241,7200,16.0,1045,3.166757542721748e-42,1.000000000000009,85.02572037513269,9.121769644522964e-15,1.0,1.0,100800,True,controle a posteriori 7200/2880
0.1,0.2,1e-06,8,1e-09,256,2740,4500,1.425638686131387e-15,1193,1193,4306,13485,8985,8985,19.97,1193,1.6277634787074728e-48,2.5548547230811037e-17,6.837814127496996e-16,2.5548547230811037e-17,7.348785072113217e-16,5.154731800983095e-10,115080,True,b=b_min
0.1,0.2,1e-06,8,1e-09,256,2740,4500,1.425638686131387e-15,2880,1193,4306,23679,19179,7200,16.0,905,3.166757542721748e-42,0.9999999999978698,85.02572037513269,2.5548547230811037e-17,1.0,1.0,100800,True,controle a posteriori 7200/2880
0.1,0.2,1e-06,10,1e-06,1,2192,3600,4.5620437956204375e-10,761,761,2744,8822,5222,5222,14.51,761,4.370832961432477e-32,1.0551994826084061e-11,2.1718953210994005e-10,1.0551994826084061e-11,2.382935217621082e-10,5.223393997025411e-07,95420,True,b=b_min
0.1,0.2,1e-06,10,1e-06,1,2192,3600,4.5620437956204375e-10,2880,761,2744,21515,17915,7200,20.0,1083,4.694085966396051e-39,1.000000000010552,85.02572037513272,1.0551994826084061e-11,1.0,1.0,115200,True,controle a posteriori 7200/2880
0.1,0.2,1e-06,10,1e-06,256,2192,3600,1.7820483576642334e-12,950,950,3427,10863,7263,7263,20.18,950,2.8156943095195896e-39,2.955436814339558e-14,8.581718714894296e-13,2.955436814339558e-14,9.172806077762208e-13,5.147338476148418e-07,115830,True,b=b_min
0.1,0.2,1e-06,10,1e-06,256,2192,3600,1.7820483576642334e-12,2880,950,3427,22473,18873,7200,20.0,939,4.694085966396051e-39,0.9999999999991324,85.02572037513272,2.955436814339558e-14,1.0,1.0,115200,True,controle a posteriori 7200/2880
0.1,0.2,1e-06,10,1e-09,1,2192,3600,4.562043795620439e-13,996,996,3595,11360,7760,7760,21.56,996,4.994868445532433e-41,9.121769644522964e-15,2.187799829034753e-13,9.121769644522964e-15,2.3702352219252123e-13,5.195555606460065e-10,120800,True,b=b_min
0.1,0.2,1e-06,10,1e-09,1,2192,3600,4.562043795620439e-13,2880,996,3595,22704,19104,7200,20.0,905,4.694085966396051e-39,1.000000000000009,85.02572037513272,9.121769644522964e-15,1.0,1.0,115200,True,controle a posteriori 7200/2880
0.1,0.2,1e-06,10,1e-09,256,2192,3600,1.782048357664234e-15,1186,1186,4279,13408,9808,9808,27.24,1186,3.0400624882899687e-48,2.5548547230811037e-17,8.606217380614211e-16,2.5548547230811037e-17,9.117188325230432e-16,5.116128463079708e-10,141280,True,b=b_min
0.1,0.2,1e-06,10,1e-09,256,2192,3600,1.782048357664234e-15,2880,1186,4279,23643,20043,7200,20.0,767,4.694085966396051e-39,0.9999999999978698,85.02572037513272,2.5548547230811037e-17,1.0,1.0,115200,True,controle a posteriori 7200/2880
0.1,0.2,1e-06,12,1e-06,1,1827,3000,5.473453749315818e-10,754,754,2721,8751,5751,5751,19.17,754,7.775276553143391e-32,1.0551994826084061e-11,2.624507030085005e-10,1.0551994826084061e-11,2.835546926606686e-10,5.180544234910415e-07,112212,True,b=b_min
0.1,0.2,1e-06,12,1e-06,1,1827,3000,5.473453749315818e-10,2880,754,2721,21484,18484,7200,24.0,989,6.102510318330615e-37,1.000000000010552,85.02572037513272,1.0551994826084061e-11,1.0,1.0,129600,True,controle a posteriori 7200/2880
0.1,0.2,1e-06,12,1e-06,256,1827,3000,2.1380678708264913e-12,944,944,3405,10796,7796,7796,25.99,944,4.848909614666914e-39,5.3197713704364725e-14,1.0090520208902135e-12,5.3197713704364725e-14,1.115447448298943e-12,5.217081569387953e-07,136752,True,b=b_min
0.1,0.2,1e-06,12,1e-06,256,1827,3000,2.1380678708264913e-12,2880,944,3405,22440,19440,7200,24.0,847,6.102510318330615e-37,0.9999999999985228,85.02572037513272,5.3197713704364725e-14,1.0,1.0,129600,True,controle a posteriori 7200/2880
0.1,0.2,1e-06,12,1e-09,1,1827,3000,5.473453749315818e-13,990,990,3573,11296,8296,8296,27.65,990,8.3948482991837e-41,9.121769644522964e-15,2.628804572129781e-13,9.121769644522964e-15,2.81123996502024e-13,5.136135416091978e-10,142752,True,b=b_min
0.1,0.2,1e-06,12,1e-09,1,1827,3000,5.473453749315818e-13,2880,990,3573,22674,19674,7200,24.0,813,6.102510318330615e-37,1.000000000000009,85.02572037513272,9.121769644522964e-15,1.0,1.0,129600,True,controle a posteriori 7200/2880
0.1,0.2,1e-06,12,1e-09,256,1827,3000,2.1380678708264916e-15,1180,1180,4256,13340,10340,10340,34.47,1180,5.27793890508645e-48,4.59872562510136e-17,1.0188438318734412e-15,4.59872562510136e-17,1.1108183443754684e-15,5.195430694845391e-10,167280,True,b=b_min
0.1,0.2,1e-06,12,1e-09,256,1827,3000,2.1380678708264916e-15,2880,1180,4256,23610,20610,7200,24.0,677,6.102510318330615e-37,0.9999999999947623,85.02572037513272,4.59872562510136e-17,1.0,1.0,129600,True,controle a posteriori 7200/2880
0.1,0.2,0.0001,6,1e-06,1,3653,6000,2.737476047084588e-10,779,779,2810,9019,3019,3019,5.03,779,1.9657619580211563e-32,5.934171172655982e-12,1.3074295513756227e-10,5.934171172655982e-12,1.426112974828742e-10,5.209590697049395e-07,61314,True,b=b_min
0.1,0.2,0.0001,6,1e-06,1,3653,6000,2.737476047084588e-10,2880,779,2810,21611,15611,7200,12.0,1465,5.961939468137105e-47,1.0000000000011153,85.11451738349112,5.934171172655982e-12,1.0,1.0,86400,True,controle a posteriori 7200/2880
0.1,0.2,0.0001,6,1e-06,256,3653,6000,1.0693265808924171e-12,969,969,3494,11090,5090,5090,8.48,969,1.265235083786972e-39,1.6666752812875618e-14,5.176769628341129e-13,1.6666752812875618e-14,5.510104684598642e-13,5.152873577686743e-07,73740,True,b=b_min
0.1,0.2,0.0001,6,1e-06,256,3653,6000,1.0693265808924171e-12,2880,969,3494,22591,16591,7200,12.0,1313,5.961939468137105e-47,0.9999999999978562,85.11451738349112,1.6666752812875618e-14,1.0,1.0,86400,True,controle a posteriori 7200/2880
0.1,0.2,0.0001,6,1e-09,1,3653,6000,2.737476047084588e-13,1016,1016,3665,11596,5596,5596,9.33,1016,2.2137680254985903e-41,5.146940874943556e-15,1.316992123108546e-13,5.146940874943556e-15,1.419930940607417e-13,5.187007726038894e-10,76776,True,b=b_min
0.1,0.2,0.0001,6,1e-09,1,3653,6000,2.737476047084588e-13,2880,1016,3665,22824,16824,7200,12.0,1277,5.961939468137105e-47,0.9999999999919484,85.11451738349112,5.146940874943556e-15,1.0,1.0,86400,True,controle a posteriori 7200/2880
0.1,0.2,0.0001,6,1e-09,256,3653,6000,1.0693265808924172e-15,1212,1212,4373,13688,7688,7688,12.81,1212,1.2046248405212941e-48,2.6013034189947772e-17,5.076911030883107e-16,2.6013034189947772e-17,5.597171714682063e-16,5.234295878075796e-10,89328,True,b=b_min
0.1,0.2,0.0001,6,1e-09,256,3653,6000,1.0693265808924172e-15,2880,1212,4373,23770,17770,7200,12.0,1133,5.961939468137105e-47,0.9999999999974379,85.11451738349112,2.6013034189947772e-17,1.0,1.0,86400,True,controle a posteriori 7200/2880
0.1,0.2,0.0001,8,1e-06,1,2740,4500,3.6496350364963504e-10,769,769,2774,8913,4413,4413,9.81,769,4.5878194058183085e-32,5.934171172655982e-12,1.7638673554598639e-10,5.934171172655982e-12,1.8825507789129833e-10,5.158189134221574e-07,78504,True,b=b_min
0.1,0.2,0.0001,8,1e-06,1,2740,4500,3.6496350364963504e-10,2880,769,2774,21562,17062,7200,16.0,1224,9.638324440768259e-42,1.0000000000011153,85.11451738349112,5.934171172655982e-12,1.0,1.0,100800,True,controle a posteriori 7200/2880
0.1,0.2,0.0001,8,1e-06,256,2740,4500,1.4256386861313869e-12,959,959,3459,10981,6481,6481,14.4,959,3.024571404110682e-39,2.999175653149413e-14,6.82503735379271e-13,2.999175653149413e-14,7.424872484422592e-13,5.208102555473383e-07,95048,True,b=b_min
0.1,0.2,0.0001,8,1e-06,256,2740,4500,1.4256386861313869e-12,2880,959,3459,22540,18040,7200,16.0,1075,9.638324440768259e-42,0.9999999999993435,85.11451738349112,2.999175653149413e-14,1.0,1.0,100800,True,controle a posteriori 7200/2880
0.1,0.2,0.0001,8,1e-09,1,2740,4500,3.6496350364963506e-13,1006,1006,3628,11491,6991,6991,15.54,1006,5.125486440867227e-41,5.146940874943556e-15,1.7618294224780875e-13,5.146940874943556e-15,1.8647682399769587e-13,5.109464977536867e-10,99128,True,b=b_min
0.1,0.2,0.0001,8,1e-09,1,2740,4500,3.6496350364963506e-13,2880,1006,3628,22776,18276,7200,16.0,1040,9.638324440768259e-42,0.9999999999919484,85.11451738349112,5.146940874943556e-15,1.0,1.0,100800,True,controle a posteriori 7200/2880
0.1,0.2,0.0001,8,1e-09,256,2740,4500,1.425638686131387e-15,1202,1202,4337,13582,9082,9082,20.18,1202,2.811429531191944e-48,2.6013034189947772e-17,6.837357008553379e-16,2.6013034189947772e-17,7.357617692352335e-16,5.160927354123622e-10,115856,True,b=b_min
0.1,0.2,0.0001,8,1e-09,256,2740,4500,1.425638686131387e-15,2880,1202,4337,23722,19222,7200,16.0,899,9.638324440768259e-42,0.9999999999974379,85.11451738349112,2.6013034189947772e-17,1.0,1.0,100800,True,controle a posteriori 7200/2880
0.1,0.2,0.0001,10,1e-06,1,2192,3600,4.5620437956204375e-10,761,761,2747,8827,5227,5227,14.52,761,9.125013497483746e-32,1.0678517826760872e-11,2.1673105325640308e-10,1.0678517826760872e-11,2.380880889099248e-10,5.218890908905553e-07,95470,True,b=b_min
0.1,0.2,0.0001,10,1e-06,1,2192,3600,4.5620437956204375e-10,2880,761,2747,21522,17922,7200,20.0,1082,1.2857896589081233e-38,1.0000000000106786,85.1145173834911,1.0678517826760872e-11,1.0,1.0,115200,True,controle a posteriori 7200/2880
0.1,0.2,0.0001,10,1e-06,256,2192,3600,1.7820483576642334e-12,951,951,3431,10898,7298,7298,20.27,951,5.87318681691664e-39,2.999175653149413e-14,8.556403129398074e-13,2.999175653149413e-14,9.156238260027956e-13,5.138041412091207e-07,116180,True,b=b_min
0.1,0.2,0.0001,10,1e-06,256,2192,3600,1.7820483576642334e-12,2880,951,3431,22502,18902,7200,20.0,935,1.2857896589081233e-38,0.9999999999993435,85.1145173834911,2.999175653149413e-14,1.0,1.0,115200,True,controle a posteriori 7200/2880
0.1,0.2,0.0001,10,1e-09,1,2192,3600,4.562043795620439e-13,998,998,3601,11404,7804,7804,21.68,998,1.0276250911533395e-40,9.261899983543874e-15,2.1767556013698092e-13,9.261899983543874e-15,2.3619936010406866e-13,5.177489973481185e-10,121240,True,b=b_min
0.1,0.2,0.0001,10,1e-09,1,2192,3600,4.562043795620439e-13,2880,998,3601,22736,19136,7200,20.0,900,1.2857896589081233e-38,1.0000000000000093,85.1145173834911,9.261899983543874e-15,1.0,1.0,115200,True,controle a posteriori 7200/2880
0.1,0.2,0.0001,10,1e-09,256,2192,3600,1.782048357664234e-15,1195,1195,4309,13504,9904,9904,27.51,1195,5.245357936557954e-48,2.6013034189947772e-17,8.639004130357482e-16,2.6013034189947772e-17,9.159264814156437e-16,5.139739768993513e-10,142240,True,b=b_min
0.1,0.2,0.0001,10,1e-09,256,2192,3600,1.782048357664234e-15,2880,1195,4309,23685,20085,7200,20.0,761,1.2857896589081233e-38,0.9999999999974379,85.1145173834911,2.6013034189947772e-17,1.0,1.0,115200,True,controle a posteriori 7200/2880
0.1,0.2,0.0001,12,1e-06,1,1827,3000,5.473453749315818e-10,755,755,2724,8762,5762,5762,19.21,755,1.5344054107651386e-31,1.0678517826760872e-11,2.619588042884183e-10,1.0678517826760872e-11,2.8331583994194e-10,5.176180395739245e-07,112344,True,b=b_min
0.1,0.2,0.0001,12,1e-06,1,1827,3000,5.473453749315818e-10,2880,755,2724,21490,18490,7200,24.0,989,1.558172445761769e-36,1.0000000000106786,85.11451738349112,1.0678517826760872e-11,1.0,1.0,129600,True,controle a posteriori 7200/2880
0.1,0.2,0.0001,12,1e-06,256,1827,3000,2.1380678708264913e-12,945,945,3409,10833,7833,7833,26.11,945,9.875984986538839e-39,2.999175653149413e-14,1.0327226563023816e-12,2.999175653149413e-14,1.09270616936537e-12,5.11071787886216e-07,137196,True,b=b_min
0.1,0.2,0.0001,12,1e-06,256,1827,3000,2.1380678708264913e-12,2880,945,3409,22472,19472,7200,24.0,842,1.558172445761769e-36,0.9999999999993435,85.11451738349112,2.999175653149413e-14,1.0,1.0,129600,True,controle a posteriori 7200/2880
0.1,0.2,0.0001,12,1e-09,1,1827,3000,5.473453749315818e-13,992,992,3578,11339,8339,8339,27.8,992,1.727990320823645e-40,9.261899983543874e-15,2.6270950329796674e-13,9.261899983543874e-15,2.812333032650545e-13,5.138132450652545e-10,143268,True,b=b_min
0.1,0.2,0.0001,12,1e-09,1,1827,3000,5.473453749315818e-13,2880,992,3578,22706,19706,7200,24.0,808,1.558172445761769e-36,1.0000000000000093,85.11451738349112,9.261899983543874e-15,1.0,1.0,129600,True,controle a posteriori 7200/2880
0.1,0.2,0.0001,12,1e-09,256,1827,3000,2.1380678708264916e-15,1188,1188,4287,13430,10430,10430,34.77,1188,9.478364782788341e-48,4.6810353332152015e-17,1.019476543523755e-15,4.6810353332152015e-17,1.1130972501880591e-15,5.206089410799575e-10,168360,True,b=b_min
0.1,0.2,0.0001,12,1e-09,256,1827,3000,2.1380678708264916e-15,2880,1188,4287,23652,20652,7200,24.0,671,1.558172445761769e-36,0.9999999999947671,85.11451738349112,4.6810353332152015e-17,1.0,1.0,129600,True,controle a posteriori 7200/2880
0.1,0.2,0.001,6,1e-06,1,3653,6000,2.737476047084588e-10,786,786,2835,9098,3098,3098,5.16,786,9.560657393516693e-33,6.6296942058333465e-12,1.299825980176898e-10,6.6296942058333465e-12,1.4324198642935648e-10,5.232629764264393e-07,61788,True,b=b_min
0.1,0.2,0.001,6,1e-06,1,3653,6000,2.737476047084588e-10,2880,786,2835,21658,15658,7200,12.0,1458,4.662730288207508e-47,1.000000000001564,85.92768010206503,6.6296942058333465e-12,1.0,1.0,86400,True,controle a posteriori 7200/2880
0.1,0.2,0.001,6,1e-06,256,3653,6000,1.0693265808924171e-12,977,977,3525,11159,5159,5159,8.6,977,6.161324742649853e-40,1.909518354902581e-14,5.150478995422621e-13,1.909518354902581e-14,5.532382666403136e-13,5.173707233374887e-07,74154,True,b=b_min
0.1,0.2,0.001,6,1e-06,256,3653,6000,1.0693265808924171e-12,2880,977,3525,22621,16621,7200,12.0,1309,4.662730288207508e-47,0.9999999999973086,85.92768010206503,1.909518354902581e-14,1.0,1.0,86400,True,controle a posteriori 7200/2880
0.1,0.2,0.001,6,1e-09,1,3653,6000,2.737476047084588e-13,1024,1024,3694,11665,5665,5665,9.44,1024,1.0574111041876476e-41,5.926658525638741e-15,1.3057006905202244e-13,5.926658525638741e-15,1.424233861032999e-13,5.202726294353546e-10,77190,True,b=b_min
0.1,0.2,0.001,6,1e-09,1,3653,6000,2.737476047084588e-13,2880,1024,3694,22854,16854,7200,12.0,1273,4.662730288207508e-47,0.9999999999926144,85.92768010206503,5.926658525638741e-15,1.0,1.0,86400,True,controle a posteriori 7200/2880
0.1,0.2,0.001,6,1e-09,256,3653,6000,1.0693265808924172e-15,1215,1215,4385,13727,7727,7727,12.88,1215,6.7599147380183475e-49,1.7070264308705776e-17,5.1447185952206765e-16,1.7070264308705776e-17,5.486123881394792e-16,5.130447497916205e-10,89562,True,b=b_min
0.1,0.2,0.001,6,1e-09,256,3653,6000,1.0693265808924172e-15,2880,1215,4385,23798,17798,7200,12.0,1129,4.662730288207508e-47,1.0,85.92768010206503,1.7070264308705776e-17,1.0,1.0,86400,True,controle a posteriori 7200/2880
0.1,0.2,0.001,8,1e-06,1,2740,4500,3.6496350364963504e-10,776,776,2799,8992,4492,4492,9.98,776,2.2403762821819453e-32,6.6296942058333465e-12,1.7522351692921572e-10,6.6296942058333465e-12,1.8848290534088242e-10,5.164431606340178e-07,79136,True,b=b_min
0.1,0.2,0.001,8,1e-06,1,2740,4500,3.6496350364963504e-10,2880,776,2799,21609,17109,7200,16.0,1218,7.982319876287471e-42,1.000000000001564,85.92768010206503,6.6296942058333465e-12,1.0,1.0,100800,True,controle a posteriori 7200/2880
0.1,0.2,0.001,8,1e-06,256,2740,4500,1.4256386861313869e-12,967,967,3489,11051,6551,6551,14.56,967,1.4671864096647989e-39,3.427526358340808e-14,6.749179839674594e-13,3.427526358340808e-14,7.434685111342756e-13,5.214985524500263e-07,95608,True,b=b_min
0.1,0.2,0.001,8,1e-06,256,2740,4500,1.4256386861313869e-12,2880,967,3489,22570,18070,7200,16.0,1072,7.982319876287471e-42,0.9999999999990974,85.92768010206503,3.427526358340808e-14,1.0,1.0,100800,True,controle a posteriori 7200/2880
0.1,0.2,0.001,8,1e-09,1,2740,4500,3.6496350364963506e-13,1014,1014,3659,11559,7059,7059,15.69,1014,2.4778617837976996e-41,5.926658525638741e-15,1.75992133014406e-13,5.926658525638741e-15,1.8784545006568346e-13,5.146965331799727e-10,99672,True,b=b_min
0.1,0.2,0.001,8,1e-09,1,2740,4500,3.6496350364963506e-13,2880,1014,3659,22806,18306,7200,16.0,1036,7.982319876287471e-42,0.9999999999926144,85.92768010206503,5.926658525638741e-15,1.0,1.0,100800,True,controle a posteriori 7200/2880
0.1,0.2,0.001,8,1e-09,256,2740,4500,1.425638686131387e-15,1205,1205,4349,13618,9118,9118,20.26,1205,1.6227118467238655e-48,3.0640596206742585e-17,6.786719529942134e-16,3.0640596206742585e-17,7.399531454076985e-16,5.19032734314776e-10,116144,True,b=b_min
0.1,0.2,0.001,8,1e-09,256,2740,4500,1.425638686131387e-15,2880,1205,4349,23748,19248,7200,16.0,896,7.982319876287471e-42,0.9999999999981101,85.92768010206503,3.0640596206742585e-17,1.0,1.0,100800,True,controle a posteriori 7200/2880
0.1,0.2,0.001,10,1e-06,1,2192,3600,4.5620437956204375e-10,768,768,2771,8908,5308,5308,14.74,768,4.3994292808171704e-32,6.6296942058333465e-12,2.213164976755837e-10,6.6296942058333465e-12,2.345758860872504e-10,5.141903423032528e-07,96280,True,b=b_min
0.1,0.2,0.001,10,1e-06,1,2192,3600,4.5620437956204375e-10,2880,768,2771,21570,17970,7200,20.0,1076,1.1021036148289141e-38,1.000000000001564,85.92768010206503,6.6296942058333465e-12,1.0,1.0,115200,True,controle a posteriori 7200/2880
0.1,0.2,0.001,10,1e-06,256,2192,3600,1.7820483576642334e-12,959,959,3461,10967,7367,7367,20.46,959,2.8811155083332642e-39,3.427526358340808e-14,8.523901613781533e-13,3.427526358340808e-14,9.209406885449695e-13,5.167877092583867e-07,116870,True,b=b_min
0.1,0.2,0.001,10,1e-06,256,2192,3600,1.7820483576642334e-12,2880,959,3461,22533,18933,7200,20.0,932,1.1021036148289141e-38,0.9999999999990974,85.92768010206503,3.427526358340808e-14,1.0,1.0,115200,True,controle a posteriori 7200/2880
0.1,0.2,0.001,10,1e-09,1,2192,3600,4.562043795620439e-13,1006,1006,3631,11473,7873,7873,21.87,1006,4.944591720462611e-41,1.0638168657220587e-14,2.160822345168792e-13,1.0638168657220587e-14,2.3735857183132037e-13,5.202899894542543e-10,121930,True,b=b_min
0.1,0.2,0.001,10,1e-09,1,2192,3600,4.562043795620439e-13,2880,1006,3631,22766,19166,7200,20.0,897,1.1021036148289141e-38,1.0000000000000107,85.92768010206503,1.0638168657220587e-14,1.0,1.0,115200,True,controle a posteriori 7200/2880
0.1,0.2,0.001,10,1e-09,256,2192,3600,1.782048357664234e-15,1198,1198,4321,13540,9940,9940,27.61,1198,3.0365667067320206e-48,3.0640596206742585e-17,8.58069513202134e-16,3.0640596206742585e-17,9.19350705615619e-16,5.158954871576158e-10,142600,True,b=b_min
0.1,0.2,0.001,10,1e-09,256,2192,3600,1.782048357664234e-15,2880,1198,4321,23711,20111,7200,20.0,758,1.1021036148289141e-38,0.9999999999981101,85.92768010206503,3.0640596206742585e-17,1.0,1.0,115200,True,controle a posteriori 7200/2880
0.1,0.2,0.001,12,1e-06,1,1827,3000,5.473453749315818e-10,762,762,2748,8840,5840,5840,19.47,762,7.59709985460831e-32,1.1900095948222723e-11,2.6157193442715085e-10,1.1900095948222723e-11,2.853721263235963e-10,5.213748747932104e-07,113280,True,b=b_min
0.1,0.2,0.001,12,1e-06,1,1827,3000,5.473453749315818e-10,2880,762,2748,21537,18537,7200,24.0,983,1.3665261910713884e-36,1.0000000000119,85.92768010206501,1.1900095948222723e-11,1.0,1.0,129600,True,controle a posteriori 7200/2880
0.1,0.2,0.001,12,1e-06,256,1827,3000,2.1380678708264913e-12,953,953,3438,10902,7902,7902,26.34,953,4.856743708287336e-39,3.427526358340808e-14,1.029266805585306e-12,3.427526358340808e-14,1.0978173327521222e-12,5.134623403361606e-07,138024,True,b=b_min
0.1,0.2,0.001,12,1e-06,256,1827,3000,2.1380678708264913e-12,2880,953,3438,22502,19502,7200,24.0,839,1.3665261910713884e-36,0.9999999999990974,85.92768010206501,3.427526358340808e-14,1.0,1.0,129600,True,controle a posteriori 7200/2880
0.1,0.2,0.001,12,1e-09,1,1827,3000,5.473453749315818e-13,1000,1000,3608,11407,8407,8407,28.02,1000,8.402411482010359e-41,1.0638168657220587e-14,2.626885275814304e-13,1.0638168657220587e-14,2.839648648958715e-13,5.188038081647572e-10,144084,True,b=b_min
0.1,0.2,0.001,12,1e-09,1,1827,3000,5.473453749315818e-13,2880,1000,3608,22735,19735,7200,24.0,805,1.3665261910713884e-36,1.0000000000000107,85.92768010206501,1.0638168657220587e-14,1.0,1.0,129600,True,controle a posteriori 7200/2880
0.1,0.2,0.001,12,1e-09,256,1827,3000,2.1380678708264916e-15,1191,1191,4298,13469,10469,10469,34.9,1191,5.371570715230242e-48,3.0640596206742585e-17,1.0348774433685913e-15,3.0640596206742585e-17,1.0961586357820764e-15,5.126865478589065e-10,168828,True,b=b_min
0.1,0.2,0.001,12,1e-09,256,1827,3000,2.1380678708264916e-15,2880,1191,4298,23682,20682,7200,24.0,668,1.3665261910713884e-36,0.9999999999981101,85.92768010206501,3.0640596206742585e-17,1.0,1.0,129600,True,controle a posteriori 7200/2880
0.1,0.2,0.01,6,1e-06,1,3653,6000,2.737476047084588e-10,861,861,3103,9968,3968,3968,6.61,861,1.3114913667754993e-31,6.525947892866575e-12,1.2977372526234832e-10,6.525947892866575e-12,1.428256210480815e-10,5.217419936886417e-07,67008,True,b=b_min
0.1,0.2,0.01,6,1e-06,1,3653,6000,2.737476047084588e-10,2880,861,3103,22177,16177,7200,12.0,1386,2.1363675928178166e-41,1.0000000000051128,94.68504055575377,6.525947892866575e-12,1.0,1.0,86400,True,controle a posteriori 7200/2880
0.1,0.2,0.01,6,1e-06,256,3653,6000,1.0693265808924171e-12,1071,1071,3860,12325,6325,6325,10.54,1071,9.541296187061106e-39,2.4157077065867747e-14,5.088359640306267e-13,2.4157077065867747e-14,5.571501181623622e-13,5.210289617016598e-07,81150,True,b=b_min
0.1,0.2,0.01,6,1e-06,256,3653,6000,1.0693265808924171e-12,2880,1071,3860,23308,17308,7200,12.0,1212,2.1363675928178166e-41,0.9999999999923013,94.68504055575377,2.4157077065867747e-14,1.0,1.0,86400,True,controle a posteriori 7200/2880
0.1,0.2,0.01,6,1e-09,1,3653,6000,2.737476047084588e-13,1125,1125,4053,12906,6906,6906,11.51,1125,1.65978918545015e-40,4.503649871642537e-15,1.3186845641716716e-13,4.503649871642537e-15,1.4087575616045222e-13,5.14619137254132e-10,84636,True,b=b_min
0.1,0.2,0.01,6,1e-09,1,3653,6000,2.737476047084588e-13,2880,1125,4053,23569,17569,7200,12.0,1172,2.1363675928178166e-41,0.999999999995359,94.68504055575377,4.503649871642537e-15,1.0,1.0,86400,True,controle a posteriori 7200/2880
0.1,0.2,0.01,6,1e-09,256,3653,6000,1.0693265808924172e-15,1363,1363,4913,15378,9378,9378,15.63,1363,5.415245802428117e-48,1.6671143995169885e-17,5.159445655592191e-16,1.6671143995169885e-17,5.492868535495589e-16,5.136754882602339e-10,99468,True,b=b_min
0.1,0.2,0.01,6,1e-09,256,3653,6000,1.0693265808924172e-15,2880,1363,4913,24623,18623,7200,12.0,1014,2.1363675928178166e-41,0.9999999999978182,94.68504055575377,1.6671143995169885e-17,1.0,1.0,86400,True,controle a posteriori 7200/2880
0.1,0.2,0.01,8,1e-06,1,2740,4500,3.6496350364963504e-10,850,850,3064,9850,5350,5350,11.89,850,2.9862599717064897e-31,6.525947892866575e-12,1.7551880231208956e-10,6.525947892866575e-12,1.8857069809782272e-10,5.166837127880342e-07,86000,True,b=b_min
0.1,0.2,0.01,8,1e-06,1,2740,4500,3.6496350364963504e-10,2880,850,3064,22122,17622,7200,16.0,1149,7.454448486419965e-37,1.0000000000051128,94.68504055575379,6.525947892866575e-12,1.0,1.0,100800,True,controle a posteriori 7200/2880
0.1,0.2,0.01,8,1e-06,256,2740,4500,1.4256386861313869e-12,1060,1060,3821,12206,7706,7706,17.12,1060,2.1877517887622387e-38,2.4157077065867747e-14,6.878795331082306e-13,2.4157077065867747e-14,7.36193687239966e-13,5.163956999776018e-07,104848,True,b=b_min
0.1,0.2,0.01,8,1e-06,256,2740,4500,1.4256386861313869e-12,2880,1060,3821,23253,18753,7200,16.0,978,7.454448486419965e-37,0.9999999999923013,94.68504055575379,2.4157077065867747e-14,1.0,1.0,100800,True,controle a posteriori 7200/2880
0.1,0.2,0.01,8,1e-09,1,2740,4500,3.6496350364963506e-13,1113,1113,4012,12779,8279,8279,18.4,1113,4.024125760353393e-40,7.883599284152262e-15,1.736473805263723e-13,7.883599284152262e-15,1.8941457909467683e-13,5.189959467194145e-10,109432,True,b=b_min
0.1,0.2,0.01,8,1e-09,1,2740,4500,3.6496350364963506e-13,2880,1113,4012,23513,19013,7200,16.0,940,7.454448486419965e-37,0.9999999999915048,94.68504055575379,7.883599284152262e-15,1.0,1.0,100800,True,controle a posteriori 7200/2880
0.1,0.2,0.01,8,1e-09,256,2740,4500,1.425638686131387e-15,1352,1352,4872,15257,10757,10757,23.9,1352,1.2591162541070368e-47,2.918269017622076e-17,6.802583301893241e-16,2.918269017622076e-17,7.386237105417657e-16,5.181002155224161e-10,129256,True,b=b_min
0.1,0.2,0.01,8,1e-09,256,2740,4500,1.425638686131387e-15,2880,1352,4872,24567,20067,7200,16.0,785,7.454448486419965e-37,0.9999999999988342,94.68504055575379,2.918269017622076e-17,1.0,1.0,100800,True,controle a posteriori 7200/2880
0.1,0.2,0.01,10,1e-06,1,2192,3600,4.5620437956204375e-10,842,842,3033,9763,6163,6163,17.12,842,5.477804217751179e-31,6.525947892866575e-12,2.204204375919547e-10,6.525947892866575e-12,2.3347233337768787e-10,5.117713547638918e-07,104830,True,b=b_min
0.1,0.2,0.01,10,1e-06,1,2192,3600,4.5620437956204375e-10,2880,842,3033,22081,18481,7200,20.0,1009,3.963320921476228e-34,1.0000000000051128,94.68504055575379,6.525947892866575e-12,1.0,1.0,115200,True,controle a posteriori 7200/2880
0.1,0.2,0.01,10,1e-06,256,2192,3600,1.7820483576642334e-12,1051,1051,3790,12109,8509,8509,23.64,1051,4.302906121336739e-38,4.228674983435789e-14,8.465660974754209e-13,4.228674983435789e-14,9.311395971441367e-13,5.225108472166266e-07,128290,True,b=b_min
0.1,0.2,0.01,10,1e-06,256,2192,3600,1.7820483576642334e-12,2880,1051,3790,23209,19609,7200,20.0,841,3.963320921476228e-34,1.0000000000000422,94.68504055575379,4.228674983435789e-14,1.0,1.0,115200,True,controle a posteriori 7200/2880
0.1,0.2,0.01,10,1e-09,1,2192,3600,4.562043795620439e-13,1104,1104,3980,12684,9084,9084,25.23,1104,7.805098387819008e-40,7.883599284152262e-15,2.1912132194048019e-13,7.883599284152262e-15,2.348885205087847e-13,5.148756369552561e-10,134040,True,b=b_min
0.1,0.2,0.01,10,1e-09,1,2192,3600,4.562043795620439e-13,2880,1104,3980,23472,19872,7200,20.0,802,3.963320921476228e-34,0.9999999999915048,94.68504055575379,7.883599284152262e-15,1.0,1.0,115200,True,controle a posteriori 7200/2880
0.1,0.2,0.01,10,1e-09,256,2192,3600,1.782048357664234e-15,1343,1343,4840,15162,11562,11562,32.12,1343,2.442151868569958e-47,2.918269017622076e-17,8.583985195469492e-16,2.918269017622076e-17,9.167638998993907e-16,5.144438959563429e-10,158820,True,b=b_min
0.1,0.2,0.01,10,1e-09,256,2192,3600,1.782048357664234e-15,2880,1343,4840,24526,20926,7200,20.0,650,3.963320921476228e-34,0.9999999999988342,94.68504055575379,2.918269017622076e-17,1.0,1.0,115200,True,controle a posteriori 7200/2880
0.1,0.2,0.01,12,1e-06,1,1827,3000,5.473453749315818e-10,835,835,3009,9685,6685,6685,22.28,835,9.436891503570428e-31,1.1423614091442275e-11,2.6211821930235954e-10,1.1423614091442275e-11,2.8496544748524407e-10,5.206318725555409e-07,123420,True,b=b_min
0.1,0.2,0.01,12,1e-06,1,1827,3000,5.473453749315818e-10,2880,835,3009,22044,19044,7200,24.0,917,2.601088053549615e-32,1.000000000006731,94.68504055575379,1.1423614091442275e-11,1.0,1.0,129600,True,controle a posteriori 7200/2880
0.1,0.2,0.01,12,1e-06,256,1827,3000,2.1380678708264913e-12,1045,1045,3765,12040,9040,9040,30.13,1045,6.961901744296657e-38,4.228674983435789e-14,1.0224828845522897e-12,4.228674983435789e-14,1.1070563842210054e-12,5.177835555767749e-07,151680,True,b=b_min
0.1,0.2,0.01,12,1e-06,256,1827,3000,2.1380678708264913e-12,2880,1045,3765,23175,20175,7200,24.0,751,2.601088053549615e-32,1.0000000000000422,94.68504055575379,4.228674983435789e-14,1.0,1.0,129600,True,controle a posteriori 7200/2880
0.1,0.2,0.01,12,1e-09,1,1827,3000,5.473453749315818e-13,1097,1097,3954,12609,9609,9609,32.03,1097,1.3167864799598836e-39,7.883599284152262e-15,2.643213369879415e-13,7.883599284152262e-15,2.80088535556246e-13,5.117217544612614e-10,158508,True,b=b_min
0.1,0.2,0.01,12,1e-09,1,1827,3000,5.473453749315818e-13,2880,1097,3954,23438,20438,7200,24.0,712,2.601088053549615e-32,0.9999999999915048,94.68504055575379,7.883599284152262e-15,1.0,1.0,129600,True,controle a posteriori 7200/2880
0.1,0.2,0.01,12,1e-09,256,1827,3000,2.1380678708264916e-15,1336,1336,4814,15084,12084,12084,40.28,1336,4.20721904303432e-47,5.1084041153266605e-17,1.0159323667224751e-15,5.1084041153266605e-17,1.1181004490290084e-15,5.229489972162555e-10,188208,True,b=b_min
0.1,0.2,0.01,12,1e-09,256,1827,3000,2.1380678708264916e-15,2880,1336,4814,24490,21490,7200,24.0,562,2.601088053549615e-32,1.0,94.68504055575379,5.1084041153266605e-17,1.0,1.0,129600,True,controle a posteriori 7200/2880
0.1,0.3,0.0,6,1e-06,1,3653,6000,2.737476047084588e-10,265,265,734,2334,1,1,0.0,1151,5.16690852308206e-81,6.08894613106683e-12,1.008853671474201e-50,6.08894613106683e-12,1.217789226213366e-11,4.448584043357426e-08,43206,True,b=b_min
0.1,0.3,0.0,6,1e-06,1,3653,6000,2.737476047084588e-10,2880,265,734,12839,6839,7200,12.0,2972,7.358576349624514e-177,6.08894613106683e-12,2.3909161135776775e-13,6.08894613106683e-12,1.2416983873491428e-11,4.535924208986419e-08,86400,True,controle a posteriori 7200/2880
0.1,0.3,0.0,6,1e-06,256,3653,6000,1.0693265808924171e-12,330,330,915,2878,1,1,0.0,1078,5.16690852308206e-81,1.5716634261609297e-14,9.553257920172062e-47,1.5716634261609297e-14,3.1433268523218593e-14,2.9395386858321286e-08,43206,True,b=b_min
0.1,0.3,0.0,6,1e-06,256,3653,6000,1.0693265808924171e-12,2880,330,915,13181,7181,7200,12.0,2885,7.358576349624514e-177,1.5716634261609297e-14,3.6399296107400004e-13,1.5716634261609297e-14,3.954262295972186e-13,3.6978995627997174e-07,86400,True,controle a posteriori 7200/2880
0.1,0.3,0.0,6,1e-09,1,3653,6000,2.737476047084588e-13,346,346,959,3010,1,1,0.0,1061,5.16690852308206e-81,5.820975652447888e-15,8.003553958451792e-46,5.820975652447888e-15,1.1641951304895775e-14,4.2528048116784265e-11,43206,True,b=b_min
0.1,0.3,0.0,6,1e-09,1,3653,6000,2.737476047084588e-13,2880,346,959,13262,7262,7200,12.0,2864,7.358576349624514e-177,5.820975652447888e-15,3.903917853447189e-13,5.820975652447888e-15,4.0203373664961465e-13,1.4686292399810423e-09,86400,True,controle a posteriori 7200/2880
0.1,0.3,0.0,6,1e-09,256,3653,6000,1.0693265808924172e-15,411,411,1141,3554,1,1,0.0,992,5.16690852308206e-81,1.5024955617274765e-17,4.5177654368989537e-42,1.5024955617274765e-17,3.004991123454953e-17,2.8101715389391215e-11,43206,True,b=b_min
0.1,0.3,0.0,6,1e-09,256,3653,6000,1.0693265808924172e-15,2880,411,1141,13590,7590,7200,12.0,2781,7.358576349624514e-177,1.5024955617274765e-17,5.933662921382227e-13,1.5024955617274765e-17,5.933963420494573e-13,5.549252704017069e-07,86400,True,controle a posteriori 7200/2880
0.1,0.3,0.0,8,1e-06,1,2740,4500,3.6496350364963504e-10,261,261,725,2304,1,1,0.0,785,4.8307236644844074e-61,6.08894613106683e-12,3.796363732660285e-34,6.08894613106683e-12,1.217789226213366e-11,3.336742479824623e-08,43208,True,b=b_min
0.1,0.3,0.0,8,1e-06,1,2740,4500,3.6496350364963504e-10,2880,261,725,12822,8322,7200,16.0,2593,6.879790642750243e-157,5.081973241196288e-08,0.006027757392738557,6.08894613106683e-12,0.006027808218559915,1.0,100800,True,controle a posteriori 7200/2880
0.1,0.3,0.0,8,1e-06,256,2740,4500,1.4256386861313869e-12,326,326,905,2848,1,1,0.0,716,4.8307236644844074e-61,1.5716634261609297e-14,1.982494798425589e-30,1.5716634261609297e-14,3.14332685232186e-14,2.2048551872926454e-08,43208,True,b=b_min
0.1,0.3,0.0,8,1e-06,256,2740,4500,1.4256386861313869e-12,2880,326,905,13164,8664,7200,16.0,2508,6.879790642750243e-157,1.0147197123282183e-07,0.008176243756647014,1.5716634261609297e-14,0.008176345228633964,1.0,100800,True,controle a posteriori 7200/2880
0.1,0.3,0.0,8,1e-09,1,2740,4500,3.6496350364963506e-13,342,342,950,2980,1,1,0.0,700,4.8307236644844074e-61,5.820975652447888e-15,1.4384962055443373e-29,5.820975652447888e-15,1.164195130489579e-14,3.189894657541446e-11,43208,True,b=b_min
0.1,0.3,0.0,8,1e-09,1,2740,4500,3.6496350364963506e-13,2880,342,950,13245,8745,7200,16.0,2488,6.879790642750243e-157,1.1369254417957515e-07,0.008599419665525332,5.820975652447888e-15,0.008599533358075333,1.0,100800,True,controle a posteriori 7200/2880
0.1,0.3,0.0,8,1e-09,256,2740,4500,1.425638686131387e-15,408,408,1131,3528,1,1,0.0,635,4.8307236644844074e-61,1.5024955617274765e-17,4.9334107227222694e-26,1.5024955617274765e-17,3.004991128388364e-17,2.107820977096734e-11,43208,True,b=b_min
0.1,0.3,0.0,8,1e-09,256,2740,4500,1.425638686131387e-15,2880,408,1131,13574,9074,7200,16.0,2407,6.879790642750243e-157,2.228461989748e-07,0.011623432299742036,1.5024955617274765e-17,0.011623655145941027,1.0,100800,True,controle a posteriori 7200/2880
0.1,0.3,0.0,10,1e-06,1,2192,3600,4.5620437956204375e-10,259,259,718,2285,1,1,0.0,569,4.6396054323119884e-49,6.08894613106683e-12,2.3497652014425267e-24,6.08894613106683e-12,1.217789226213601e-11,2.669393983860213e-08,43210,True,b=b_min
0.1,0.3,0.0,10,1e-06,1,2192,3600,4.5620437956204375e-10,2880,259,718,12808,9208,7200,20.0,2367,6.607605041444383e-145,0.4105999040791289,17.596997097476944,6.08894613106683e-12,1.0,1.0,115200,True,controle a posteriori 7200/2880
0.1,0.3,0.0,10,1e-06,256,2192,3600,1.7820483576642334e-12,324,324,898,2827,1,1,0.0,504,4.6396054323119884e-49,4.243491250634511e-14,6.83716322735307e-21,4.243491250634511e-14,8.486983184985344e-14,4.7624875882208956e-08,43210,True,b=b_min
0.1,0.3,0.0,10,1e-06,256,2192,3600,1.7820483576642334e-12,2880,324,898,13149,9549,7200,20.0,2284,6.607605041444383e-145,0.4532045130368002,18.111345797642812,4.243491250634511e-14,1.0,1.0,115200,True,controle a posteriori 7200/2880
0.1,0.3,0.0,10,1e-09,1,2192,3600,4.562043795620439e-13,340,340,942,2962,1,1,0.0,489,4.6396054323119884e-49,5.820975652447888e-15,4.935034172659704e-20,5.820975652447888e-15,1.1642000655237502e-14,2.5519265436280606e-11,43210,True,b=b_min
0.1,0.3,0.0,10,1e-09,1,2192,3600,4.562043795620439e-13,2880,340,942,13232,9632,7200,20.0,2264,6.607605041444383e-145,0.47042284102747606,18.29788711170211,5.820975652447888e-15,1.0,1.0,115200,True,controle a posteriori 7200/2880
0.1,0.3,0.0,10,1e-09,256,2192,3600,1.782048357664234e-15,405,405,1124,3503,1,1,0.0,427,4.6396054323119884e-49,4.0567380166641864e-17,8.246509940690959e-17,4.0567380166641864e-17,1.635998597401933e-16,9.180438849292896e-11,43210,True,b=b_min
0.1,0.3,0.0,10,1e-09,256,2192,3600,1.782048357664234e-15,2880,405,1124,13559,9959,7200,20.0,2185,6.607605041444383e-145,0.5136296509433416,18.709013450434774,4.0567380166641864e-17,1.0,1.0,115200,True,controle a posteriori 7200/2880
0.1,0.3,0.0,12,1e-06,1,1827,3000,5.473453749315818e-10,257,257,712,2269,1,1,0.0,428,4.5164126708187095e-41,6.08894613106683e-12,5.591889089633074e-18,6.08894613106683e-12,1.217789785402275e-11,2.2249019379299566e-08,43212,True,b=b_min
0.1,0.3,0.0,12,1e-06,1,1827,3000,5.473453749315818e-10,2880,257,712,12797,9797,7200,24.0,2217,6.432157123773852e-137,0.9996125184068124,20.15147789959887,6.08894613106683e-12,1.0,1.0,129600,True,controle a posteriori 7200/2880
0.1,0.3,0.0,12,1e-06,256,1827,3000,2.1380678708264913e-12,322,322,892,2810,1,1,0.0,366,4.5164126708187095e-41,4.243491250634511e-14,1.0974072846063046e-14,4.243491250634511e-14,9.584389785875327e-14,4.482734115531321e-08,43212,True,b=b_min
0.1,0.3,0.0,12,1e-06,256,1827,3000,2.1380678708264913e-12,2880,322,892,13138,10138,7200,24.0,2135,6.432157123773852e-137,0.9997415544134416,20.15147789959887,4.243491250634511e-14,1.0,1.0,129600,True,controle a posteriori 7200/2880
0.1,0.3,0.0,12,1e-09,1,1827,3000,5.473453749315818e-13,338,338,936,2945,1,1,0.0,350,4.5164126708187095e-41,5.820975652447888e-15,7.114451386425797e-14,5.820975652447888e-15,8.278646516915375e-14,1.512508718640439e-10,43212,True,b=b_min
0.1,0.3,0.0,12,1e-09,1,1827,3000,5.473453749315818e-13,2880,338,936,13222,10222,7200,24.0,2115,6.432157123773852e-137,0.999780900385209,20.15147789959887,5.820975652447888e-15,1.0,1.0,129600,True,controle a posteriori 7200/2880
0.1,0.3,0.0,12,1e-09,256,1827,3000,2.1380678708264916e-15,403,403,1118,3486,486,486,1.62,403,1.576065602247677e-47,4.0567380166641864e-17,1.0107311599068903e-15,4.0567380166641864e-17,1.091865920240174e-15,5.106787932873722e-10,49032,True,b=b_min
0.1,0.3,0.0,12,1e-09,256,1827,3000,2.1380678708264916e-15,2880,403,1118,13549,10549,7200,24.0,2037,6.432157123773852e-137,0.9998561594610036,20.15147789959887,4.0567380166641864e-17,1.0,1.0,129600,True,controle a posteriori 7200/2880
0.1,0.3,1e-06,6,1e-06,1,3653,6000,2.737476047084588e-10,265,265,734,2334,1,1,0.0,1151,3.3566212978125654e-81,6.0895319153625224e-12,8.081127776953642e-51,6.0895319153625224e-12,1.2179063830725045e-11,4.4490120173638586e-08,43206,True,b=b_min
0.1,0.3,1e-06,6,1e-06,1,3653,6000,2.737476047084588e-10,2880,265,734,12839,6839,7200,12.0,2972,2.685626941667067e-177,6.0895319153625224e-12,2.3396844323492383e-13,6.0895319153625224e-12,1.2413032273959968e-11,4.534480689677576e-08,86400,True,controle a posteriori 7200/2880
0.1,0.3,1e-06,6,1e-06,256,3653,6000,1.0693265808924171e-12,330,330,914,2877,1,1,0.0,1078,3.3566212978125654e-81,1.5718495219690692e-14,7.833466502300636e-47,1.5718495219690692e-14,3.1436990439381384e-14,2.939886747521541e-08,43206,True,b=b_min
0.1,0.3,1e-06,6,1e-06,256,3653,6000,1.0693265808924171e-12,2880,330,914,13179,7179,7200,12.0,2885,2.685626941667067e-177,1.5718495219690692e-14,3.5653321106759034e-13,1.5718495219690692e-14,3.879702015069717e-13,3.628173174028717e-07,86400,True,controle a posteriori 7200/2880
0.1,0.3,1e-06,6,1e-09,1,3653,6000,2.737476047084588e-13,346,346,959,3009,1,1,0.0,1061,3.3566212978125654e-81,5.821686436363394e-15,6.599351083766908e-46,5.821686436363394e-15,1.1643372872726788e-14,4.253324110407096e-11,43206,True,b=b_min
0.1,0.3,1e-06,6,1e-09,1,3653,6000,2.737476047084588e-13,2880,346,959,13260,7260,7200,12.0,2864,2.685626941667067e-177,5.821686436363394e-15,3.823660049423942e-13,5.821686436363394e-15,3.94009377815121e-13,1.439316257158637e-09,86400,True,controle a posteriori 7200/2880
0.1,0.3,1e-06,6,1e-09,256,3653,6000,1.0693265808924172e-15,411,411,1139,3552,1,1,0.0,992,3.3566212978125654e-81,1.5027123872963306e-17,3.805668655056766e-42,1.5027123872963306e-17,3.005424774592661e-17,2.8105770756062698e-11,43206,True,b=b_min
0.1,0.3,1e-06,6,1e-09,256,3653,6000,1.0693265808924172e-15,2880,411,1139,13588,7588,7200,12.0,2782,2.685626941667067e-177,1.5027123872963306e-17,5.81695193527595e-13,1.5027123872963306e-17,5.817252477753409e-13,5.4401083651157e-07,86400,True,controle a posteriori 7200/2880
0.1,0.3,1e-06,8,1e-06,1,2740,4500,3.6496350364963504e-10,261,261,725,2304,1,1,0.0,785,3.538846974525472e-61,6.0895319153625224e-12,3.3188681125548035e-34,6.0895319153625224e-12,1.2179063830725045e-11,3.3370634896186624e-08,43208,True,b=b_min
0.1,0.3,1e-06,8,1e-06,1,2740,4500,3.6496350364963504e-10,2880,261,725,12821,8321,7200,16.0,2593,2.8314253929736292e-157,5.083796143628804e-08,0.006028874476660994,6.0895319153625224e-12,0.006028925320711961,1.0,100800,True,controle a posteriori 7200/2880
0.1,0.3,1e-06,8,1e-06,256,2740,4500,1.4256386861313869e-12,326,326,905,2847,1,1,0.0,717,3.538846974525472e-61,1.5718495219690692e-14,1.7693560327393745e-30,1.5718495219690692e-14,3.143699043938139e-14,2.2051162573799682e-08,43208,True,b=b_min
0.1,0.3,1e-06,8,1e-06,256,2740,4500,1.4256386861313869e-12,2880,326,905,13163,8663,7200,16.0,2508,2.8314253929736292e-157,1.0150756361075917e-07,0.008177750459319457,1.5718495219690692e-14,0.008177851966898787,1.0,100800,True,controle a posteriori 7200/2880
0.1,0.3,1e-06,8,1e-09,1,2740,4500,3.6496350364963506e-13,342,342,949,2979,1,1,0.0,701,3.538846974525472e-61,5.821686436363394e-15,1.289987395496901e-29,5.821686436363394e-15,1.16433728727268e-14,3.190284167127143e-11,43208,True,b=b_min
0.1,0.3,1e-06,8,1e-09,1,2740,4500,3.6496350364963506e-13,2880,342,949,13244,8744,7200,16.0,2488,2.8314253929736292e-157,1.1373227214038038e-07,0.008600991657086445,5.821686436363394e-15,0.008601105389364407,1.0,100800,True,controle a posteriori 7200/2880
0.1,0.3,1e-06,8,1e-09,256,2740,4500,1.425638686131387e-15,407,407,1130,3522,1,1,0.0,635,3.538846974525472e-61,1.5027123872963306e-17,4.037149390534244e-26,1.5027123872963306e-17,3.005424778629811e-17,2.1081251567220947e-11,43208,True,b=b_min
0.1,0.3,1e-06,8,1e-09,256,2740,4500,1.425638686131387e-15,2880,407,1130,13572,9072,7200,16.0,2408,2.8314253929736292e-157,2.2292229540988576e-07,0.011625540531780689,1.5027123872963306e-17,0.011625763454076114,1.0,100800,True,controle a posteriori 7200/2880
0.1,0.3,1e-06,10,1e-06,1,2192,3600,4.5620437956204375e-10,259,259,718,2285,1,1,0.0,569,3.652897162616954e-49,6.0895319153625224e-12,2.1612279336355037e-24,6.0895319153625224e-12,1.2179063830727207e-11,2.6696507916954037e-08,43210,True,b=b_min
0.1,0.3,1e-06,10,1e-06,1,2192,3600,4.5620437956204375e-10,2880,259,718,12808,9208,7200,20.0,2367,2.922676752798035e-145,0.41062447391733464,17.597460855960666,6.0895319153625224e-12,1.0,1.0,115200,True,controle a posteriori 7200/2880
0.1,0.3,1e-06,10,1e-06,256,2192,3600,1.7820483576642334e-12,324,324,898,2826,1,1,0.0,505,3.652897162616954e-49,4.243978006582159e-14,6.405490196266044e-21,4.243978006582159e-14,8.487956653713337e-14,4.7630338521445465e-08,43210,True,b=b_min
0.1,0.3,1e-06,10,1e-06,256,2192,3600,1.7820483576642334e-12,2880,324,898,13148,9548,7200,20.0,2284,2.922676752798035e-145,0.45322954926641074,18.111768092226416,4.243978006582159e-14,1.0,1.0,115200,True,controle a posteriori 7200/2880
0.1,0.3,1e-06,10,1e-09,1,2192,3600,4.562043795620439e-13,340,340,942,2961,1,1,0.0,489,3.652897162616954e-49,5.821686436363394e-15,4.642393543086111e-20,5.821686436363394e-15,1.1643419296662219e-14,2.5522375098283585e-11,43210,True,b=b_min
0.1,0.3,1e-06,10,1e-09,1,2192,3600,4.562043795620439e-13,2880,340,942,13231,9631,7200,20.0,2264,2.922676752798035e-145,0.47044798335154303,18.29828701560296,5.821686436363394e-15,1.0,1.0,115200,True,controle a posteriori 7200/2880
0.1,0.3,1e-06,10,1e-09,256,2192,3600,1.782048357664234e-15,405,405,1123,3501,1,1,0.0,428,3.652897162616954e-49,4.057308433643876e-17,7.887719750663941e-17,4.057308433643876e-17,1.6002336617951693e-16,8.979743197836828e-11,43210,True,b=b_min
0.1,0.3,1e-06,10,1e-09,256,2192,3600,1.782048357664234e-15,2880,405,1123,13558,9958,7200,20.0,2185,2.922676752798035e-145,0.51365485232579,18.709389983444463,4.057308433643876e-17,1.0,1.0,115200,True,controle a posteriori 7200/2880
0.1,0.3,1e-06,12,1e-06,1,1827,3000,5.473453749315818e-10,257,257,712,2269,1,1,0.0,428,3.730965395848841e-41,6.0895319153625224e-12,5.3123339036396684e-18,6.0895319153625224e-12,1.2179069143058947e-11,2.2251159324368696e-08,43212,True,b=b_min
0.1,0.3,1e-06,12,1e-06,1,1827,3000,5.473453749315818e-10,2880,257,712,12797,9797,7200,24.0,2217,2.985139012270797e-137,0.9996126050665922,20.151641185875725,6.0895319153625224e-12,1.0,1.0,129600,True,controle a posteriori 7200/2880
0.1,0.3,1e-06,12,1e-06,256,1827,3000,2.1380678708264913e-12,322,322,892,2809,1,1,0.0,366,3.730965395848841e-41,4.243978006582159e-14,1.0598084905493635e-14,4.243978006582159e-14,9.547764503713682e-14,4.465604031560934e-08,43212,True,b=b_min
0.1,0.3,1e-06,12,1e-06,256,1827,3000,2.1380678708264913e-12,2880,322,892,13137,10137,7200,24.0,2135,2.985139012270797e-137,0.999741613881476,20.151641185875725,4.243978006582159e-14,1.0,1.0,129600,True,controle a posteriori 7200/2880
0.1,0.3,1e-06,12,1e-09,1,1827,3000,5.473453749315818e-13,337,337,936,2940,1,1,0.0,351,3.730965395848841e-41,5.821686436363394e-15,6.222843865887534e-14,5.821686436363394e-15,7.387181153160212e-14,1.3496379966823708e-10,43212,True,b=b_min
0.1,0.3,1e-06,12,1e-09,1,1827,3000,5.473453749315818e-13,2880,337,936,13220,10220,7200,24.0,2115,2.985139012270797e-137,0.9997809513659636,20.151641185875725,5.821686436363394e-15,1.0,1.0,129600,True,controle a posteriori 7200/2880
0.1,0.3,1e-06,12,1e-09,256,1827,3000,2.1380678708264916e-15,403,403,1117,3484,484,484,1.61,403,1.3317671008183934e-47,4.057308433643876e-17,1.0189270464291029e-15,4.057308433643876e-17,1.1000732151019805e-15,5.145174435817775e-10,49008,True,b=b_min
0.1,0.3,1e-06,12,1e-09,256,1827,3000,2.1380678708264916e-15,2880,403,1117,13547,10547,7200,24.0,2037,2.985139012270797e-137,0.999856193861293,20.151641185875725,4.057308433643876e-17,1.0,1.0,129600,True,controle a posteriori 7200/2880
0.1,0.3,0.0001,6,1e-06,1,3653,6000,2.737476047084588e-10,265,265,735,2335,1,1,0.0,1151,3.2574082402095956e-81,6.147799421476993e-12,8.04267508517866e-51,6.147799421476993e-12,1.2295598842953986e-11,4.4915822573310915e-08,43206,True,b=b_min
0.1,0.3,0.0001,6,1e-06,1,3653,6000,2.737476047084588e-10,2880,265,735,12841,6841,7200,12.0,2971,2.458276752736262e-177,6.147799421476993e-12,2.4059014220823785e-13,6.147799421476993e-12,1.2536188985162225e-11,4.579469836279761e-08,86400,True,controle a posteriori 7200/2880
0.1,0.3,0.0001,6,1e-06,256,3653,6000,1.0693265808924171e-12,330,330,915,2878,1,1,0.0,1078,3.2574082402095956e-81,1.59038091927134e-14,7.820604677053896e-47,1.59038091927134e-14,3.18076183854268e-14,2.9745466870262808e-08,43206,True,b=b_min
0.1,0.3,0.0001,6,1e-06,256,3653,6000,1.0693265808924171e-12,2880,330,915,13181,7181,7200,12.0,2884,2.458276752736262e-177,1.59038091927134e-14,3.665353259562715e-13,1.59038091927134e-14,3.9834294434169827e-13,3.725175745741373e-07,86400,True,controle a posteriori 7200/2880
0.1,0.3,0.0001,6,1e-09,1,3653,6000,2.737476047084588e-13,346,346,959,3010,1,1,0.0,1061,3.2574082402095956e-81,5.89247932985722e-15,6.593978970365034e-46,5.89247932985722e-15,1.178495865971444e-14,4.305045398393685e-11,43206,True,b=b_min
0.1,0.3,0.0001,6,1e-09,1,3653,6000,2.737476047084588e-13,2880,346,959,13262,7262,7200,12.0,2864,2.458276752736262e-177,5.89247932985722e-15,3.9316879258055063e-13,5.89247932985722e-15,4.049537512402651e-13,1.4792960532806883e-09,86400,True,controle a posteriori 7200/2880
0.1,0.3,0.0001,6,1e-09,256,3653,6000,1.0693265808924172e-15,411,411,1140,3553,1,1,0.0,992,3.2574082402095956e-81,1.524331887059885e-17,3.809440502161726e-42,1.524331887059885e-17,3.04866377411977e-17,2.8510128043160375e-11,43206,True,b=b_min
0.1,0.3,0.0001,6,1e-09,256,3653,6000,1.0693265808924172e-15,2880,411,1140,13590,7590,7200,12.0,2781,2.458276752736262e-177,1.524331887059885e-17,5.980274478082583e-13,1.524331887059885e-17,5.980579344459995e-13,5.592846424399964e-07,86400,True,controle a posteriori 7200/2880
0.1,0.3,0.0001,8,1e-06,1,2740,4500,3.6496350364963504e-10,262,262,725,2309,1,1,0.0,785,3.476328858025843e-61,6.147799421476993e-12,3.7694210627885723e-34,6.147799421476993e-12,1.2295598842953986e-11,3.3689940829693925e-08,43208,True,b=b_min
0.1,0.3,0.0001,8,1e-06,1,2740,4500,3.6496350364963504e-10,2880,262,725,12823,8323,7200,16.0,2593,2.6234901450365246e-157,5.267434899157451e-08,0.006140734069284249,6.147799421476993e-12,0.00614078674978104,1.0,100800,True,controle a posteriori 7200/2880
0.1,0.3,0.0001,8,1e-06,256,2740,4500,1.4256386861313869e-12,327,327,906,2852,1,1,0.0,716,3.476328858025843e-61,1.59038091927134e-14,2.001152514653887e-30,1.59038091927134e-14,3.1807618385426803e-14,2.2311135840273777e-08,43208,True,b=b_min
0.1,0.3,0.0001,8,1e-06,256,2740,4500,1.4256386861313869e-12,2880,327,906,13164,8664,7200,16.0,2508,2.6234901450365246e-157,1.0509165120296734e-07,0.008327224736400898,1.59038091927134e-14,0.008327329828068004,1.0,100800,True,controle a posteriori 7200/2880
0.1,0.3,0.0001,8,1e-09,1,2740,4500,3.6496350364963506e-13,342,342,950,2980,1,1,0.0,700,3.476328858025843e-61,5.89247932985722e-15,1.29782618930249e-29,5.89247932985722e-15,1.1784958659714453e-14,3.22907867276176e-11,43208,True,b=b_min
0.1,0.3,0.0001,8,1e-09,1,2740,4500,3.6496350364963506e-13,2880,342,950,13245,8745,7200,16.0,2488,2.6234901450365246e-157,1.1773252986986819e-07,0.008758374948457503,5.89247932985722e-15,0.008758492680993265,1.0,100800,True,controle a posteriori 7200/2880
0.1,0.3,0.0001,8,1e-09,256,2740,4500,1.425638686131387e-15,407,407,1130,3523,1,1,0.0,635,3.476328858025843e-61,1.524331887059885e-17,4.0712523096753305e-26,1.524331887059885e-17,3.048663778191022e-17,2.1384547205743105e-11,43208,True,b=b_min
0.1,0.3,0.0001,8,1e-09,256,2740,4500,1.425638686131387e-15,2880,407,1130,13574,9074,7200,16.0,2407,2.6234901450365246e-157,2.3058137455564744e-07,0.01183437550410619,1.524331887059885e-17,0.011834606085480762,1.0,100800,True,controle a posteriori 7200/2880
0.1,0.3,0.0001,10,1e-06,1,2192,3600,4.5620437956204375e-10,259,259,718,2286,1,1,0.0,569,3.6146816252546224e-49,6.147799421476993e-12,2.177352091164642e-24,6.147799421476993e-12,1.2295598842956162e-11,2.695195266375991e-08,43210,True,b=b_min
0.1,0.3,0.0001,10,1e-06,1,2192,3600,4.5620437956204375e-10,2880,259,718,12810,9210,7200,20.0,2367,2.7279011878886752e-145,0.41305866011459635,17.643400471400604,6.147799421476993e-12,1.0,1.0,115200,True,controle a posteriori 7200/2880
0.1,0.3,0.0001,10,1e-06,256,2192,3600,1.7820483576642334e-12,324,324,899,2826,1,1,0.0,505,3.6146816252546224e-49,4.292440120351919e-14,6.46587345805776e-21,4.292440120351919e-14,8.584880887291183e-14,4.817423079665222e-08,43210,True,b=b_min
0.1,0.3,0.0001,10,1e-06,256,2192,3600,1.7820483576642334e-12,2880,324,899,13149,9549,7200,20.0,2284,2.7279011878886752e-145,0.45570909236337054,18.153591240232036,4.292440120351919e-14,1.0,1.0,115200,True,controle a posteriori 7200/2880
0.1,0.3,0.0001,10,1e-09,1,2192,3600,4.562043795620439e-13,340,340,943,2961,1,1,0.0,489,3.6146816252546224e-49,5.89247932985722e-15,4.6890317184313987e-20,5.89247932985722e-15,1.1785005550031625e-14,2.5832732165669323e-11,43210,True,b=b_min
0.1,0.3,0.0001,10,1e-09,1,2192,3600,4.562043795620439e-13,2880,340,943,13232,9632,7200,20.0,2264,2.7279011878886752e-145,0.47293769273709585,18.337889646645817,5.89247932985722e-15,1.0,1.0,115200,True,controle a posteriori 7200/2880
0.1,0.3,0.0001,10,1e-09,256,2192,3600,1.782048357664234e-15,405,405,1123,3501,1,1,0.0,428,3.6146816252546224e-49,4.1141736985535735e-17,7.981553290656125e-17,4.1141736985535735e-17,1.6209900687763272e-16,9.096218190739736e-11,43210,True,b=b_min
0.1,0.3,0.0001,10,1e-09,256,2192,3600,1.782048357664234e-15,2880,405,1123,13559,9959,7200,20.0,2185,2.7279011878886752e-145,0.5161495554165927,18.74667106638481,4.1141736985535735e-17,1.0,1.0,115200,True,controle a posteriori 7200/2880
0.1,0.3,0.0001,12,1e-06,1,1827,3000,5.473453749315818e-10,257,257,712,2270,1,1,0.0,428,3.7099624726084906e-41,6.147799421476993e-12,5.364940565159186e-18,6.147799421476993e-12,1.2295604207894551e-11,2.2464068887823345e-08,43212,True,b=b_min
0.1,0.3,0.0001,12,1e-06,1,1827,3000,5.473453749315818e-10,2880,257,712,12799,9799,7200,24.0,2217,2.7998070328912927e-137,0.9996210960956062,20.167814984645926,6.147799421476993e-12,1.0,1.0,129600,True,controle a posteriori 7200/2880
0.1,0.3,0.0001,12,1e-06,256,1827,3000,2.1380678708264913e-12,322,322,893,2810,1,1,0.0,366,3.7099624726084906e-41,4.292440120351919e-14,1.0723357917470005e-14,4.292440120351919e-14,9.657216032450839e-14,4.516795824969646e-08,43212,True,b=b_min
0.1,0.3,0.0001,12,1e-06,256,1827,3000,2.1380678708264913e-12,2880,322,893,13139,10139,7200,24.0,2135,2.7998070328912927e-137,0.9997474386226511,20.167814984645926,4.292440120351919e-14,1.0,1.0,129600,True,controle a posteriori 7200/2880
0.1,0.3,0.0001,12,1e-09,1,1827,3000,5.473453749315818e-13,338,338,937,2945,1,1,0.0,351,3.7099624726084906e-41,5.89247932985722e-15,6.98707632249799e-14,5.89247932985722e-15,8.165572188469434e-14,1.4918500388333656e-10,43212,True,b=b_min
0.1,0.3,0.0001,12,1e-09,1,1827,3000,5.473453749315818e-13,2880,338,937,13222,10222,7200,24.0,2115,2.7998070328912927e-137,0.9997859441330775,20.167814984645926,5.89247932985722e-15,1.0,1.0,129600,True,controle a posteriori 7200/2880
0.1,0.3,0.0001,12,1e-09,256,1827,3000,2.1380678708264916e-15,403,403,1117,3485,485,485,1.62,403,1.2791494291776597e-47,4.1141736985535735e-17,1.007659295528819e-15,4.1141736985535735e-17,1.0899427694998904e-15,5.097793126083327e-10,49020,True,b=b_min
0.1,0.3,0.0001,12,1e-09,256,1827,3000,2.1380678708264916e-15,2880,403,1117,13549,10549,7200,24.0,2037,2.7998070328912927e-137,0.9998595617007445,20.167814984645926,4.1141736985535735e-17,1.0,1.0,129600,True,controle a posteriori 7200/2880
0.1,0.3,0.001,6,1e-06,1,3653,6000,2.737476047084588e-10,267,267,740,2351,1,1,0.0,1148,1.0870538648645237e-80,6.7032563222572655e-12,2.142824274255091e-50,6.7032563222572655e-12,1.3406512644514531e-11,4.897399069041158e-08,43206,True,b=b_min
0.1,0.3,0.001,6,1e-06,1,3653,6000,2.737476047084588e-10,2880,267,740,12858,6858,7200,12.0,2967,3.4764745750192084e-176,6.7032563222572655e-12,3.333172124960925e-13,6.7032563222572655e-12,1.3739829857010623e-11,5.019159846765981e-08,86400,True,controle a posteriori 7200/2880
0.1,0.3,0.001,6,1e-06,256,3653,6000,1.0693265808924171e-12,332,332,921,2895,1,1,0.0,1075,1.0870538648645237e-80,1.769034903797598e-14,1.9496345357566457e-46,1.769034903797598e-14,3.538069807595196e-14,3.308689665829184e-08,43206,True,b=b_min
0.1,0.3,0.001,6,1e-06,256,3653,6000,1.0693265808924171e-12,2880,332,921,13199,7199,7200,12.0,2880,3.4764745750192084e-176,1.769034903797598e-14,5.067226103335457e-13,1.769034903797598e-14,5.421033084094977e-13,5.069576667186932e-07,86400,True,controle a posteriori 7200/2880
0.1,0.3,0.001,6,1e-09,1,3653,6000,2.737476047084588e-13,348,348,966,3028,1,1,0.0,1058,1.0870538648645237e-80,6.5762477219362014e-15,1.618582216031503e-45,6.5762477219362014e-15,1.3152495443872403e-14,4.804606585646589e-11,43206,True,b=b_min
0.1,0.3,0.001,6,1e-09,1,3653,6000,2.737476047084588e-13,2880,348,966,13281,7281,7200,12.0,2859,3.4764745750192084e-176,6.5762477219362014e-15,5.432510835456112e-13,6.5762477219362014e-15,5.564035789894837e-13,2.032542274048584e-09,86400,True,controle a posteriori 7200/2880
0.1,0.3,0.001,6,1e-09,256,3653,6000,1.0693265808924172e-15,414,414,1147,3577,1,1,0.0,989,1.0870538648645237e-80,1.7355164709272313e-17,9.924573136907001e-42,1.7355164709272313e-17,3.4710329418544626e-17,3.245998934168154e-11,43206,True,b=b_min
0.1,0.3,0.001,6,1e-09,256,3653,6000,1.0693265808924172e-15,2880,414,1147,13610,7610,7200,12.0,2776,3.4764745750192084e-176,1.7355164709272313e-17,8.246013503193375e-13,1.7355164709272313e-17,8.24636060648756e-13,7.711732555647758e-07,86400,True,controle a posteriori 7200/2880
0.1,0.3,0.001,8,1e-06,1,2740,4500,3.6496350364963504e-10,263,263,730,2321,1,1,0.0,783,8.586765811484396e-61,6.7032563222572655e-12,6.9461188549940854e-34,6.7032563222572655e-12,1.3406512644514531e-11,3.673384464596982e-08,43208,True,b=b_min
0.1,0.3,0.001,8,1e-06,1,2740,4500,3.6496350364963504e-10,2880,263,730,12840,8340,7200,16.0,2589,2.746107988769104e-156,7.25979198665825e-08,0.007252960738501244,6.7032563222572655e-12,0.0072530333431243665,1.0,100800,True,controle a posteriori 7200/2880
0.1,0.3,0.001,8,1e-06,256,2740,4500,1.4256386861313869e-12,329,329,912,2869,1,1,0.0,714,8.586765811484396e-61,1.769034903797598e-14,3.920231962416243e-30,1.769034903797598e-14,3.538069807595197e-14,2.481743685839575e-08,43208,True,b=b_min
0.1,0.3,0.001,8,1e-06,256,2740,4500,1.4256386861313869e-12,2880,329,912,13183,8683,7200,16.0,2504,2.746107988769104e-156,1.438101599477922e-07,0.009812287230199768,1.769034903797598e-14,0.009812431040377406,1.0,100800,True,controle a posteriori 7200/2880
0.1,0.3,0.001,8,1e-09,1,2740,4500,3.6496350364963506e-13,345,345,956,3002,1,1,0.0,698,8.586765811484396e-61,6.5762477219362014e-15,2.8177513865443267e-29,6.5762477219362014e-15,1.3152495443872431e-14,3.603783751621046e-11,43208,True,b=b_min
0.1,0.3,0.001,8,1e-09,1,2740,4500,3.6496350364963506e-13,2880,345,956,13264,8764,7200,16.0,2484,2.746107988769104e-156,1.6091598833101917e-07,0.010316862573569579,6.5762477219362014e-15,0.010317023489564486,1.0,100800,True,controle a posteriori 7200/2880
0.1,0.3,0.001,8,1e-09,256,2740,4500,1.425638686131387e-15,410,410,1138,3546,1,1,0.0,633,8.586765811484396e-61,1.7355164709272313e-17,8.315030612346106e-26,1.7355164709272313e-17,3.4710329501694935e-17,2.4347213525668897e-11,43208,True,b=b_min
0.1,0.3,0.001,8,1e-09,256,2740,4500,1.425638686131387e-15,2880,410,1138,13594,9094,7200,16.0,2403,2.746107988769104e-156,3.129086567648951e-07,0.013907791914792775,1.7355164709272313e-17,0.013908104823449558,1.0,100800,True,controle a posteriori 7200/2880
0.1,0.3,0.001,10,1e-06,1,2192,3600,4.5620437956204375e-10,261,261,723,2302,1,1,0.0,567,7.453783099027984e-49,6.7032563222572655e-12,3.921592989526051e-24,6.7032563222572655e-12,1.3406512644518452e-11,2.9387075716784447e-08,43210,True,b=b_min
0.1,0.3,0.001,10,1e-06,1,2192,3600,4.5620437956204375e-10,2880,261,723,12827,9227,7200,20.0,2363,2.3837721633699704e-144,0.4353345258981648,18.050716964527084,6.7032563222572655e-12,1.0,1.0,115200,True,controle a posteriori 7200/2880
0.1,0.3,0.001,10,1e-06,256,2192,3600,1.7820483576642334e-12,326,326,904,2847,1,1,0.0,502,7.453783099027984e-49,1.769034903797598e-14,1.2269536588901987e-20,1.769034903797598e-14,3.5380710345488545e-14,1.985395637179159e-08,43210,True,b=b_min
0.1,0.3,0.001,10,1e-06,256,2192,3600,1.7820483576642334e-12,2880,326,904,13170,9570,7200,20.0,2279,2.3837721633699704e-144,0.48696479016340105,18.61237423081345,1.769034903797598e-14,1.0,1.0,115200,True,controle a posteriori 7200/2880
0.1,0.3,0.001,10,1e-09,1,2192,3600,4.562043795620439e-13,342,342,949,2979,1,1,0.0,486,7.453783099027984e-49,6.5762477219362014e-15,7.86189478706596e-20,6.5762477219362014e-15,1.3152574062820274e-14,2.883044234570204e-11,43210,True,b=b_min
0.1,0.3,0.001,10,1e-09,1,2192,3600,4.562043795620439e-13,2880,342,949,13251,9651,7200,20.0,2260,2.3837721633699704e-144,0.4956126608936411,18.69788127980533,6.5762477219362014e-15,1.0,1.0,115200,True,controle a posteriori 7200/2880
0.1,0.3,0.001,10,1e-09,256,2192,3600,1.782048357664234e-15,408,408,1131,3528,1,1,0.0,424,7.453783099027984e-49,1.7355164709272313e-17,1.559217191661631e-16,1.7355164709272313e-17,1.9063204858470774e-16,1.0697355532740592e-10,43210,True,b=b_min
0.1,0.3,0.001,10,1e-09,256,2192,3600,1.782048357664234e-15,2880,408,1131,13581,9981,7200,20.0,2180,2.3837721633699704e-144,0.5473880965178808,19.13763474462825,1.7355164709272313e-17,1.0,1.0,115200,True,controle a posteriori 7200/2880
0.1,0.3,0.001,12,1e-06,1,1827,3000,5.473453749315818e-10,259,259,717,2285,1,1,0.0,426,6.782786896255986e-41,6.7032563222572655e-12,8.76641667605097e-18,6.7032563222572655e-12,1.3406521410931207e-11,2.4493714617771316e-08,43212,True,b=b_min
0.1,0.3,0.001,12,1e-06,1,1827,3000,5.473453749315818e-10,2880,259,717,12816,9816,7200,24.0,2213,2.169182867083173e-136,0.9996907490135484,20.31562105405188,6.7032563222572655e-12,1.0,1.0,129600,True,controle a posteriori 7200/2880
0.1,0.3,0.001,12,1e-06,256,1827,3000,2.1380678708264913e-12,324,324,898,2827,1,1,0.0,364,6.782786896255986e-41,4.7587691692562693e-14,1.6569231947340646e-14,4.7587691692562693e-14,1.1174461533246603e-13,5.226429752637835e-08,43212,True,b=b_min
0.1,0.3,0.001,12,1e-06,256,1827,3000,2.1380678708264913e-12,2880,324,898,13157,10157,7200,24.0,2131,2.169182867083173e-136,0.9997950610639873,20.31562105405188,4.7587691692562693e-14,1.0,1.0,129600,True,controle a posteriori 7200/2880
0.1,0.3,0.001,12,1e-09,1,1827,3000,5.473453749315818e-13,340,340,943,2962,1,1,0.0,349,6.782786896255986e-41,6.5762477219362014e-15,1.0645614448352604e-13,6.5762477219362014e-15,1.1960863992739844e-13,2.1852498514735697e-10,43212,True,b=b_min
0.1,0.3,0.001,12,1e-09,1,1827,3000,5.473453749315818e-13,2880,340,943,13241,10241,7200,24.0,2111,2.169182867083173e-136,0.9998267102285396,20.31562105405188,6.5762477219362014e-15,1.0,1.0,129600,True,controle a posteriori 7200/2880
0.1,0.3,0.001,12,1e-09,256,1827,3000,2.1380678708264916e-15,405,405,1125,3504,504,504,1.68,405,1.442403709786602e-47,4.6686033479924415e-17,1.0100726642592393e-15,4.6686033479924415e-17,1.1034447312190883e-15,5.160943421279422e-10,49248,True,b=b_min
0.1,0.3,0.001,12,1e-09,256,1827,3000,2.1380678708264916e-15,2880,405,1125,13569,10569,7200,24.0,2033,2.169182867083173e-136,0.9998869690527076,20.31562105405188,4.6686033479924415e-17,1.0,1.0,129600,True,controle a posteriori 7200/2880
0.1,0.3,0.01,6,1e-06,1,3653,6000,2.737476047084588e-10,286,286,791,2513,1,1,0.0,1121,1.9513280583756094e-75,6.073374905959142e-12,3.2983427556861174e-46,6.073374905959142e-12,1.2146749811918284e-11,4.437207706293749e-08,43206,True,b=b_min
0.1,0.3,0.01,6,1e-06,1,3653,6000,2.737476047084588e-10,2880,286,791,13034,7034,7200,12.0,2922,1.293252161627258e-164,6.073374905959142e-12,8.422080916511526e-12,6.073374905959142e-12,2.056883072842981e-11,7.513793865095409e-08,86400,True,controle a posteriori 7200/2880
0.1,0.3,0.01,6,1e-06,256,3653,6000,1.0693265808924171e-12,356,356,985,3097,1,1,0.0,1045,1.9513280583756094e-75,1.9537050529766577e-14,2.782523931796089e-42,1.9537050529766577e-14,3.907410105953315e-14,3.65408489396415e-08,43206,True,b=b_min
0.1,0.3,0.01,6,1e-06,256,3653,6000,1.0693265808924171e-12,2880,356,985,13391,7391,7200,12.0,2831,1.293252161627258e-164,1.9537050529766577e-14,1.2496670454495212e-11,1.9537050529766577e-14,1.2535744555554746e-11,1.1723027164529021e-05,86400,True,controle a posteriori 7200/2880
0.1,0.3,0.01,6,1e-09,1,3653,6000,2.737476047084588e-13,373,373,1033,3241,1,1,0.0,1027,1.9513280583756094e-75,2.884044581578091e-15,2.4910017648355413e-41,2.884044581578091e-15,5.768089163156182e-15,2.1070829713009534e-11,43206,True,b=b_min
0.1,0.3,0.01,6,1e-09,1,3653,6000,2.737476047084588e-13,2880,373,1033,13478,7478,7200,12.0,2810,1.293252161627258e-164,2.884044581578091e-15,1.4249961413033201e-11,2.884044581578091e-15,1.4255729502196358e-11,5.2076179871523294e-08,86400,True,controle a posteriori 7200/2880
0.1,0.3,0.01,6,1e-09,256,3653,6000,1.0693265808924172e-15,443,443,1228,3821,1,1,0.0,955,1.9513280583756094e-75,2.414678935936182e-17,1.1290425474901383e-37,2.414678935936182e-17,4.829357871872364e-17,4.5162609423231344e-11,43206,True,b=b_min
0.1,0.3,0.01,6,1e-09,256,3653,6000,1.0693265808924172e-15,2880,443,1228,13820,7820,7200,12.0,2725,1.293252161627258e-164,2.414678935936182e-17,1.9776949096702152e-11,2.414678935936182e-17,1.977699739028087e-11,1.849481509547418e-05,86400,True,controle a posteriori 7200/2880
0.1,0.3,0.01,8,1e-06,1,2740,4500,3.6496350364963504e-10,282,282,781,2482,1,1,0.0,759,7.443819883415674e-57,6.073374905959142e-12,9.19353238062287e-31,6.073374905959142e-12,1.2146749811918284e-11,3.3282094484656096e-08,43208,True,b=b_min
0.1,0.3,0.01,8,1e-06,1,2740,4500,3.6496350364963504e-10,2880,282,781,13016,8516,7200,16.0,2547,4.933427833249537e-146,1.6668316352837134e-06,0.03720176363794514,6.073374905959142e-12,0.037203430475653804,1.0,100800,True,controle a posteriori 7200/2880
0.1,0.3,0.01,8,1e-06,256,2740,4500,1.4256386861313869e-12,352,352,975,3066,1,1,0.0,688,7.443819883415674e-57,1.9537050529766577e-14,4.304711669720245e-27,1.9537050529766577e-14,3.907410105953746e-14,2.7408137447201954e-08,43208,True,b=b_min
0.1,0.3,0.01,8,1e-06,256,2740,4500,1.4256386861313869e-12,2880,352,975,13374,8874,7200,16.0,2459,4.933427833249537e-146,3.0656302247679763e-06,0.04917295932611089,1.9537050529766577e-14,0.049176024956355195,1.0,100800,True,controle a posteriori 7200/2880
0.1,0.3,0.01,8,1e-09,1,2740,4500,3.6496350364963506e-13,369,369,1022,3207,1,1,0.0,671,7.443819883415674e-57,7.506378935305003e-15,2.9825011329472784e-26,7.506378935305003e-15,1.501275787063983e-14,4.113495656555313e-11,43208,True,b=b_min
0.1,0.3,0.01,8,1e-09,1,2740,4500,3.6496350364963506e-13,2880,369,1022,13459,8959,7200,16.0,2438,4.933427833249537e-146,3.38809138205503e-06,0.05149376870834426,7.506378935305003e-15,0.05149715679973382,1.0,100800,True,controle a posteriori 7200/2880
0.1,0.3,0.01,8,1e-09,256,2740,4500,1.425638686131387e-15,440,440,1218,3794,1,1,0.0,603,7.443819883415674e-57,2.414678935936182e-17,9.131075647884779e-23,2.414678935936182e-17,4.829367002948012e-17,3.3875111905478536e-11,43208,True,b=b_min
0.1,0.3,0.01,8,1e-09,256,2740,4500,1.425638686131387e-15,2880,440,1218,13803,9303,7200,16.0,2355,4.933427833249537e-146,6.1172869021932065e-06,0.06779890847837662,2.414678935936182e-17,0.06780502576527885,1.0,100800,True,controle a posteriori 7200/2880
0.1,0.3,0.01,10,1e-06,1,2192,3600,4.5620437956204375e-10,279,279,773,2459,1,1,0.0,546,1.0487577811752167e-45,6.073374905959142e-12,1.0678186323625887e-21,6.073374905959142e-12,1.2146749812986102e-11,2.6625675590065533e-08,43210,True,b=b_min
0.1,0.3,0.01,10,1e-06,1,2192,3600,4.5620437956204375e-10,2880,279,773,13002,9402,7200,20.0,2324,6.950693204592575e-135,0.6659832488813048,21.343089160427127,6.073374905959142e-12,1.0,1.0,115200,True,controle a posteriori 7200/2880
0.1,0.3,0.01,10,1e-06,256,2192,3600,1.7820483576642334e-12,349,349,967,3042,1,1,0.0,478,1.0487577811752167e-45,1.9537050529766577e-14,3.131792353951717e-18,1.9537050529766577e-14,3.907723285188711e-14,2.1928267369302155e-08,43210,True,b=b_min
0.1,0.3,0.01,10,1e-06,256,2192,3600,1.7820483576642334e-12,2880,349,967,13360,9760,7200,20.0,2237,6.950693204592575e-135,0.711950368677418,21.530383593014676,1.9537050529766577e-14,1.0,1.0,115200,True,controle a posteriori 7200/2880
0.1,0.3,0.01,10,1e-09,1,2192,3600,4.562043795620439e-13,366,366,1015,3183,1,1,0.0,462,1.0487577811752167e-45,7.506378935305003e-15,1.934458688792303e-17,7.506378935305003e-15,1.5032102457497926e-14,3.295036858683545e-11,43210,True,b=b_min
0.1,0.3,0.01,10,1e-09,1,2192,3600,4.562043795620439e-13,2880,366,1015,13445,9845,7200,20.0,2217,6.950693204592575e-135,0.7193100767560962,21.553199489148753,7.506378935305003e-15,1.0,1.0,115200,True,controle a posteriori 7200/2880
0.1,0.3,0.01,10,1e-09,256,2192,3600,1.782048357664234e-15,437,437,1210,3770,170,170,0.47,437,8.455969520353485e-48,2.414678935936182e-17,8.64534935138205e-16,2.414678935936182e-17,9.128285138569289e-16,5.122355462078433e-10,44900,True,b=b_min
0.1,0.3,0.01,10,1e-09,256,2192,3600,1.782048357664234e-15,2880,437,1210,13790,10190,7200,20.0,2135,6.950693204592575e-135,0.761448666219228,21.678665561466865,2.414678935936182e-17,1.0,1.0,115200,True,controle a posteriori 7200/2880
0.1,0.3,0.01,12,1e-06,1,1827,3000,5.473453749315818e-10,277,277,767,2442,1,1,0.0,406,2.8396278226461404e-38,6.073374905959142e-12,9.03553098945441e-16,6.073374905959142e-12,1.214765336501723e-11,2.219376269788648e-08,43212,True,b=b_min
0.1,0.3,0.01,12,1e-06,1,1827,3000,5.473453749315818e-10,2880,277,767,12990,9990,7200,24.0,2175,1.8819771509415445e-127,0.9999686857117247,21.8737274513753,6.073374905959142e-12,1.0,1.0,129600,True,controle a posteriori 7200/2880
0.1,0.3,0.01,12,1e-06,256,1827,3000,2.1380678708264913e-12,347,347,961,3022,22,22,0.07,347,1.559986732696996e-38,5.0849596948457705e-14,1.0041228496104838e-12,5.0849596948457705e-14,1.1058220435073992e-12,5.172062396129327e-07,43464,True,b=b_min
0.1,0.3,0.01,12,1e-06,256,1827,3000,2.1380678708264913e-12,2880,347,961,13347,10347,7200,24.0,2090,1.8819771509415445e-127,0.9999804764598669,21.8737274513753,5.0849596948457705e-14,1.0,1.0,129600,True,controle a posteriori 7200/2880
0.1,0.3,0.01,12,1e-09,1,1827,3000,5.473453749315818e-13,364,364,1008,3166,166,166,0.55,364,2.5662573745847105e-40,7.506378935305003e-15,2.620489112059498e-13,7.506378935305003e-15,2.7706166907655983e-13,5.061916694028748e-10,45192,True,b=b_min
0.1,0.3,0.01,12,1e-09,1,1827,3000,5.473453749315818e-13,2880,364,1008,13434,10434,7200,24.0,2070,1.8819771509415445e-127,0.9999838901502626,21.8737274513753,7.506378935305003e-15,1.0,1.0,129600,True,controle a posteriori 7200/2880
0.1,0.3,0.01,12,1e-09,256,1827,3000,2.1380678708264916e-15,435,435,1203,3753,753,753,2.51,435,1.3732618395517965e-47,2.414678935936182e-17,1.0373604837803134e-15,2.414678935936182e-17,1.0856540624990373e-15,5.077734328795497e-10,52236,True,b=b_min
0.1,0.3,0.01,12,1e-09,256,1827,3000,2.1380678708264916e-15,2880,435,1203,13779,10779,7200,24.0,1989,1.8819771509415445e-127,0.9999910482633022,21.8737274513753,2.414678935936182e-17,1.0,1.0,129600,True,controle a posteriori 7200/2880
0.1,0.4,0.0,6,1e-06,1,3653,6000,2.737476047084588e-10,159,159,360,1135,1,1,0.0,1751,4.3173310677346354e-164,2.07800928566382e-12,3.21516543158827e-118,2.07800928566382e-12,4.15601857132764e-12,1.518193584105987e-08,43206,True,b=b_min
0.1,0.4,0.0,6,1e-06,1,3653,6000,2.737476047084588e-10,2880,159,360,9317,3317,7200,12.0,4215,0.0,2.07800928566382e-12,3.731256154757799e-73,2.07800928566382e-12,4.15601857132764e-12,1.518193584105987e-08,86400,True,controle a posteriori 7200/2880
0.1,0.4,0.0,6,1e-06,256,3653,6000,1.0693265808924171e-12,199,199,448,1403,1,1,0.0,1691,4.3173310677346354e-164,1.2371930760744236e-14,1.0310448797391393e-113,1.2371930760744236e-14,2.4743861521488473e-14,2.313966749132733e-08,43206,True,b=b_min
0.1,0.4,0.0,6,1e-06,256,3653,6000,1.0693265808924171e-12,2880,199,448,9515,3515,7200,12.0,4141,0.0,1.2371930760744236e-14,6.293981825023215e-73,1.2371930760744236e-14,2.4743861521488473e-14,2.313966749132733e-08,86400,True,controle a posteriori 7200/2880
0.1,0.4,0.0,6,1e-09,1,3653,6000,2.737476047084588e-13,208,208,470,1466,1,1,0.0,1677,4.3173310677346354e-164,3.436647433540065e-15,1.0106272211289614e-112,3.436647433540065e-15,6.87329486708013e-15,2.5108146149443713e-11,43206,True,b=b_min
0.1,0.4,0.0,6,1e-09,1,3653,6000,2.737476047084588e-13,2880,208,470,9562,3562,7200,12.0,4123,0.0,3.436647433540065e-15,7.172839803892441e-73,3.436647433540065e-15,6.87329486708013e-15,2.5108146149443713e-11,86400,True,controle a posteriori 7200/2880
0.1,0.4,0.0,6,1e-09,256,3653,6000,1.0693265808924172e-15,248,248,559,1735,1,1,0.0,1620,4.3173310677346354e-164,2.046091150322492e-17,1.7945330253180027e-108,2.046091150322492e-17,4.092182300644984e-17,3.826877937729568e-11,43206,True,b=b_min
0.1,0.4,0.0,6,1e-09,256,3653,6000,1.0693265808924172e-15,2880,248,559,9751,3751,7200,12.0,4053,0.0,2.046091150322492e-17,1.210303135093771e-72,2.046091150322492e-17,4.092182300644984e-17,3.826877937729568e-11,86400,True,controle a posteriori 7200/2880
0.1,0.4,0.0,8,1e-06,1,2740,4500,3.6496350364963504e-10,157,157,355,1119,1,1,0.0,1251,2.3288007097732592e-123,7.480833428389754e-12,2.0301358677374213e-84,7.480833428389754e-12,1.4961666856779508e-11,4.0994967187575853e-08,43208,True,b=b_min
0.1,0.4,0.0,8,1e-06,1,2740,4500,3.6496350364963504e-10,2880,157,355,9305,4805,7200,16.0,3702,7.60476e-319,7.480833428389754e-12,6.087602526014459e-47,7.480833428389754e-12,1.4961666856779508e-11,4.0994967187575853e-08,100800,True,controle a posteriori 7200/2880
0.1,0.4,0.0,8,1e-06,256,2740,4500,1.4256386861313869e-12,197,197,444,1390,1,1,0.0,1194,2.3288007097732592e-123,1.2371930760744236e-14,4.103999740922706e-80,1.2371930760744236e-14,2.4743861521488473e-14,1.7356334225632875e-08,43208,True,b=b_min
0.1,0.4,0.0,8,1e-06,256,2740,4500,1.4256386861313869e-12,2880,197,444,9505,5005,7200,16.0,3629,7.60476e-319,1.2371930760744236e-14,1.1080660224222361e-46,1.2371930760744236e-14,2.4743861521488473e-14,1.7356334225632875e-08,100800,True,controle a posteriori 7200/2880
0.1,0.4,0.0,8,1e-09,1,2740,4500,3.6496350364963506e-13,206,206,466,1453,1,1,0.0,1181,2.3288007097732592e-123,3.436647433540065e-15,3.459202493637651e-79,3.436647433540065e-15,6.87329486708013e-15,1.8832827935799555e-11,43208,True,b=b_min
0.1,0.4,0.0,8,1e-09,1,2740,4500,3.6496350364963506e-13,2880,206,466,9553,5053,7200,16.0,3612,7.60476e-319,3.436647433540065e-15,1.248741316102806e-46,3.436647433540065e-15,6.87329486708013e-15,1.8832827935799555e-11,100800,True,controle a posteriori 7200/2880
0.1,0.4,0.0,8,1e-09,256,2740,4500,1.425638686131387e-15,246,246,554,1722,1,1,0.0,1128,2.3288007097732592e-123,2.046091150322492e-17,3.1724578988645613e-75,2.046091150322492e-17,4.092182300644984e-17,2.8704203529644177e-11,43208,True,b=b_min
0.1,0.4,0.0,8,1e-09,256,2740,4500,1.425638686131387e-15,2880,246,554,9742,5242,7200,16.0,3545,7.60476e-319,2.046091150322492e-17,2.014521231655517e-46,2.046091150322492e-17,4.092182300644984e-17,2.8704203529644177e-11,100800,True,controle a posteriori 7200/2880
0.1,0.4,0.0,10,1e-06,1,2192,3600,4.5620437956204375e-10,156,156,352,1111,1,1,0.0,954,6.401511172527277e-99,7.480833428389754e-12,2.940802061736494e-64,7.480833428389754e-12,1.4961666856779508e-11,3.2795973750060684e-08,43210,True,b=b_min
0.1,0.4,0.0,10,1e-06,1,2192,3600,4.5620437956204375e-10,2880,156,352,9297,5697,7200,20.0,3395,2.0904301237372912e-294,7.480833428389754e-12,3.668714277817212e-32,7.480833428389754e-12,1.4961666856779508e-11,3.2795973750060684e-08,115200,True,controle a posteriori 7200/2880
0.1,0.4,0.0,10,1e-06,256,2192,3600,1.7820483576642334e-12,195,195,440,1376,1,1,0.0,901,6.401511172527277e-99,4.453895073867925e-14,2.3347802807978442e-60,4.453895073867925e-14,8.90779014773585e-14,4.998624256982268e-08,43210,True,b=b_min
0.1,0.4,0.0,10,1e-06,256,2192,3600,1.7820483576642334e-12,2880,195,440,9496,5896,7200,20.0,3325,2.0904301237372912e-294,4.453895073867925e-14,5.70948592835016e-32,4.453895073867925e-14,8.90779014773585e-14,4.998624256982268e-08,115200,True,controle a posteriori 7200/2880
0.1,0.4,0.0,10,1e-09,1,2192,3600,4.562043795620439e-13,205,205,462,1445,1,1,0.0,887,6.401511172527277e-99,3.436647433540065e-15,2.637490962790722e-59,3.436647433540065e-15,6.87329486708013e-15,1.5066262348639645e-11,43210,True,b=b_min
0.1,0.4,0.0,10,1e-09,1,2192,3600,4.562043795620439e-13,2880,205,462,9545,5945,7200,20.0,3307,2.0904301237372912e-294,3.436647433540065e-15,7.123541909226703e-32,3.436647433540065e-15,6.87329486708013e-15,1.5066262348639645e-11,115200,True,controle a posteriori 7200/2880
0.1,0.4,0.0,10,1e-09,256,2192,3600,1.782048357664234e-15,244,244,551,1710,1,1,0.0,837,6.401511172527277e-99,2.046091150322492e-17,1.2125049903510573e-55,2.046091150322492e-17,4.092182300644984e-17,2.2963362823715342e-11,43210,True,b=b_min
0.1,0.4,0.0,10,1e-09,256,2192,3600,1.782048357664234e-15,2880,244,551,9735,6135,7200,20.0,3241,2.0904301237372912e-294,2.046091150322492e-17,1.1073278220458744e-31,2.046091150322492e-17,4.092182300644995e-17,2.2963362823715404e-11,115200,True,controle a posteriori 7200/2880
0.1,0.4,0.0,12,1e-06,1,1827,3000,5.473453749315818e-10,155,155,349,1103,1,1,0.0,758,1.2561725428868437e-82,7.480833428389754e-12,5.603192439239889e-51,7.480833428389754e-12,1.4961666856779508e-11,2.7334965347336162e-08,43212,True,b=b_min
0.1,0.4,0.0,12,1e-06,1,1827,3000,5.473453749315818e-10,2880,155,349,9291,6291,7200,24.0,3191,4.1020641118804003e-278,7.480833428389754e-12,6.523211962502954e-23,7.480833428389754e-12,1.4961666856844742e-11,2.7334965347455345e-08,129600,True,controle a posteriori 7200/2880
0.1,0.4,0.0,12,1e-06,256,1827,3000,2.1380678708264913e-12,194,194,437,1368,1,1,0.0,707,1.2561725428868437e-82,4.453895073867925e-14,3.001220390580648e-47,4.453895073867925e-14,8.90779014773585e-14,4.16628034557783e-08,43212,True,b=b_min
0.1,0.4,0.0,12,1e-06,256,1827,3000,2.1380678708264913e-12,2880,194,437,9490,6490,7200,24.0,3122,4.1020641118804003e-278,4.453895073867925e-14,9.826477883665956e-23,4.453895073867925e-14,8.907790157562329e-14,4.1662803501737916e-08,129600,True,controle a posteriori 7200/2880
0.1,0.4,0.0,12,1e-09,1,1827,3000,5.473453749315818e-13,203,203,459,1432,1,1,0.0,695,1.2561725428868437e-82,1.2371930760744236e-14,2.0677861458940968e-46,1.2371930760744236e-14,2.4743861521488473e-14,4.520703499975944e-11,43212,True,b=b_min
0.1,0.4,0.0,12,1e-09,1,1827,3000,5.473453749315818e-13,2880,203,459,9538,6538,7200,24.0,3105,4.1020641118804003e-278,1.2371930760744236e-14,1.0885335387428051e-22,1.2371930760744236e-14,2.4743861630341827e-14,4.520703519863452e-11,129600,True,controle a posteriori 7200/2880
0.1,0.4,0.0,12,1e-09,256,1827,3000,2.1380678708264916e-15,243,243,548,1703,1,1,0.0,646,1.2561725428868437e-82,2.046091150322492e-17,9.444217661399955e-43,2.046091150322492e-17,4.092182300644984e-17,1.913962768199267e-11,43212,True,b=b_min
0.1,0.4,0.0,12,1e-09,256,1827,3000,2.1380678708264916e-15,2880,243,548,9729,6729,7200,24.0,3039,4.1020641118804003e-278,2.046091150322492e-17,1.8142022412106024e-22,2.046091150322492e-17,4.092200442667396e-17,1.9139712534408533e-11,129600,True,controle a posteriori 7200/2880
0.1,0.4,1e-06,6,1e-06,1,3653,6000,2.737476047084588e-10,159,159,360,1135,1,1,0.0,1751,4.328234896307616e-164,2.078210030795691e-12,3.220537788470123e-118,2.078210030795691e-12,4.156420061591382e-12,1.5183402484993318e-08,43206,True,b=b_min
0.1,0.4,1e-06,6,1e-06,1,3653,6000,2.737476047084588e-10,2880,159,360,9317,3317,7200,12.0,4215,0.0,2.078210030795691e-12,3.735841388323298e-73,2.078210030795691e-12,4.156420061591382e-12,1.5183402484993318e-08,86400,True,controle a posteriori 7200/2880
0.1,0.4,1e-06,6,1e-06,256,3653,6000,1.0693265808924171e-12,199,199,448,1403,1,1,0.0,1691,4.328234896307616e-164,1.2373353612744508e-14,1.0326542166665226e-113,1.2373353612744508e-14,2.4746707225489016e-14,2.314232870264611e-08,43206,True,b=b_min
0.1,0.4,1e-06,6,1e-06,256,3653,6000,1.0693265808924171e-12,2880,199,448,9515,3515,7200,12.0,4141,0.0,1.2373353612744508e-14,6.301658734065967e-73,1.2373353612744508e-14,2.4746707225489016e-14,2.314232870264611e-08,86400,True,controle a posteriori 7200/2880
0.1,0.4,1e-06,6,1e-09,1,3653,6000,2.737476047084588e-13,208,208,470,1466,1,1,0.0,1677,4.328234896307616e-164,3.4370584806189014e-15,1.012220645240597e-112,3.4370584806189014e-15,6.874116961237803e-15,2.5111149259401693e-11,43206,True,b=b_min
0.1,0.4,1e-06,6,1e-09,1,3653,6000,2.737476047084588e-13,2880,208,470,9562,3562,7200,12.0,4123,0.0,3.4370584806189014e-15,7.181590123666656e-73,3.4370584806189014e-15,6.874116961237803e-15,2.5111149259401693e-11,86400,True,controle a posteriori 7200/2880
0.1,0.4,1e-06,6,1e-09,256,3653,6000,1.0693265808924172e-15,248,248,559,1735,1,1,0.0,1620,4.328234896307616e-164,2.046373530017908e-17,1.797225161926404e-108,2.046373530017908e-17,4.092747060035816e-17,3.827406082639574e-11,43206,True,b=b_min
0.1,0.4,1e-06,6,1e-09,256,3653,6000,1.0693265808924172e-15,2880,248,559,9751,3751,7200,12.0,4053,0.0,2.046373530017908e-17,1.2117806273709924e-72,2.046373530017908e-17,4.092747060035816e-17,3.827406082639574e-11,86400,True,controle a posteriori 7200/2880
0.1,0.4,1e-06,8,1e-06,1,2740,4500,3.6496350364963504e-10,157,157,355,1119,1,1,0.0,1251,2.3332117885915323e-123,7.48152169583027e-12,2.0325131720125166e-84,7.48152169583027e-12,1.496304339166054e-11,4.0998738893149886e-08,43208,True,b=b_min
0.1,0.4,1e-06,8,1e-06,1,2740,4500,3.6496350364963504e-10,2880,157,355,9305,4805,7200,16.0,3702,7.64226e-319,7.48152169583027e-12,6.092872320247238e-47,7.48152169583027e-12,1.496304339166054e-11,4.0998738893149886e-08,100800,True,controle a posteriori 7200/2880
0.1,0.4,1e-06,8,1e-06,256,2740,4500,1.4256386861313869e-12,197,197,444,1390,1,1,0.0,1194,2.3332117885915323e-123,1.2373353612744508e-14,4.108662736207948e-80,1.2373353612744508e-14,2.4746707225489016e-14,1.7358330316247015e-08,43208,True,b=b_min
0.1,0.4,1e-06,8,1e-06,256,2740,4500,1.4256386861313869e-12,2880,197,444,9505,5005,7200,16.0,3629,7.64226e-319,1.2373353612744508e-14,1.1090300973752195e-46,1.2373353612744508e-14,2.4746707225489016e-14,1.7358330316247015e-08,100800,True,controle a posteriori 7200/2880
0.1,0.4,1e-06,8,1e-09,1,2740,4500,3.6496350364963506e-13,206,206,466,1453,1,1,0.0,1181,2.3332117885915323e-123,3.4370584806189014e-15,3.463081307586329e-79,3.4370584806189014e-15,6.874116961237803e-15,1.883508047379158e-11,43208,True,b=b_min
0.1,0.4,1e-06,8,1e-09,1,2740,4500,3.6496350364963506e-13,2880,206,466,9553,5053,7200,16.0,3612,7.64226e-319,3.4370584806189014e-15,1.2498254713804428e-46,3.4370584806189014e-15,6.874116961237803e-15,1.883508047379158e-11,100800,True,controle a posteriori 7200/2880
0.1,0.4,1e-06,8,1e-09,256,2740,4500,1.425638686131387e-15,246,246,554,1722,1,1,0.0,1128,2.3332117885915323e-123,2.046373530017908e-17,3.1757661113059927e-75,2.046373530017908e-17,4.092747060035816e-17,2.870816497791523e-11,43208,True,b=b_min
0.1,0.4,1e-06,8,1e-09,256,2740,4500,1.425638686131387e-15,2880,246,554,9742,5242,7200,16.0,3545,7.64226e-319,2.046373530017908e-17,2.016255185433398e-46,2.046373530017908e-17,4.092747060035816e-17,2.870816497791523e-11,100800,True,controle a posteriori 7200/2880
0.1,0.4,1e-06,10,1e-06,1,2192,3600,4.5620437956204375e-10,156,156,352,1111,1,1,0.0,954,6.41121241308045e-99,7.48152169583027e-12,2.943496299137316e-64,7.48152169583027e-12,1.496304339166054e-11,3.279899111451991e-08,43210,True,b=b_min
0.1,0.4,1e-06,10,1e-06,1,2192,3600,4.5620437956204375e-10,2880,156,352,9297,5697,7200,20.0,3395,2.0999384403933298e-294,7.48152169583027e-12,3.6711594213347883e-32,7.48152169583027e-12,1.496304339166054e-11,3.279899111451991e-08,115200,True,controle a posteriori 7200/2880
0.1,0.4,1e-06,10,1e-06,256,2192,3600,1.7820483576642334e-12,195,195,440,1376,1,1,0.0,901,6.41121241308045e-99,4.454386810388205e-14,2.3367670415845563e-60,4.454386810388205e-14,8.90877362077641e-14,4.999176134845924e-08,43210,True,b=b_min
0.1,0.4,1e-06,10,1e-06,256,2192,3600,1.7820483576642334e-12,2880,195,440,9496,5896,7200,20.0,3325,2.0999384403933298e-294,4.454386810388205e-14,5.713281742218691e-32,4.454386810388205e-14,8.90877362077641e-14,4.999176134845924e-08,115200,True,controle a posteriori 7200/2880
0.1,0.4,1e-06,10,1e-09,1,2192,3600,4.562043795620439e-13,205,205,462,1445,1,1,0.0,887,6.41121241308045e-99,3.4370584806189014e-15,2.6397165207238157e-59,3.4370584806189014e-15,6.874116961237803e-15,1.5068064379033262e-11,43210,True,b=b_min
0.1,0.4,1e-06,10,1e-09,1,2192,3600,4.562043795620439e-13,2880,205,462,9545,5945,7200,20.0,3307,2.0999384403933298e-294,3.4370584806189014e-15,7.128222875544431e-32,3.4370584806189014e-15,6.874116961237803e-15,1.5068064379033262e-11,115200,True,controle a posteriori 7200/2880
0.1,0.4,1e-06,10,1e-09,256,2192,3600,1.782048357664234e-15,244,244,551,1710,1,1,0.0,837,6.41121241308045e-99,2.046373530017908e-17,1.2134506016667435e-55,2.046373530017908e-17,4.092747060035816e-17,2.2966531982332182e-11,43210,True,b=b_min
0.1,0.4,1e-06,10,1e-09,256,2192,3600,1.782048357664234e-15,2880,244,551,9735,6135,7200,20.0,3241,2.0999384403933298e-294,2.046373530017908e-17,1.1080533575666734e-31,2.046373530017908e-17,4.092747060035827e-17,2.2966531982332243e-11,115200,True,controle a posteriori 7200/2880
0.1,0.4,1e-06,12,1e-06,1,1827,3000,5.473453749315818e-10,155,155,349,1103,1,1,0.0,758,1.2577591976505102e-82,7.48152169583027e-12,5.607166059217003e-51,7.48152169583027e-12,1.496304339166054e-11,2.7337480276563807e-08,43212,True,b=b_min
0.1,0.4,1e-06,12,1e-06,1,1827,3000,5.473453749315818e-10,2880,155,349,9291,6291,7200,24.0,3191,4.119683950130862e-278,7.48152169583027e-12,6.526678979794996e-23,7.48152169583027e-12,1.4963043391725808e-11,2.733748027668305e-08,129600,True,controle a posteriori 7200/2880
0.1,0.4,1e-06,12,1e-06,256,1827,3000,2.1380678708264913e-12,194,194,437,1368,1,1,0.0,707,1.2577591976505102e-82,4.454386810388205e-14,3.0032556800108202e-47,4.454386810388205e-14,8.90877362077641e-14,4.166740327720576e-08,43212,True,b=b_min
0.1,0.4,1e-06,12,1e-06,256,1827,3000,2.1380678708264913e-12,2880,194,437,9490,6490,7200,24.0,3122,4.119683950130862e-278,4.454386810388205e-14,9.831744136103006e-23,4.454386810388205e-14,8.908773630608153e-14,4.1667403323190005e-08,129600,True,controle a posteriori 7200/2880
0.1,0.4,1e-06,12,1e-09,1,1827,3000,5.473453749315818e-13,203,203,459,1432,1,1,0.0,695,1.2577591976505102e-82,1.2373353612744508e-14,2.0691349299823296e-46,1.2373353612744508e-14,2.4746707225489016e-14,4.5212234100968433e-11,43212,True,b=b_min
0.1,0.4,1e-06,12,1e-09,1,1827,3000,5.473453749315818e-13,2880,203,459,9538,6538,7200,24.0,3105,4.119683950130862e-278,1.2373353612744508e-14,1.0891111570359084e-22,1.2373353612744508e-14,2.4746707334400133e-14,4.521223429994904e-11,129600,True,controle a posteriori 7200/2880
0.1,0.4,1e-06,12,1e-09,256,1827,3000,2.1380678708264916e-15,243,243,548,1703,1,1,0.0,646,1.2577591976505102e-82,2.046373530017908e-17,9.450001101895029e-43,2.046373530017908e-17,4.092747060035816e-17,1.9142269129434717e-11,43212,True,b=b_min
0.1,0.4,1e-06,12,1e-09,256,1827,3000,2.1380678708264916e-15,2880,243,548,9729,6729,7200,24.0,3039,4.119683950130862e-278,2.046373530017908e-17,1.8151628783122597e-22,2.046373530017908e-17,4.092765211664599e-17,1.9142354026780728e-11,129600,True,controle a posteriori 7200/2880
0.1,0.4,0.0001,6,1e-06,1,3653,6000,2.737476047084588e-10,160,160,360,1139,1,1,0.0,1751,6.407216427842137e-164,2.098177489463396e-12,5.256866026721564e-118,2.098177489463396e-12,4.196354978926792e-12,1.532928473801957e-08,43206,True,b=b_min
0.1,0.4,0.0001,6,1e-06,1,3653,6000,2.737476047084588e-10,2880,160,360,9318,3318,7200,12.0,4214,0.0,2.098177489463396e-12,4.387290304381557e-73,2.098177489463396e-12,4.196354978926792e-12,1.532928473801957e-08,86400,True,controle a posteriori 7200/2880
0.1,0.4,0.0001,6,1e-06,256,3653,6000,1.0693265808924171e-12,199,199,449,1404,1,1,0.0,1691,6.407216427842137e-164,1.2515010498492014e-14,1.3083491093697758e-113,1.2515010498492014e-14,2.5030020996984028e-14,2.340727467570756e-08,43206,True,b=b_min
0.1,0.4,0.0001,6,1e-06,256,3653,6000,1.0693265808924171e-12,2880,199,449,9516,3516,7200,12.0,4140,0.0,1.2515010498492014e-14,7.404398876340731e-73,1.2515010498492014e-14,2.5030020996984028e-14,2.340727467570756e-08,86400,True,controle a posteriori 7200/2880
0.1,0.4,0.0001,6,1e-09,1,3653,6000,2.737476047084588e-13,209,209,471,1470,1,1,0.0,1677,6.407216427842137e-164,3.4779911052970485e-15,1.6089959193734928e-112,3.4779911052970485e-15,6.955982210594097e-15,2.5410203015300237e-11,43206,True,b=b_min
0.1,0.4,0.0001,6,1e-09,1,3653,6000,2.737476047084588e-13,2880,209,471,9564,3564,7200,12.0,4122,0.0,3.4779911052970485e-15,8.436273462069361e-73,3.4779911052970485e-15,6.955982210594097e-15,2.5410203015300237e-11,86400,True,controle a posteriori 7200/2880
0.1,0.4,0.0001,6,1e-09,256,3653,6000,1.0693265808924172e-15,248,248,559,1736,1,1,0.0,1620,6.407216427842137e-164,2.074519215606796e-17,2.2536596867859328e-108,2.074519215606796e-17,4.149038431213592e-17,3.880047971641153e-11,43206,True,b=b_min
0.1,0.4,0.0001,6,1e-09,256,3653,6000,1.0693265808924172e-15,2880,248,559,9753,3753,7200,12.0,4052,0.0,2.074519215606796e-17,1.422123633675199e-72,2.074519215606796e-17,4.149038431213592e-17,3.880047971641153e-11,86400,True,controle a posteriori 7200/2880
0.1,0.4,0.0001,8,1e-06,1,2740,4500,3.6496350364963504e-10,158,158,355,1123,1,1,0.0,1251,3.125586195223955e-123,7.549965630545024e-12,3.043922369754346e-84,7.549965630545024e-12,1.5099931261090048e-11,4.137381165538673e-08,43208,True,b=b_min
0.1,0.4,0.0001,8,1e-06,1,2740,4500,3.6496350364963504e-10,2880,158,355,9306,4806,7200,16.0,3701,1.65348e-318,7.549965630545024e-12,6.792155383626068e-47,7.549965630545024e-12,1.5099931261090048e-11,4.137381165538673e-08,100800,True,controle a posteriori 7200/2880
0.1,0.4,0.0001,8,1e-06,256,2740,4500,1.4256386861313869e-12,197,197,444,1391,1,1,0.0,1194,3.125586195223955e-123,1.2515010498492014e-14,4.848560966432561e-80,1.2515010498492014e-14,2.5030020996984028e-14,1.7557057928124478e-08,43208,True,b=b_min
0.1,0.4,0.0001,8,1e-06,256,2740,4500,1.4256386861313869e-12,2880,197,444,9507,5007,7200,16.0,3629,1.65348e-318,1.2515010498492014e-14,1.2356696060241852e-46,1.2515010498492014e-14,2.5030020996984028e-14,1.7557057928124478e-08,100800,True,controle a posteriori 7200/2880
0.1,0.4,0.0001,8,1e-09,1,2740,4500,3.6496350364963506e-13,206,206,466,1454,1,1,0.0,1181,3.125586195223955e-123,3.4779911052970485e-15,4.0811595163398275e-79,3.4779911052970485e-15,6.955982210594097e-15,1.9059391257027826e-11,43208,True,b=b_min
0.1,0.4,0.0001,8,1e-09,1,2740,4500,3.6496350364963506e-13,2880,206,466,9554,5054,7200,16.0,3612,1.65348e-318,3.4779911052970485e-15,1.3924146159099198e-46,3.4779911052970485e-15,6.955982210594097e-15,1.9059391257027826e-11,100800,True,controle a posteriori 7200/2880
0.1,0.4,0.0001,8,1e-09,256,2740,4500,1.425638686131387e-15,246,246,555,1722,1,1,0.0,1128,3.125586195223955e-123,2.074519215606796e-17,3.7033390973347623e-75,2.074519215606796e-17,4.149038431213592e-17,2.910301517190462e-11,43208,True,b=b_min
0.1,0.4,0.0001,8,1e-09,256,2740,4500,1.425638686131387e-15,2880,246,555,9744,5244,7200,16.0,3544,1.65348e-318,2.074519215606796e-17,2.2454468730185164e-46,2.074519215606796e-17,4.149038431213592e-17,2.910301517190462e-11,100800,True,controle a posteriori 7200/2880
0.1,0.4,0.0001,10,1e-06,1,2192,3600,4.5620437956204375e-10,156,156,352,1111,1,1,0.0,954,8.088886313758158e-99,7.549965630545024e-12,3.3546033404938845e-64,7.549965630545024e-12,1.5099931261090048e-11,3.3099049324309384e-08,43210,True,b=b_min
0.1,0.4,0.0001,10,1e-06,1,2192,3600,4.5620437956204375e-10,2880,156,352,9298,5698,7200,20.0,3395,4.279137358117559e-294,7.549965630545024e-12,3.973975684497262e-32,7.549965630545024e-12,1.5099931261090048e-11,3.3099049324309384e-08,115200,True,controle a posteriori 7200/2880
0.1,0.4,0.0001,10,1e-06,256,2192,3600,1.7820483576642334e-12,195,195,441,1379,1,1,0.0,900,8.088886313758158e-99,1.2515010498492014e-14,3.240030969769172e-60,1.2515010498492014e-14,2.5030020996984028e-14,1.404564634249958e-08,43210,True,b=b_min
0.1,0.4,0.0001,10,1e-06,256,2192,3600,1.7820483576642334e-12,2880,195,441,9499,5899,7200,20.0,3324,4.279137358117559e-294,1.2515010498492014e-14,6.903366713312848e-32,1.2515010498492014e-14,2.5030020996984028e-14,1.404564634249958e-08,115200,True,controle a posteriori 7200/2880
0.1,0.4,0.0001,10,1e-09,1,2192,3600,4.562043795620439e-13,205,205,462,1445,1,1,0.0,887,8.088886313758158e-99,3.4779911052970485e-15,2.981854808342132e-59,3.4779911052970485e-15,6.955982210594097e-15,1.524751300562226e-11,43210,True,b=b_min
0.1,0.4,0.0001,10,1e-09,1,2192,3600,4.562043795620439e-13,2880,205,462,9547,5947,7200,20.0,3307,4.279137358117559e-294,3.4779911052970485e-15,7.710299013213519e-32,3.4779911052970485e-15,6.955982210594097e-15,1.524751300562226e-11,115200,True,controle a posteriori 7200/2880
0.1,0.4,0.0001,10,1e-09,256,2192,3600,1.782048357664234e-15,244,244,551,1711,1,1,0.0,837,8.088886313758158e-99,2.074519215606796e-17,1.3579202464867112e-55,2.074519215606796e-17,4.149038431213592e-17,2.3282412137523697e-11,43210,True,b=b_min
0.1,0.4,0.0001,10,1e-09,256,2192,3600,1.782048357664234e-15,2880,244,551,9736,6136,7200,20.0,3240,4.279137358117559e-294,2.074519215606796e-17,1.198130127552692e-31,2.074519215606796e-17,4.1490384312136046e-17,2.3282412137523768e-11,115200,True,controle a posteriori 7200/2880
0.1,0.4,0.0001,12,1e-06,1,1827,3000,5.473453749315818e-10,155,155,349,1104,1,1,0.0,758,1.524732178754374e-82,7.549965630545024e-12,6.212286095216338e-51,7.549965630545024e-12,1.5099931261090048e-11,2.758757441401152e-08,43212,True,b=b_min
0.1,0.4,0.0001,12,1e-06,1,1827,3000,5.473453749315818e-10,2880,155,349,9292,6292,7200,24.0,3191,8.066052821306709e-278,7.549965630545024e-12,6.934795742958585e-23,7.549965630545024e-12,1.5099931261159396e-11,2.7587574414138216e-08,129600,True,controle a posteriori 7200/2880
0.1,0.4,0.0001,12,1e-06,256,1827,3000,2.1380678708264913e-12,194,194,438,1369,1,1,0.0,707,1.524732178754374e-82,4.5033320395449447e-14,3.3005769129473284e-47,4.5033320395449447e-14,9.006664079089889e-14,4.2125248697592904e-08,43212,True,b=b_min
0.1,0.4,0.0001,12,1e-06,256,1827,3000,2.1380678708264913e-12,2880,194,438,9491,6491,7200,24.0,3121,8.066052821306709e-278,4.5033320395449447e-14,1.0447433709694333e-22,4.5033320395449447e-14,9.006664089537323e-14,4.2125248746456806e-08,129600,True,controle a posteriori 7200/2880
0.1,0.4,0.0001,12,1e-09,1,1827,3000,5.473453749315818e-13,204,204,459,1436,1,1,0.0,695,1.524732178754374e-82,1.2515010498492014e-14,2.751113274590627e-46,1.2515010498492014e-14,2.5030020996984028e-14,4.572984836148982e-11,43212,True,b=b_min
0.1,0.4,0.0001,12,1e-09,1,1827,3000,5.473453749315818e-13,2880,204,459,9539,6539,7200,24.0,3105,8.066052821306709e-278,1.2515010498492014e-14,1.1568807370686112e-22,1.2515010498492014e-14,2.5030021112672102e-14,4.572984857285193e-11,129600,True,controle a posteriori 7200/2880
0.1,0.4,0.0001,12,1e-09,256,1827,3000,2.1380678708264916e-15,243,243,548,1703,1,1,0.0,646,1.524732178754374e-82,2.074519215606796e-17,1.0305863377366904e-42,2.074519215606796e-17,4.149038431213592e-17,1.9405550627397716e-11,43212,True,b=b_min
0.1,0.4,0.0001,12,1e-09,256,1827,3000,2.1380678708264916e-15,2880,243,548,9731,6731,7200,24.0,3039,8.066052821306709e-278,2.074519215606796e-17,1.9275277229614692e-22,2.074519215606796e-17,4.149057706490822e-17,1.9405640780182353e-11,129600,True,controle a posteriori 7200/2880
0.1,0.4,0.001,6,1e-06,1,3653,6000,2.737476047084588e-10,161,161,362,1145,1,1,0.0,1748,5.349862423829125e-163,2.288473757535639e-12,2.703318549723317e-117,2.288473757535639e-12,4.576947515071278e-12,1.671958927255538e-08,43206,True,b=b_min
0.1,0.4,0.001,6,1e-06,1,3653,6000,2.737476047084588e-10,2880,161,362,9329,3329,7200,12.0,4209,0.0,2.288473757535639e-12,1.2643497617958026e-72,2.288473757535639e-12,4.576947515071278e-12,1.671958927255538e-08,86400,True,controle a posteriori 7200/2880
0.1,0.4,0.001,6,1e-06,256,3653,6000,1.0693265808924171e-12,200,200,451,1411,1,1,0.0,1688,5.349862423829125e-163,1.3877671122699871e-14,6.311788389107602e-113,1.3877671122699871e-14,2.7755342245399743e-14,2.5955907896945986e-08,43206,True,b=b_min
0.1,0.4,0.001,6,1e-06,256,3653,6000,1.0693265808924171e-12,2880,200,451,9528,3528,7200,12.0,4135,0.0,1.3877671122699871e-14,2.1278749415879e-72,1.3877671122699871e-14,2.7755342245399743e-14,2.5955907896945986e-08,86400,True,controle a posteriori 7200/2880
0.1,0.4,0.001,6,1e-09,1,3653,6000,2.737476047084588e-13,210,210,473,1478,1,1,0.0,1674,5.349862423829125e-163,3.872658975292401e-15,7.652034089105471e-112,3.872658975292401e-15,7.745317950584802e-15,2.829364647348628e-11,43206,True,b=b_min
0.1,0.4,0.001,6,1e-09,1,3653,6000,2.737476047084588e-13,2880,210,473,9575,3575,7200,12.0,4117,0.0,3.872658975292401e-15,2.4238578063399966e-72,3.872658975292401e-15,7.745317950584802e-15,2.829364647348628e-11,86400,True,controle a posteriori 7200/2880
0.1,0.4,0.001,6,1e-09,256,3653,6000,1.0693265808924172e-15,249,249,563,1744,1,1,0.0,1617,5.349862423829125e-163,2.3484423822868706e-17,1.0115267256820925e-107,2.3484423822868706e-17,4.696884764573741e-17,4.392376331516896e-11,43206,True,b=b_min
0.1,0.4,0.001,6,1e-09,256,3653,6000,1.0693265808924172e-15,2880,249,563,9765,3765,7200,12.0,4047,0.0,2.3484423822868706e-17,4.07979379113938e-72,2.3484423822868706e-17,4.696884764573741e-17,4.392376331516896e-11,86400,True,controle a posteriori 7200/2880
0.1,0.4,0.001,8,1e-06,1,2740,4500,3.6496350364963504e-10,159,159,358,1129,1,1,0.0,1249,1.5388844789811925e-122,8.200744341970081e-12,1.0362488382958205e-83,8.200744341970081e-12,1.6401488683940162e-11,4.4940078993996045e-08,43208,True,b=b_min
0.1,0.4,0.001,8,1e-06,1,2740,4500,3.6496350364963504e-10,2880,159,358,9317,4817,7200,16.0,3697,1.0271509e-316,8.200744341970081e-12,1.4480237744237565e-46,8.200744341970081e-12,1.6401488683940162e-11,4.4940078993996045e-08,100800,True,controle a posteriori 7200/2880
0.1,0.4,0.001,8,1e-06,256,2740,4500,1.4256386861313869e-12,198,198,447,1398,1,1,0.0,1192,1.5388844789811925e-122,1.3877671122699871e-14,1.5559701539617785e-79,1.3877671122699871e-14,2.7755342245399743e-14,1.9468707264613195e-08,43208,True,b=b_min
0.1,0.4,0.001,8,1e-06,256,2740,4500,1.4256386861313869e-12,2880,198,447,9518,5018,7200,16.0,3624,1.0271509e-316,1.3877671122699871e-14,2.6283864190969602e-46,1.3877671122699871e-14,2.7755342245399743e-14,1.9468707264613195e-08,100800,True,controle a posteriori 7200/2880
0.1,0.4,0.001,8,1e-09,1,2740,4500,3.6496350364963506e-13,208,208,469,1465,1,1,0.0,1179,1.5388844789811925e-122,3.872658975292401e-15,1.5988470683090968e-78,3.872658975292401e-15,7.745317950584802e-15,2.1222171184602358e-11,43208,True,b=b_min
0.1,0.4,0.001,8,1e-09,1,2740,4500,3.6496350364963506e-13,2880,208,469,9566,5066,7200,16.0,3607,1.0271509e-316,3.872658975292401e-15,2.960038829283663e-46,3.872658975292401e-15,7.745317950584802e-15,2.1222171184602358e-11,100800,True,controle a posteriori 7200/2880
0.1,0.4,0.001,8,1e-09,256,2740,4500,1.425638686131387e-15,247,247,558,1731,1,1,0.0,1125,1.5388844789811925e-122,2.3484423822868706e-17,1.1134650365528746e-74,2.3484423822868706e-17,4.696884764573741e-17,3.294582849262605e-11,43208,True,b=b_min
0.1,0.4,0.001,8,1e-09,256,2740,4500,1.425638686131387e-15,2880,247,558,9756,5256,7200,16.0,3539,1.0271509e-316,2.3484423822868706e-17,4.761965595354228e-46,2.3484423822868706e-17,4.696884764573741e-17,3.294582849262605e-11,100800,True,controle a posteriori 7200/2880
0.1,0.4,0.001,10,1e-06,1,2192,3600,4.5620437956204375e-10,157,157,354,1118,1,1,0.0,952,2.9008419196864517e-98,8.200744341970081e-12,8.951669169227659e-64,8.200744341970081e-12,1.6401488683940162e-11,3.595206319519684e-08,43210,True,b=b_min
0.1,0.4,0.001,10,1e-06,1,2192,3600,4.5620437956204375e-10,2880,157,354,9309,5709,7200,20.0,3391,1.9362092559071346e-292,8.200744341970081e-12,7.13134728479877e-32,8.200744341970081e-12,1.6401488683940162e-11,3.595206319519684e-08,115200,True,controle a posteriori 7200/2880
0.1,0.4,0.001,10,1e-06,256,2192,3600,1.7820483576642334e-12,196,196,443,1386,1,1,0.0,898,2.9008419196864517e-98,1.3877671122699871e-14,8.168282255992858e-60,1.3877671122699871e-14,2.7755342245399743e-14,1.5574965811690555e-08,43210,True,b=b_min
0.1,0.4,0.001,10,1e-06,256,2192,3600,1.7820483576642334e-12,2880,196,443,9511,5911,7200,20.0,3319,1.9362092559071346e-292,1.3877671122699871e-14,1.2354296136111137e-31,1.3877671122699871e-14,2.7755342245399743e-14,1.5574965811690555e-08,115200,True,controle a posteriori 7200/2880
0.1,0.4,0.001,10,1e-09,1,2192,3600,4.562043795620439e-13,206,206,465,1453,1,1,0.0,885,2.9008419196864517e-98,3.872658975292401e-15,7.420519015373894e-59,3.872658975292401e-15,7.745317950584802e-15,1.6977736947681887e-11,43210,True,b=b_min
0.1,0.4,0.001,10,1e-09,1,2192,3600,4.562043795620439e-13,2880,206,465,9558,5958,7200,20.0,3302,1.9362092559071346e-292,3.872658975292401e-15,1.3784144646042544e-31,3.872658975292401e-15,7.745317950584802e-15,1.6977736947681887e-11,115200,True,controle a posteriori 7200/2880
0.1,0.4,0.001,10,1e-09,256,2192,3600,1.782048357664234e-15,246,246,554,1722,1,1,0.0,835,2.9008419196864517e-98,2.3484423822868706e-17,3.8929532783391736e-55,2.3484423822868706e-17,4.696884764573741e-17,2.635666279410084e-11,43210,True,b=b_min
0.1,0.4,0.001,10,1e-09,256,2192,3600,1.782048357664234e-15,2880,246,554,9749,6149,7200,20.0,3236,1.9362092559071346e-292,2.3484423822868706e-17,2.137846420897665e-31,2.3484423822868706e-17,4.696884764573763e-17,2.635666279410096e-11,115200,True,controle a posteriori 7200/2880
0.1,0.4,0.001,12,1e-06,1,1827,3000,5.473453749315818e-10,156,156,351,1110,1,1,0.0,756,4.426591287845405e-82,8.200744341970081e-12,1.4085590453964932e-50,8.200744341970081e-12,1.6401488683940162e-11,2.996551982555868e-08,43212,True,b=b_min
0.1,0.4,0.001,12,1e-06,1,1827,3000,5.473453749315818e-10,2880,156,351,9303,6303,7200,24.0,3187,2.9545929288592753e-276,8.200744341970081e-12,1.1128163612837773e-22,8.200744341970081e-12,1.6401488684051444e-11,2.9965519825761985e-08,129600,True,controle a posteriori 7200/2880
0.1,0.4,0.001,12,1e-06,256,1827,3000,2.1380678708264913e-12,195,195,440,1376,1,1,0.0,705,4.426591287845405e-82,4.973062617146056e-14,7.099570341271157e-47,4.973062617146056e-14,9.946125234292112e-14,4.651922125581232e-08,43212,True,b=b_min
0.1,0.4,0.001,12,1e-06,256,1827,3000,2.1380678708264913e-12,2880,195,440,9503,6503,7200,24.0,3117,2.9545929288592753e-276,4.973062617146056e-14,1.672387646370578e-22,4.973062617146056e-14,9.946125251015988e-14,4.65192213340319e-08,129600,True,controle a posteriori 7200/2880
0.1,0.4,0.001,12,1e-09,1,1827,3000,5.473453749315818e-13,205,205,462,1445,1,1,0.0,692,4.426591287845405e-82,3.872658975292401e-15,7.068536454893376e-46,3.872658975292401e-15,7.745317950584802e-15,1.4150695895718433e-11,43212,True,b=b_min
0.1,0.4,0.001,12,1e-09,1,1827,3000,5.473453749315818e-13,2880,205,462,9552,6552,7200,24.0,3100,2.9545929288592753e-276,3.872658975292401e-15,2.0498560107464616e-22,3.872658975292401e-15,7.745318155570403e-15,1.4150696270227126e-11,129600,True,controle a posteriori 7200/2880
0.1,0.4,0.001,12,1e-09,256,1827,3000,2.1380678708264916e-15,244,244,552,1711,1,1,0.0,644,4.426591287845405e-82,2.3484423822868706e-17,2.0835956944970706e-42,2.3484423822868706e-17,4.696884764573741e-17,2.1967893670083138e-11,43212,True,b=b_min
0.1,0.4,0.001,12,1e-09,256,1827,3000,2.1380678708264916e-15,2880,244,552,9743,6743,7200,24.0,3035,2.9545929288592753e-276,2.3484423822868706e-17,3.0780710264158887e-22,2.3484423822868706e-17,4.696915545284005e-17,2.1968037635158725e-11,129600,True,controle a posteriori 7200/2880
0.1,0.4,0.01,6,1e-06,1,3653,6000,2.737476047084588e-10,171,171,385,1213,1,1,0.0,1722,3.1841340318810415e-152,5.393407825325196e-12,2.674977985623367e-109,5.393407825325196e-12,1.0786815650650393e-11,3.940423757182589e-08,43206,True,b=b_min
0.1,0.4,0.01,6,1e-06,1,3653,6000,2.737476047084588e-10,2880,171,385,9441,3441,7200,12.0,4159,0.0,5.393407825325196e-12,1.2430648218596459e-67,5.393407825325196e-12,1.0786815650650393e-11,3.940423757182589e-08,86400,True,controle a posteriori 7200/2880
0.1,0.4,0.01,6,1e-06,256,3653,6000,1.0693265808924171e-12,213,213,480,1501,1,1,0.0,1659,3.1841340318810415e-152,1.1193697367455342e-14,7.085369861900465e-105,1.1193697367455342e-14,2.2387394734910685e-14,2.0935975159456955e-08,43206,True,b=b_min
0.1,0.4,0.01,6,1e-06,256,3653,6000,1.0693265808924171e-12,2880,213,480,9650,3650,7200,12.0,4082,0.0,1.1193697367455342e-14,2.3023808430228124e-67,1.1193697367455342e-14,2.2387394734910685e-14,2.0935975159456955e-08,86400,True,controle a posteriori 7200/2880
0.1,0.4,0.01,6,1e-09,1,3653,6000,2.737476047084588e-13,224,224,504,1573,1,1,0.0,1644,3.1841340318810415e-152,3.253835710629555e-15,8.785216075279137e-104,3.253835710629555e-15,6.50767142125911e-15,2.377252370185953e-11,43206,True,b=b_min
0.1,0.4,0.01,6,1e-09,1,3653,6000,2.737476047084588e-13,2880,224,504,9699,3699,7200,12.0,4064,0.0,3.253835710629555e-15,2.605057023178019e-67,3.253835710629555e-15,6.50767142125911e-15,2.377252370185953e-11,86400,True,controle a posteriori 7200/2880
0.1,0.4,0.01,6,1e-09,256,3653,6000,1.0693265808924172e-15,267,267,601,1861,1,1,0.0,1585,3.1841340318810415e-152,2.3231853553856136e-17,1.2974380429588919e-99,2.3231853553856136e-17,4.646370710771227e-17,4.345137204850507e-11,43206,True,b=b_min
0.1,0.4,0.01,6,1e-09,256,3653,6000,1.0693265808924172e-15,2880,267,601,9897,3897,7200,12.0,3992,0.0,2.3231853553856136e-17,4.260942549202051e-67,2.3231853553856136e-17,4.646370710771227e-17,4.345137204850507e-11,86400,True,controle a posteriori 7200/2880
0.1,0.4,0.01,8,1e-06,1,2740,4500,3.6496350364963504e-10,169,169,380,1200,1,1,0.0,1226,1.7929311951587816e-114,5.393407825325196e-12,1.0487900273613726e-77,5.393407825325196e-12,1.0786815650650393e-11,2.9555874882782075e-08,43208,True,b=b_min
0.1,0.4,0.01,8,1e-06,1,2740,4500,3.6496350364963504e-10,2880,169,380,9430,4930,7200,16.0,3651,1.1911973347741937e-295,5.393407825325196e-12,4.959260705355673e-43,5.393407825325196e-12,1.0786815650650393e-11,2.9555874882782075e-08,100800,True,controle a posteriori 7200/2880
0.1,0.4,0.01,8,1e-06,256,2740,4500,1.4256386861313869e-12,211,211,475,1487,1,1,0.0,1167,1.7929311951587816e-114,1.1193697367455342e-14,1.423555093184872e-73,1.1193697367455342e-14,2.2387394734910685e-14,1.570341416285575e-08,43208,True,b=b_min
0.1,0.4,0.01,8,1e-06,256,2740,4500,1.4256386861313869e-12,2880,211,475,9639,5139,7200,16.0,3576,1.1911973347741937e-295,1.1193697367455342e-14,8.719439316849956e-43,1.1193697367455342e-14,2.2387394734910685e-14,1.570341416285575e-08,100800,True,controle a posteriori 7200/2880
0.1,0.4,0.01,8,1e-09,1,2740,4500,3.6496350364963506e-13,222,222,499,1560,1,1,0.0,1154,1.7929311951587816e-114,3.253835710629555e-15,1.4958967403487767e-72,3.253835710629555e-15,6.50767142125911e-15,1.7831019694249963e-11,43208,True,b=b_min
0.1,0.4,0.01,8,1e-09,1,2740,4500,3.6496350364963506e-13,2880,222,499,9689,5189,7200,16.0,3559,1.1911973347741937e-295,3.253835710629555e-15,9.760758356242277e-43,3.253835710629555e-15,6.50767142125911e-15,1.7831019694249963e-11,100800,True,controle a posteriori 7200/2880
0.1,0.4,0.01,8,1e-09,256,2740,4500,1.425638686131387e-15,265,265,596,1847,1,1,0.0,1099,1.7929311951587816e-114,2.3231853553856136e-17,1.1604721687339166e-68,2.3231853553856136e-17,4.646370710771227e-17,3.259150271363369e-11,43208,True,b=b_min
0.1,0.4,0.01,8,1e-09,256,2740,4500,1.425638686131387e-15,2880,265,596,9887,5387,7200,16.0,3489,1.1911973347741937e-295,2.3231853553856136e-17,1.5322980827795434e-42,2.3231853553856136e-17,4.646370710771227e-17,3.259150271363369e-11,100800,True,controle a posteriori 7200/2880
0.1,0.4,0.01,10,1e-06,1,2192,3600,4.5620437956204375e-10,167,167,376,1188,1,1,0.0,932,8.015063979186798e-92,5.393407825325196e-12,5.14122597502129e-59,5.393407825325196e-12,1.0786815650650393e-11,2.3644699906225662e-08,43210,True,b=b_min
0.1,0.4,0.01,10,1e-06,1,2192,3600,4.5620437956204375e-10,2880,167,376,9422,5822,7200,20.0,3348,5.325091601859658e-273,5.393407825325196e-12,3.3753680066795604e-29,5.393407825325196e-12,1.0786815650650393e-11,2.3644699906225662e-08,115200,True,controle a posteriori 7200/2880
0.1,0.4,0.01,10,1e-06,256,2192,3600,1.7820483576642334e-12,209,209,471,1472,1,1,0.0,877,8.015063979186798e-92,3.850804770039656e-14,3.546510934434306e-55,3.850804770039656e-14,7.701609540079313e-14,4.3217735966345864e-08,43210,True,b=b_min
0.1,0.4,0.01,10,1e-06,256,2192,3600,1.7820483576642334e-12,2880,209,471,9630,6030,7200,20.0,3275,5.325091601859658e-273,3.850804770039656e-14,5.11704857821373e-29,3.850804770039656e-14,7.701609540079318e-14,4.321773596634589e-08,115200,True,controle a posteriori 7200/2880
0.1,0.4,0.01,10,1e-09,1,2192,3600,4.562043795620439e-13,220,220,495,1545,1,1,0.0,864,8.015063979186798e-92,1.1193697367455342e-14,3.307968278627949e-54,1.1193697367455342e-14,2.2387394734910685e-14,4.907316925892422e-11,43210,True,b=b_min
0.1,0.4,0.01,10,1e-09,1,2192,3600,4.562043795620439e-13,2880,220,495,9680,6080,7200,20.0,3258,5.325091601859658e-273,1.1193697367455342e-14,5.679771188144122e-29,1.1193697367455342e-14,2.238739473491074e-14,4.9073169258924346e-11,115200,True,controle a posteriori 7200/2880
0.1,0.4,0.01,10,1e-09,256,2192,3600,1.782048357664234e-15,263,263,592,1835,1,1,0.0,811,8.015063979186798e-92,2.3231853553856136e-17,1.913479432596906e-50,2.3231853553856136e-17,4.646370710771227e-17,2.6073202170906957e-11,43210,True,b=b_min
0.1,0.4,0.01,10,1e-09,256,2192,3600,1.782048357664234e-15,2880,263,592,9879,6279,7200,20.0,3189,5.325091601859658e-273,2.3231853553856136e-17,9.546555650690107e-29,2.3231853553856136e-17,4.6463707107807736e-17,2.6073202170960526e-11,115200,True,controle a posteriori 7200/2880
0.1,0.4,0.01,12,1e-06,1,1827,3000,5.473453749315818e-10,166,166,373,1180,1,1,0.0,739,1.0095687676421547e-76,5.393407825325196e-12,1.1940821536120485e-46,5.393407825325196e-12,1.0786815650650393e-11,1.9707512193738266e-08,43212,True,b=b_min
0.1,0.4,0.01,12,1e-06,1,1827,3000,5.473453749315818e-10,2880,166,373,9415,6415,7200,24.0,3146,6.707427638795333e-258,5.393407825325196e-12,1.491823541160652e-20,5.393407825325196e-12,1.0786815665568629e-11,1.9707512220993884e-08,129600,True,controle a posteriori 7200/2880
0.1,0.4,0.01,12,1e-06,256,1827,3000,2.1380678708264913e-12,208,208,468,1464,1,1,0.0,686,1.0095687676421547e-76,3.850804770039656e-14,5.609719235331228e-43,3.850804770039656e-14,7.701609540079313e-14,3.602135201209575e-08,43212,True,b=b_min
0.1,0.4,0.01,12,1e-06,256,1827,3000,2.1380678708264913e-12,2880,208,468,9623,6623,7200,24.0,3074,6.707427638795333e-258,3.850804770039656e-14,2.19361146700855e-20,3.850804770039656e-14,7.70161173369078e-14,3.602136227187982e-08,129600,True,controle a posteriori 7200/2880
0.1,0.4,0.01,12,1e-09,1,1827,3000,5.473453749315818e-13,218,218,492,1534,1,1,0.0,673,1.0095687676421547e-76,1.1193697367455342e-14,3.9570128929867114e-42,1.1193697367455342e-14,2.2387394734910685e-14,4.090177018068182e-11,43212,True,b=b_min
0.1,0.4,0.01,12,1e-09,1,1827,3000,5.473453749315818e-13,2880,218,492,9673,6673,7200,24.0,3057,6.707427638795333e-258,1.1193697367455342e-14,2.414731369060168e-20,1.1193697367455342e-14,2.2387418882224377e-14,4.090181429782394e-11,129600,True,controle a posteriori 7200/2880
0.1,0.4,0.01,12,1e-09,256,1827,3000,2.1380678708264916e-15,262,262,589,1828,1,1,0.0,623,1.0095687676421547e-76,2.3231853553856136e-17,1.836935262088477e-38,2.3231853553856136e-17,4.646370710771227e-17,2.173163337876232e-11,43212,True,b=b_min
0.1,0.4,0.01,12,1e-09,256,1827,3000,2.1380678708264916e-15,2880,262,589,9873,6873,7200,24.0,2989,6.707427638795333e-258,2.3231853553856136e-17,3.9041473612967154e-20,2.3231853553856136e-17,4.650274858132524e-17,2.174989354446879e-11,129600,True,controle a posteriori 7200/2880
0.1,0.5,0.0,6,1e-06,1,3653,6000,2.737476047084588e-10,117,117,222,695,1,1,0.0,2317,7.010511821982122e-265,1.746524780724401e-12,2.8995790907618154e-199,1.746524780724401e-12,3.493049561448802e-12,1.2760110047972474e-08,43206,True,b=b_min
0.1,0.5,0.0,6,1e-06,1,3653,6000,2.737476047084588e-10,2880,117,222,7314,1314,7200,12.0,5426,0.0,1.746524780724401e-12,8.245553823674687e-169,1.746524780724401e-12,3.493049561448802e-12,1.2760110047972474e-08,86400,True,controle a posteriori 7200/2880
0.1,0.5,0.0,6,1e-06,256,3653,6000,1.0693265808924171e-12,146,146,276,858,1,1,0.0,2263,7.010511821982122e-265,1.9166252737716337e-14,1.6580155167648757e-194,1.9166252737716337e-14,3.8332505475432675e-14,3.5847332480449426e-08,43206,True,b=b_min
0.1,0.5,0.0,6,1e-06,256,3653,6000,1.0693265808924171e-12,2880,146,276,7449,1449,7200,12.0,5357,0.0,1.9166252737716337e-14,1.434562401213503e-168,1.9166252737716337e-14,3.8332505475432675e-14,3.5847332480449426e-08,86400,True,controle a posteriori 7200/2880
0.1,0.5,0.0,6,1e-09,1,3653,6000,2.737476047084588e-13,153,153,290,899,1,1,0.0,2250,7.010511821982122e-265,4.259167275048075e-15,2.3527296034017893e-193,4.259167275048075e-15,8.51833455009615e-15,3.111747611150124e-11,43206,True,b=b_min
0.1,0.5,0.0,6,1e-09,1,3653,6000,2.737476047084588e-13,2880,153,290,7481,1481,7200,12.0,5340,0.0,4.259167275048075e-15,1.7275838965942867e-168,4.259167275048075e-15,8.51833455009615e-15,3.111747611150124e-11,86400,True,controle a posteriori 7200/2880
0.1,0.5,0.0,6,1e-09,256,3653,6000,1.0693265808924172e-15,182,182,345,1064,1,1,0.0,2198,7.010511821982122e-265,1.0386629538297397e-17,9.897180209407694e-189,1.0386629538297397e-17,2.0773259076594795e-17,1.9426487144141e-11,43206,True,b=b_min
0.1,0.5,0.0,6,1e-09,256,3653,6000,1.0693265808924172e-15,2880,182,345,7611,1611,7200,12.0,5275,0.0,1.0386629538297397e-17,3.621449183794693e-168,1.0386629538297397e-17,2.0773259076594795e-17,1.9426487144141e-11,86400,True,controle a posteriori 7200/2880
0.1,0.5,0.0,8,1e-06,1,2740,4500,3.6496350364963504e-10,115,115,219,683,1,1,0.0,1682,5.7678710024421625e-199,7.859361513259804e-12,5.199081946628276e-145,7.859361513259804e-12,1.571872302651961e-11,4.306930109266373e-08,43208,True,b=b_min
0.1,0.5,0.0,8,1e-06,1,2740,4500,3.6496350364963504e-10,2880,115,219,7305,2805,7200,16.0,4778,0.0,7.859361513259804e-12,5.2868030671916024e-124,7.859361513259804e-12,1.571872302651961e-11,4.306930109266373e-08,100800,True,controle a posteriori 7200/2880
0.1,0.5,0.0,8,1e-06,256,2740,4500,1.4256386861313869e-12,144,144,273,849,1,1,0.0,1631,5.7678710024421625e-199,1.9166252737716337e-14,2.014983131701673e-140,1.9166252737716337e-14,3.8332505475432675e-14,2.6887952640687496e-08,43208,True,b=b_min
0.1,0.5,0.0,8,1e-06,256,2740,4500,1.4256386861313869e-12,2880,144,273,7442,2942,7200,16.0,4711,0.0,1.9166252737716337e-14,1.0638691757724132e-123,1.9166252737716337e-14,3.8332505475432675e-14,2.6887952640687496e-08,100800,True,controle a posteriori 7200/2880
0.1,0.5,0.0,8,1e-09,1,2740,4500,3.6496350364963506e-13,151,151,287,889,1,1,0.0,1619,5.7678710024421625e-199,4.259167275048075e-15,2.410079956089954e-139,4.259167275048075e-15,8.51833455009615e-15,2.3340236667263453e-11,43208,True,b=b_min
0.1,0.5,0.0,8,1e-09,1,2740,4500,3.6496350364963506e-13,2880,151,287,7475,2975,7200,16.0,4695,0.0,4.259167275048075e-15,1.2669990944799077e-123,4.259167275048075e-15,8.51833455009615e-15,2.3340236667263453e-11,100800,True,controle a posteriori 7200/2880
0.1,0.5,0.0,8,1e-09,256,2740,4500,1.425638686131387e-15,180,180,342,1055,1,1,0.0,1571,5.7678710024421625e-199,1.0386629538297397e-17,5.005725364729447e-135,1.0386629538297397e-17,2.0773259076594795e-17,1.457119484668665e-11,43208,True,b=b_min
0.1,0.5,0.0,8,1e-09,256,2740,4500,1.425638686131387e-15,2880,180,342,7605,3105,7200,16.0,4632,0.0,1.0386629538297397e-17,2.544591047986601e-123,1.0386629538297397e-17,2.0773259076594795e-17,1.457119484668665e-11,100800,True,controle a posteriori 7200/2880
0.1,0.5,0.0,10,1e-06,1,2192,3600,4.5620437956204375e-10,114,114,217,677,1,1,0.0,1304,2.0425609588409027e-159,7.859361513259804e-12,1.4992897881095974e-112,7.859361513259804e-12,1.571872302651961e-11,3.445544087413098e-08,43210,True,b=b_min
0.1,0.5,0.0,10,1e-06,1,2192,3600,4.5620437956204375e-10,2880,114,217,7300,3700,7200,20.0,4391,0.0,7.859361513259804e-12,5.753237729823336e-98,7.859361513259804e-12,1.571872302651961e-11,3.445544087413098e-08,115200,True,controle a posteriori 7200/2880
0.1,0.5,0.0,10,1e-06,256,2192,3600,1.7820483576642334e-12,143,143,271,843,1,1,0.0,1256,2.0425609588409027e-159,1.9166252737716337e-14,3.34526809379224e-108,1.9166252737716337e-14,3.8332505475432675e-14,2.1510362112549997e-08,43210,True,b=b_min
0.1,0.5,0.0,10,1e-06,256,2192,3600,1.7820483576642334e-12,2880,143,271,7437,3837,7200,20.0,4325,0.0,1.9166252737716337e-14,1.1231288570356387e-97,1.9166252737716337e-14,3.8332505475432675e-14,2.1510362112549997e-08,115200,True,controle a posteriori 7200/2880
0.1,0.5,0.0,10,1e-09,1,2192,3600,4.562043795620439e-13,150,150,285,883,1,1,0.0,1244,2.0425609588409027e-159,4.259167275048075e-15,3.515994565910488e-107,4.259167275048075e-15,8.51833455009615e-15,1.867218933381076e-11,43210,True,b=b_min
0.1,0.5,0.0,10,1e-09,1,2192,3600,4.562043795620439e-13,2880,150,285,7470,3870,7200,20.0,4309,0.0,4.259167275048075e-15,1.32463743778111e-97,4.259167275048075e-15,8.51833455009615e-15,1.867218933381076e-11,115200,True,controle a posteriori 7200/2880
0.1,0.5,0.0,10,1e-09,256,2192,3600,1.782048357664234e-15,179,179,340,1049,1,1,0.0,1198,2.0425609588409027e-159,1.0386629538297397e-17,4.3220290671889896e-103,1.0386629538297397e-17,2.0773259076594795e-17,1.1656955877349322e-11,43210,True,b=b_min
0.1,0.5,0.0,10,1e-09,256,2192,3600,1.782048357664234e-15,2880,179,340,7600,4000,7200,20.0,4248,0.0,1.0386629538297397e-17,2.5795345706052096e-97,1.0386629538297397e-17,2.0773259076594795e-17,1.1656955877349322e-11,115200,True,controle a posteriori 7200/2880
0.1,0.5,0.0,12,1e-06,1,1827,3000,5.473453749315818e-10,113,113,215,672,1,1,0.0,1054,4.7454931602133895e-133,7.859361513259804e-12,4.30605292865954e-91,7.859361513259804e-12,1.571872302651961e-11,2.8718106969451324e-08,43212,True,b=b_min
0.1,0.5,0.0,12,1e-06,1,1827,3000,5.473453749315818e-10,2880,113,215,7295,4295,7200,24.0,4133,0.0,7.859361513259804e-12,4.218558213353647e-81,7.859361513259804e-12,1.571872302651961e-11,2.8718106969451324e-08,129600,True,controle a posteriori 7200/2880
0.1,0.5,0.0,12,1e-06,256,1827,3000,2.1380678708264913e-12,142,142,269,838,1,1,0.0,1008,4.7454931602133895e-133,1.9166252737716337e-14,6.265384258200227e-87,1.9166252737716337e-14,3.8332505475432675e-14,1.7928572800925566e-08,43212,True,b=b_min
0.1,0.5,0.0,12,1e-06,256,1827,3000,2.1380678708264913e-12,2880,142,269,7433,4433,7200,24.0,4068,0.0,1.9166252737716337e-14,8.00409659691902e-81,1.9166252737716337e-14,3.8332505475432675e-14,1.7928572800925566e-08,129600,True,controle a posteriori 7200/2880
0.1,0.5,0.0,12,1e-09,1,1827,3000,5.473453749315818e-13,149,149,283,878,1,1,0.0,997,4.7454931602133895e-133,4.259167275048075e-15,5.947552111142751e-86,4.259167275048075e-15,8.51833455009615e-15,1.5562997223025668e-11,43212,True,b=b_min
0.1,0.5,0.0,12,1e-09,1,1827,3000,5.473453749315818e-13,2880,149,283,7466,4466,7200,24.0,4053,0.0,4.259167275048075e-15,9.406111288518208e-81,4.259167275048075e-15,8.51833455009615e-15,1.5562997223025668e-11,129600,True,controle a posteriori 7200/2880
0.1,0.5,0.0,12,1e-09,256,1827,3000,2.1380678708264916e-15,178,178,338,1042,1,1,0.0,954,4.7454931602133895e-133,4.673983292233829e-17,3.6948730394200885e-82,4.673983292233829e-17,9.347966584467658e-17,4.3721561471545373e-11,43212,True,b=b_min
0.1,0.5,0.0,12,1e-09,256,1827,3000,2.1380678708264916e-15,2880,178,338,7594,4594,7200,24.0,3993,0.0,4.673983292233829e-17,1.5198548433346855e-80,4.673983292233829e-17,9.347966584467658e-17,4.3721561471545373e-11,129600,True,controle a posteriori 7200/2880
0.1,0.5,1e-06,6,1e-06,1,3653,6000,2.737476047084588e-10,117,117,222,695,1,1,0.0,2317,4.690201413749907e-265,1.7466976949342065e-12,2.2576772226853004e-199,1.7466976949342065e-12,3.493395389868413e-12,1.2761373359189313e-08,43206,True,b=b_min
0.1,0.5,1e-06,6,1e-06,1,3653,6000,2.737476047084588e-10,2880,117,222,7314,1314,7200,12.0,5426,0.0,1.7466976949342065e-12,6.912551454088546e-169,1.7466976949342065e-12,3.493395389868413e-12,1.2761373359189313e-08,86400,True,controle a posteriori 7200/2880
0.1,0.5,1e-06,6,1e-06,256,3653,6000,1.0693265808924171e-12,146,146,276,858,1,1,0.0,2263,4.690201413749907e-265,1.9168466563879366e-14,1.2949123555946186e-194,1.9168466563879366e-14,3.833693312775873e-14,3.585147307921988e-08,43206,True,b=b_min
0.1,0.5,1e-06,6,1e-06,256,3653,6000,1.0693265808924171e-12,2880,146,276,7449,1449,7200,12.0,5357,0.0,1.9168466563879366e-14,1.2062222440115842e-168,1.9168466563879366e-14,3.833693312775873e-14,3.585147307921988e-08,86400,True,controle a posteriori 7200/2880
0.1,0.5,1e-06,6,1e-09,1,3653,6000,2.737476047084588e-13,153,153,290,899,1,1,0.0,2250,4.690201413749907e-265,4.259682664566866e-15,1.8436559552336554e-193,4.259682664566866e-15,8.519365329133732e-15,3.1121241547325524e-11,43206,True,b=b_min
0.1,0.5,1e-06,6,1e-09,1,3653,6000,2.737476047084588e-13,2880,153,290,7481,1481,7200,12.0,5340,0.0,4.259682664566866e-15,1.4539953612777886e-168,4.259682664566866e-15,8.519365329133732e-15,3.1121241547325524e-11,86400,True,controle a posteriori 7200/2880
0.1,0.5,1e-06,6,1e-09,256,3653,6000,1.0693265808924172e-15,181,181,345,1062,1,1,0.0,2198,4.690201413749907e-265,1.0388114929924922e-17,5.7103657307076885e-189,1.0388114929924922e-17,2.0776229859849843e-17,1.942926532557606e-11,43206,True,b=b_min
0.1,0.5,1e-06,6,1e-09,256,3653,6000,1.0693265808924172e-15,2880,181,345,7611,1611,7200,12.0,5275,0.0,1.0388114929924922e-17,3.044310229693137e-168,1.0388114929924922e-17,2.0776229859849843e-17,1.942926532557606e-11,86400,True,controle a posteriori 7200/2880
0.1,0.5,1e-06,8,1e-06,1,2740,4500,3.6496350364963504e-10,115,115,219,683,1,1,0.0,1682,4.280548482177537e-199,7.860096396630515e-12,4.34938757336787e-145,7.860096396630515e-12,1.572019279326103e-11,4.307332825353522e-08,43208,True,b=b_min
0.1,0.5,1e-06,8,1e-06,1,2740,4500,3.6496350364963504e-10,2880,115,219,7305,2805,7200,16.0,4778,0.0,7.860096396630515e-12,4.685235905355554e-124,7.860096396630515e-12,1.572019279326103e-11,4.307332825353522e-08,100800,True,controle a posteriori 7200/2880
0.1,0.5,1e-06,8,1e-06,256,2740,4500,1.4256386861313869e-12,144,144,273,849,1,1,0.0,1631,4.280548482177537e-199,1.9168466563879366e-14,1.7060676892266452e-140,1.9168466563879366e-14,3.833693312775873e-14,2.6891058373135084e-08,43208,True,b=b_min
0.1,0.5,1e-06,8,1e-06,256,2740,4500,1.4256386861313869e-12,2880,144,273,7442,2942,7200,16.0,4711,0.0,1.9168466563879366e-14,9.419971963442357e-124,1.9168466563879366e-14,3.833693312775873e-14,2.6891058373135084e-08,100800,True,controle a posteriori 7200/2880
0.1,0.5,1e-06,8,1e-09,1,2740,4500,3.6496350364963506e-13,151,151,287,889,1,1,0.0,1619,4.280548482177537e-199,4.259682664566866e-15,2.028583314735493e-139,4.259682664566866e-15,8.519365329133732e-15,2.3343061001826424e-11,43208,True,b=b_min
0.1,0.5,1e-06,8,1e-09,1,2740,4500,3.6496350364963506e-13,2880,151,287,7475,2975,7200,16.0,4695,0.0,4.259682664566866e-15,1.1210771286314701e-123,4.259682664566866e-15,8.519365329133732e-15,2.3343061001826424e-11,100800,True,controle a posteriori 7200/2880
0.1,0.5,1e-06,8,1e-09,256,2740,4500,1.425638686131387e-15,180,180,342,1055,1,1,0.0,1571,4.280548482177537e-199,1.0388114929924922e-17,4.25612538308512e-135,1.0388114929924922e-17,2.0776229859849843e-17,1.4573278672893075e-11,43208,True,b=b_min
0.1,0.5,1e-06,8,1e-09,256,2740,4500,1.425638686131387e-15,2880,180,342,7605,3105,7200,16.0,4632,0.0,1.0388114929924922e-17,2.2543543201787902e-123,1.0388114929924922e-17,2.0776229859849843e-17,1.4573278672893075e-11,100800,True,controle a posteriori 7200/2880
0.1,0.5,1e-06,10,1e-06,1,2192,3600,4.5620437956204375e-10,114,114,217,677,1,1,0.0,1304,1.6131850052558523e-159,7.860096396630515e-12,1.3082797780865098e-112,7.860096396630515e-12,1.572019279326103e-11,3.4458662602828176e-08,43210,True,b=b_min
0.1,0.5,1e-06,10,1e-06,1,2192,3600,4.5620437956204375e-10,2880,114,217,7300,3700,7200,20.0,4391,0.0,7.860096396630515e-12,5.2615508839221534e-98,7.860096396630515e-12,1.572019279326103e-11,3.4458662602828176e-08,115200,True,controle a posteriori 7200/2880
0.1,0.5,1e-06,10,1e-06,256,2192,3600,1.7820483576642334e-12,143,143,271,843,1,1,0.0,1256,1.6131850052558523e-159,1.9168466563879366e-14,2.9489094248046335e-108,1.9168466563879366e-14,3.833693312775873e-14,2.151284669850807e-08,43210,True,b=b_min
0.1,0.5,1e-06,10,1e-06,256,2192,3600,1.7820483576642334e-12,2880,143,271,7437,3837,7200,20.0,4325,0.0,1.9168466563879366e-14,1.0235312045905913e-97,1.9168466563879366e-14,3.833693312775873e-14,2.151284669850807e-08,115200,True,controle a posteriori 7200/2880
0.1,0.5,1e-06,10,1e-09,1,2192,3600,4.562043795620439e-13,150,150,285,883,1,1,0.0,1244,1.6131850052558523e-159,4.259682664566866e-15,3.084996395423557e-107,4.259682664566866e-15,8.519365329133732e-15,1.8674448801461138e-11,43210,True,b=b_min
0.1,0.5,1e-06,10,1e-09,1,2192,3600,4.562043795620439e-13,2880,150,285,7470,3870,7200,20.0,4309,0.0,4.259682664566866e-15,1.2103806491453217e-97,4.259682664566866e-15,8.519365329133732e-15,1.8674448801461138e-11,115200,True,controle a posteriori 7200/2880
0.1,0.5,1e-06,10,1e-09,256,2192,3600,1.782048357664234e-15,179,179,340,1049,1,1,0.0,1198,1.6131850052558523e-159,1.0388114929924922e-17,3.817708608694385e-103,1.0388114929924922e-17,2.0776229859849843e-17,1.165862293831446e-11,43210,True,b=b_min
0.1,0.5,1e-06,10,1e-09,256,2192,3600,1.782048357664234e-15,2880,179,340,7600,4000,7200,20.0,4248,0.0,1.0388114929924922e-17,2.356683900407157e-97,1.0388114929924922e-17,2.0776229859849843e-17,1.165862293831446e-11,115200,True,controle a posteriori 7200/2880
0.1,0.5,1e-06,12,1e-06,1,1827,3000,5.473453749315818e-10,113,113,215,672,1,1,0.0,1054,3.90667557571345e-133,7.860096396630515e-12,3.8606403567552334e-91,7.860096396630515e-12,1.572019279326103e-11,2.87207922332879e-08,43212,True,b=b_min
0.1,0.5,1e-06,12,1e-06,1,1827,3000,5.473453749315818e-10,2880,113,215,7295,4295,7200,24.0,4133,0.0,7.860096396630515e-12,3.917760607787691e-81,7.860096396630515e-12,1.572019279326103e-11,2.87207922332879e-08,129600,True,controle a posteriori 7200/2880
0.1,0.5,1e-06,12,1e-06,256,1827,3000,2.1380678708264913e-12,142,142,269,838,1,1,0.0,1008,3.90667557571345e-133,1.9168466563879366e-14,5.683092428511991e-87,1.9168466563879366e-14,3.833693312775873e-14,1.7930643667050293e-08,43212,True,b=b_min
0.1,0.5,1e-06,12,1e-06,256,1827,3000,2.1380678708264913e-12,2880,142,269,7433,4433,7200,24.0,4068,0.0,1.9168466563879366e-14,7.450233978206165e-81,1.9168466563879366e-14,3.833693312775873e-14,1.7930643667050293e-08,129600,True,controle a posteriori 7200/2880
0.1,0.5,1e-06,12,1e-09,1,1827,3000,5.473453749315818e-13,149,149,283,878,1,1,0.0,997,3.90667557571345e-133,4.259682664566866e-15,5.369719785437149e-86,4.259682664566866e-15,8.519365329133732e-15,1.5564880456327328e-11,43212,True,b=b_min
0.1,0.5,1e-06,12,1e-09,1,1827,3000,5.473453749315818e-13,2880,149,283,7465,4465,7200,24.0,4053,0.0,4.259682664566866e-15,8.745976059521007e-81,4.259682664566866e-15,8.519365329133732e-15,1.5564880456327328e-11,129600,True,controle a posteriori 7200/2880
0.1,0.5,1e-06,12,1e-09,256,1827,3000,2.1380678708264916e-15,178,178,338,1042,1,1,0.0,954,3.90667557571345e-133,4.67462600799746e-17,3.3615537528723565e-82,4.67462600799746e-17,9.34925201599492e-17,4.372757358905016e-11,43212,True,b=b_min
0.1,0.5,1e-06,12,1e-09,256,1827,3000,2.1380678708264916e-15,2880,178,338,7594,4594,7200,24.0,3993,0.0,4.67462600799746e-17,1.4171135304614711e-80,4.67462600799746e-17,9.34925201599492e-17,4.372757358905016e-11,129600,True,controle a posteriori 7200/2880
0.1,0.5,0.0001,6,1e-06,1,3653,6000,2.737476047084588e-10,117,117,222,695,1,1,0.0,2317,1.4481620554515157e-264,1.7638981926611653e-12,4.666025961721951e-199,1.7638981926611653e-12,3.5277963853223306e-12,1.2887040195582474e-08,43206,True,b=b_min
0.1,0.5,0.0001,6,1e-06,1,3653,6000,2.737476047084588e-10,2880,117,222,7315,1315,7200,12.0,5425,0.0,1.7638981926611653e-12,1.2202635760224896e-168,1.7638981926611653e-12,3.5277963853223306e-12,1.2887040195582474e-08,86400,True,controle a posteriori 7200/2880
0.1,0.5,0.0001,6,1e-06,256,3653,6000,1.0693265808924171e-12,146,146,277,859,1,1,0.0,2262,1.4481620554515157e-264,1.938886712869935e-14,2.6177257567344835e-194,1.938886712869935e-14,3.87777342573987e-14,3.626369619002302e-08,43206,True,b=b_min
0.1,0.5,0.0001,6,1e-06,256,3653,6000,1.0693265808924171e-12,2880,146,277,7450,1450,7200,12.0,5356,0.0,1.938886712869935e-14,2.1267571159779416e-168,1.938886712869935e-14,3.87777342573987e-14,3.626369619002302e-08,86400,True,controle a posteriori 7200/2880
0.1,0.5,0.0001,6,1e-09,1,3653,6000,2.737476047084588e-13,153,153,290,899,1,1,0.0,2249,1.4481620554515157e-264,4.3110071271365504e-15,3.7001256642331604e-193,4.3110071271365504e-15,8.622014254273101e-15,3.1496218070859634e-11,43206,True,b=b_min
0.1,0.5,0.0001,6,1e-09,1,3653,6000,2.737476047084588e-13,2880,153,290,7482,1482,7200,12.0,5340,0.0,4.3110071271365504e-15,2.557433274113098e-168,4.3110071271365504e-15,8.622014254273101e-15,3.1496218070859634e-11,86400,True,controle a posteriori 7200/2880
0.1,0.5,0.0001,6,1e-09,256,3653,6000,1.0693265808924172e-15,182,182,345,1065,1,1,0.0,2197,1.4481620554515157e-264,1.0536199043428672e-17,1.541765549681527e-188,1.0536199043428672e-17,2.1072398086857345e-17,1.970623237409021e-11,43206,True,b=b_min
0.1,0.5,0.0001,6,1e-09,256,3653,6000,1.0693265808924172e-15,2880,182,345,7612,1612,7200,12.0,5275,0.0,1.0536199043428672e-17,5.370207587616332e-168,1.0536199043428672e-17,2.1072398086857345e-17,1.970623237409021e-11,86400,True,controle a posteriori 7200/2880
0.1,0.5,0.0001,8,1e-06,1,2740,4500,3.6496350364963504e-10,115,115,219,683,1,1,0.0,1682,9.91356185910765e-199,7.933178182606372e-12,7.307999305299774e-145,7.933178182606372e-12,1.5866356365212744e-11,4.347381644068292e-08,43208,True,b=b_min
0.1,0.5,0.0001,8,1e-06,1,2740,4500,3.6496350364963504e-10,2880,115,219,7306,2806,7200,16.0,4778,0.0,7.933178182606372e-12,7.0792277817501246e-124,7.933178182606372e-12,1.5866356365212744e-11,4.347381644068292e-08,100800,True,controle a posteriori 7200/2880
0.1,0.5,0.0001,8,1e-06,256,2740,4500,1.4256386861313869e-12,144,144,274,849,1,1,0.0,1631,9.91356185910765e-199,1.938886712869935e-14,2.8050679474170275e-140,1.938886712869935e-14,3.87777342573987e-14,2.720025391750974e-08,43208,True,b=b_min
0.1,0.5,0.0001,8,1e-06,256,2740,4500,1.4256386861313869e-12,2880,144,274,7443,2943,7200,16.0,4711,0.0,1.938886712869935e-14,1.4220191200149428e-123,1.938886712869935e-14,3.87777342573987e-14,2.720025391750974e-08,100800,True,controle a posteriori 7200/2880
0.1,0.5,0.0001,8,1e-09,1,2740,4500,3.6496350364963506e-13,151,151,287,890,1,1,0.0,1618,9.91356185910765e-199,4.3110071271365504e-15,3.3271666761310493e-139,4.3110071271365504e-15,8.622014254273101e-15,2.3624319056708298e-11,43208,True,b=b_min
0.1,0.5,0.0001,8,1e-09,1,2740,4500,3.6496350364963506e-13,2880,151,287,7476,2976,7200,16.0,4695,0.0,4.3110071271365504e-15,1.6923764229201397e-123,4.3110071271365504e-15,8.622014254273101e-15,2.3624319056708298e-11,100800,True,controle a posteriori 7200/2880
0.1,0.5,0.0001,8,1e-09,256,2740,4500,1.425638686131387e-15,180,180,342,1055,1,1,0.0,1570,9.91356185910765e-199,1.0536199043428672e-17,6.865459611840196e-135,1.0536199043428672e-17,2.1072398086857345e-17,1.4781022914045215e-11,43208,True,b=b_min
0.1,0.5,0.0001,8,1e-09,256,2740,4500,1.425638686131387e-15,2880,180,342,7606,3106,7200,16.0,4632,0.0,1.0536199043428672e-17,3.3999516533667824e-123,1.0536199043428672e-17,2.1072398086857345e-17,1.4781022914045215e-11,100800,True,controle a posteriori 7200/2880
0.1,0.5,0.0001,10,1e-06,1,2192,3600,4.5620437956204375e-10,114,114,217,677,1,1,0.0,1304,3.1439617594765117e-159,7.933178182606372e-12,1.940310603298862e-112,7.933178182606372e-12,1.5866356365212744e-11,3.4779053152546336e-08,43210,True,b=b_min
0.1,0.5,0.0001,10,1e-06,1,2192,3600,4.5620437956204375e-10,2880,114,217,7301,3701,7200,20.0,4390,0.0,7.933178182606372e-12,7.271476284571417e-98,7.933178182606372e-12,1.5866356365212744e-11,3.4779053152546336e-08,115200,True,controle a posteriori 7200/2880
0.1,0.5,0.0001,10,1e-06,256,2192,3600,1.7820483576642334e-12,143,143,271,843,1,1,0.0,1255,3.1439617594765117e-159,1.938886712869935e-14,4.29090174523852e-108,1.938886712869935e-14,3.87777342573987e-14,2.1760203134007795e-08,43210,True,b=b_min
0.1,0.5,0.0001,10,1e-06,256,2192,3600,1.7820483576642334e-12,2880,143,271,7438,3838,7200,20.0,4324,0.0,1.938886712869935e-14,1.4149586304162062e-97,1.938886712869935e-14,3.87777342573987e-14,2.1760203134007795e-08,115200,True,controle a posteriori 7200/2880
0.1,0.5,0.0001,10,1e-09,1,2192,3600,4.562043795620439e-13,150,150,285,884,1,1,0.0,1244,3.1439617594765117e-159,4.3110071271365504e-15,4.4811187889894396e-107,4.3110071271365504e-15,8.622014254273101e-15,1.8899455245366636e-11,43210,True,b=b_min
0.1,0.5,0.0001,10,1e-09,1,2192,3600,4.562043795620439e-13,2880,150,285,7471,3871,7200,20.0,4309,0.0,4.3110071271365504e-15,1.6706665819156922e-97,4.3110071271365504e-15,8.622014254273101e-15,1.8899455245366636e-11,115200,True,controle a posteriori 7200/2880
0.1,0.5,0.0001,10,1e-09,256,2192,3600,1.782048357664234e-15,179,179,340,1050,1,1,0.0,1198,3.1439617594765117e-159,1.0536199043428672e-17,5.454046174716147e-103,1.0536199043428672e-17,2.1072398086857345e-17,1.1824818331236172e-11,43210,True,b=b_min
0.1,0.5,0.0001,10,1e-09,256,2192,3600,1.782048357664234e-15,2880,179,340,7601,4001,7200,20.0,4247,0.0,1.0536199043428672e-17,3.256828372154395e-97,1.0536199043428672e-17,2.1072398086857345e-17,1.1824818331236172e-11,115200,True,controle a posteriori 7200/2880
0.1,0.5,0.0001,12,1e-06,1,1827,3000,5.473453749315818e-10,113,113,215,672,1,1,0.0,1054,6.786444125115604e-133,7.933178182606372e-12,5.306324767144505e-91,7.933178182606372e-12,1.5866356365212744e-11,2.8987833079243685e-08,43212,True,b=b_min
0.1,0.5,0.0001,12,1e-06,1,1827,3000,5.473453749315818e-10,2880,113,215,7296,4296,7200,24.0,4133,0.0,7.933178182606372e-12,5.121727379317304e-81,7.933178182606372e-12,1.5866356365212744e-11,2.8987833079243685e-08,129600,True,controle a posteriori 7200/2880
0.1,0.5,0.0001,12,1e-06,256,1827,3000,2.1380678708264913e-12,142,142,270,838,1,1,0.0,1007,6.786444125115604e-133,1.938886712869935e-14,7.6320760519567835e-87,1.938886712869935e-14,3.87777342573987e-14,1.813681164499646e-08,43212,True,b=b_min
0.1,0.5,0.0001,12,1e-06,256,1827,3000,2.1380678708264913e-12,2880,142,270,7434,4434,7200,24.0,4068,0.0,1.938886712869935e-14,9.736044551279042e-81,1.938886712869935e-14,3.87777342573987e-14,1.813681164499646e-08,129600,True,controle a posteriori 7200/2880
0.1,0.5,0.0001,12,1e-09,1,1827,3000,5.473453749315818e-13,149,149,283,878,1,1,0.0,996,6.786444125115604e-133,4.3110071271365504e-15,7.206657400306876e-86,4.3110071271365504e-15,8.622014254273101e-15,1.5752420042556955e-11,43212,True,b=b_min
0.1,0.5,0.0001,12,1e-09,1,1827,3000,5.473453749315818e-13,2880,149,283,7467,4467,7200,24.0,4052,0.0,4.3110071271365504e-15,1.141498120007349e-80,4.3110071271365504e-15,8.622014254273101e-15,1.5752420042556955e-11,129600,True,controle a posteriori 7200/2880
0.1,0.5,0.0001,12,1e-09,256,1827,3000,2.1380678708264916e-15,178,178,338,1042,1,1,0.0,953,6.786444125115604e-133,4.738683033220998e-17,4.4660096064942726e-82,4.738683033220998e-17,9.477366066441996e-17,4.432677837667719e-11,43212,True,b=b_min
0.1,0.5,0.0001,12,1e-09,256,1827,3000,2.1380678708264916e-15,2880,178,338,7595,4595,7200,24.0,3992,0.0,4.738683033220998e-17,1.845370956294835e-80,4.738683033220998e-17,9.477366066441996e-17,4.432677837667719e-11,129600,True,controle a posteriori 7200/2880
0.1,0.5,0.001,6,1e-06,1,3653,6000,2.737476047084588e-10,118,118,223,700,1,1,0.0,2314,4.66278829743902e-263,1.927946168452551e-12,6.79135971637046e-198,1.927946168452551e-12,3.855892336905102e-12,1.4085574706714339e-08,43206,True,b=b_min
0.1,0.5,0.001,6,1e-06,1,3653,6000,2.737476047084588e-10,2880,118,223,7323,1323,7200,12.0,5419,0.0,1.927946168452551e-12,1.1105463741551952e-167,1.927946168452551e-12,3.855892336905102e-12,1.4085574706714339e-08,86400,True,controle a posteriori 7200/2880
0.1,0.5,0.001,6,1e-06,256,3653,6000,1.0693265808924171e-12,147,147,278,864,1,1,0.0,2259,4.66278829743902e-263,2.1508529563518368e-14,3.557273078697285e-193,2.1508529563518368e-14,4.3017059127036736e-14,4.022817714971269e-08,43206,True,b=b_min
0.1,0.5,0.001,6,1e-06,256,3653,6000,1.0693265808924171e-12,2880,147,278,7458,1458,7200,12.0,5350,0.0,2.1508529563518368e-14,1.9257947518202132e-167,2.1508529563518368e-14,4.3017059127036736e-14,4.022817714971269e-08,86400,True,controle a posteriori 7200/2880
0.1,0.5,0.001,6,1e-09,1,3653,6000,2.737476047084588e-13,154,154,292,904,1,1,0.0,2246,4.66278829743902e-263,4.8059877536545885e-15,4.964912114495811e-192,4.8059877536545885e-15,9.611975507309177e-15,3.5112546528200424e-11,43206,True,b=b_min
0.1,0.5,0.001,6,1e-09,1,3653,6000,2.737476047084588e-13,2880,154,292,7491,1491,7200,12.0,5334,0.0,4.8059877536545885e-15,2.315887860192766e-167,4.8059877536545885e-15,9.611975507309177e-15,3.5112546528200424e-11,86400,True,controle a posteriori 7200/2880
0.1,0.5,0.001,6,1e-09,256,3653,6000,1.0693265808924172e-15,183,183,347,1071,1,1,0.0,2194,4.66278829743902e-263,1.1980375109133311e-17,1.9409621994298155e-187,1.1980375109133311e-17,2.3960750218266623e-17,2.240732686011596e-11,43206,True,b=b_min
0.1,0.5,0.001,6,1e-09,256,3653,6000,1.0693265808924172e-15,2880,183,347,7621,1621,7200,12.0,5269,0.0,1.1980375109133311e-17,4.839131549088111e-167,1.1980375109133311e-17,2.3960750218266623e-17,2.240732686011596e-11,86400,True,controle a posteriori 7200/2880
0.1,0.5,0.001,8,1e-06,1,2740,4500,3.6496350364963504e-10,116,116,220,688,1,1,0.0,1679,1.3422575660616278e-197,8.628254853437972e-12,5.571048950896053e-144,8.628254853437972e-12,1.7256509706875944e-11,4.728283659684009e-08,43208,True,b=b_min
0.1,0.5,0.001,8,1e-06,1,2740,4500,3.6496350364963504e-10,2880,116,220,7314,2814,7200,16.0,4772,0.0,8.628254853437972e-12,3.851577420016303e-123,8.628254853437972e-12,1.7256509706875944e-11,4.728283659684009e-08,100800,True,controle a posteriori 7200/2880
0.1,0.5,0.001,8,1e-06,256,2740,4500,1.4256386861313869e-12,145,145,275,854,1,1,0.0,1628,1.3422575660616278e-197,2.1508529563518368e-14,1.9888740458317896e-139,2.1508529563518368e-14,4.3017059127036736e-14,3.0173885954068645e-08,43208,True,b=b_min
0.1,0.5,0.001,8,1e-06,256,2740,4500,1.4256386861313869e-12,2880,145,275,7452,2952,7200,16.0,4705,0.0,2.1508529563518368e-14,7.71970370200663e-123,2.1508529563518368e-14,4.3017059127036736e-14,3.0173885954068645e-08,100800,True,controle a posteriori 7200/2880
0.1,0.5,0.001,8,1e-09,1,2740,4500,3.6496350364963506e-13,152,152,289,895,1,1,0.0,1616,1.3422575660616278e-197,4.8059877536545885e-15,2.3230903556482746e-138,4.8059877536545885e-15,9.611975507309177e-15,2.6336812890027144e-11,43208,True,b=b_min
0.1,0.5,0.001,8,1e-09,1,2740,4500,3.6496350364963506e-13,2880,152,289,7484,2984,7200,16.0,4689,0.0,4.8059877536545885e-15,9.198458697056283e-123,4.8059877536545885e-15,9.611975507309177e-15,2.6336812890027144e-11,100800,True,controle a posteriori 7200/2880
0.1,0.5,0.001,8,1e-09,256,2740,4500,1.425638686131387e-15,181,181,344,1061,1,1,0.0,1568,1.3422575660616278e-197,1.1980375109133311e-17,4.502593056766747e-134,1.1980375109133311e-17,2.3960750218266623e-17,1.680702863310094e-11,43208,True,b=b_min
0.1,0.5,0.001,8,1e-09,256,2740,4500,1.425638686131387e-15,2880,181,344,7615,3115,7200,16.0,4626,0.0,1.1980375109133311e-17,1.840212133213688e-122,1.1980375109133311e-17,2.3960750218266623e-17,1.680702863310094e-11,100800,True,controle a posteriori 7200/2880
0.1,0.5,0.001,10,1e-06,1,2192,3600,4.5620437956204375e-10,115,115,218,682,1,1,0.0,1302,2.531336948911627e-158,8.628254853437972e-12,9.979319138175048e-112,8.628254853437972e-12,1.7256509706875944e-11,3.7826269277472066e-08,43210,True,b=b_min
0.1,0.5,0.001,10,1e-06,1,2192,3600,4.5620437956204375e-10,2880,115,218,7309,3709,7200,20.0,4385,0.0,8.628254853437972e-12,2.939161681376121e-97,8.628254853437972e-12,1.7256509706875944e-11,3.7826269277472066e-08,115200,True,controle a posteriori 7200/2880
0.1,0.5,0.001,10,1e-06,256,2192,3600,1.7820483576642334e-12,144,144,273,848,1,1,0.0,1253,2.531336948911627e-158,2.1508529563518368e-14,2.0589326376783676e-107,2.1508529563518368e-14,4.3017059127036736e-14,2.4139108763254917e-08,43210,True,b=b_min
0.1,0.5,0.001,10,1e-06,256,2192,3600,1.7820483576642334e-12,2880,144,273,7446,3846,7200,20.0,4319,0.0,2.1508529563518368e-14,5.700898100846292e-97,2.1508529563518368e-14,4.3017059127036736e-14,2.4139108763254917e-08,115200,True,controle a posteriori 7200/2880
0.1,0.5,0.001,10,1e-09,1,2192,3600,4.562043795620439e-13,151,151,287,889,1,1,0.0,1242,2.531336948911627e-158,4.8059877536545885e-15,2.1242370026045045e-106,4.8059877536545885e-15,9.611975507309177e-15,2.1069450312021717e-11,43210,True,b=b_min
0.1,0.5,0.001,10,1e-09,1,2192,3600,4.562043795620439e-13,2880,151,287,7479,3879,7200,20.0,4304,0.0,4.8059877536545885e-15,6.727077797740903e-97,4.8059877536545885e-15,9.611975507309177e-15,2.1069450312021717e-11,115200,True,controle a posteriori 7200/2880
0.1,0.5,0.001,10,1e-09,256,2192,3600,1.782048357664234e-15,180,180,342,1055,1,1,0.0,1196,2.531336948911627e-158,1.1980375109133311e-17,2.436457843627605e-102,1.1980375109133311e-17,2.3960750218266623e-17,1.3445622906480753e-11,43210,True,b=b_min
0.1,0.5,0.001,10,1e-09,256,2192,3600,1.782048357664234e-15,2880,180,342,7610,4010,7200,20.0,4242,0.0,1.1980375109133311e-17,1.3073366076886617e-96,1.1980375109133311e-17,2.3960750218266623e-17,1.3445622906480753e-11,115200,True,controle a posteriori 7200/2880
0.1,0.5,0.001,12,1e-06,1,1827,3000,5.473453749315818e-10,114,114,216,677,1,1,0.0,1052,3.863901294080684e-132,8.628254853437972e-12,2.0862731384592357e-90,8.628254853437972e-12,1.7256509706875944e-11,3.152764323446235e-08,43212,True,b=b_min
0.1,0.5,0.001,12,1e-06,1,1827,3000,5.473453749315818e-10,2880,114,216,7304,4304,7200,24.0,4128,0.0,8.628254853437972e-12,1.7081077599324e-80,8.628254853437972e-12,1.7256509706875944e-11,3.152764323446235e-08,129600,True,controle a posteriori 7200/2880
0.1,0.5,0.001,12,1e-06,256,1827,3000,2.1380678708264913e-12,143,143,271,843,1,1,0.0,1006,3.863901294080684e-132,2.1508529563518368e-14,2.836749091978095e-86,2.1508529563518368e-14,4.3017059127036736e-14,2.0119594758424606e-08,43212,True,b=b_min
0.1,0.5,0.001,12,1e-06,256,1827,3000,2.1380678708264913e-12,2880,143,271,7442,4442,7200,24.0,4063,0.0,2.1508529563518368e-14,3.228610311016764e-80,2.1508529563518368e-14,4.3017059127036736e-14,2.0119594758424606e-08,129600,True,controle a posteriori 7200/2880
0.1,0.5,0.001,12,1e-09,1,1827,3000,5.473453749315818e-13,150,150,285,884,1,1,0.0,994,3.863901294080684e-132,4.8059877536545885e-15,2.63175219255375e-85,4.8059877536545885e-15,9.611975507309177e-15,1.7561079251853867e-11,43212,True,b=b_min
0.1,0.5,0.001,12,1e-09,1,1827,3000,5.473453749315818e-13,2880,150,285,7475,4475,7200,24.0,4048,0.0,4.8059877536545885e-15,3.792556157615865e-80,4.8059877536545885e-15,9.611975507309177e-15,1.7561079251853867e-11,129600,True,controle a posteriori 7200/2880
0.1,0.5,0.001,12,1e-09,256,1827,3000,2.1380678708264916e-15,179,179,340,1050,1,1,0.0,951,3.863901294080684e-132,1.1980375109133311e-17,2.0112360734073339e-81,1.1980375109133311e-17,2.3960750218266623e-17,1.1206730406085919e-11,43212,True,b=b_min
0.1,0.5,0.001,12,1e-09,256,1827,3000,2.1380678708264916e-15,2880,179,340,7606,4606,7200,24.0,3987,0.0,1.1980375109133311e-17,7.168257624901761e-80,1.1980375109133311e-17,2.3960750218266623e-17,1.1206730406085919e-11,129600,True,controle a posteriori 7200/2880
0.1,0.5,0.01,6,1e-06,1,3653,6000,2.737476047084588e-10,125,125,237,740,1,1,0.0,2284,1.0821700526679024e-247,4.622048276896027e-12,1.5493265676807282e-186,4.622048276896027e-12,9.244096553792054e-12,3.3768684711002376e-08,43206,True,b=b_min
0.1,0.5,0.01,6,1e-06,1,3653,6000,2.737476047084588e-10,2880,125,237,7406,1406,7200,12.0,5360,0.0,4.622048276896027e-12,5.147088431066469e-158,4.622048276896027e-12,9.244096553792054e-12,3.3768684711002376e-08,86400,True,controle a posteriori 7200/2880
0.1,0.5,0.01,6,1e-06,256,3653,6000,1.0693265808924171e-12,156,156,296,916,1,1,0.0,2227,1.0821700526679024e-247,1.3992934641720268e-14,1.039005208450009e-181,1.3992934641720268e-14,2.7985869283440536e-14,2.617148940605652e-08,43206,True,b=b_min
0.1,0.5,0.01,6,1e-06,256,3653,6000,1.0693265808924171e-12,2880,156,296,7548,1548,7200,12.0,5289,0.0,1.3992934641720268e-14,1.0397553522333843e-157,1.3992934641720268e-14,2.7985869283440536e-14,2.617148940605652e-08,86400,True,controle a posteriori 7200/2880
0.1,0.5,0.01,6,1e-09,1,3653,6000,2.737476047084588e-13,164,164,310,960,1,1,0.0,2214,1.0821700526679024e-247,3.282293311020804e-15,1.6551033858779899e-180,3.282293311020804e-15,6.564586622041608e-15,2.3980434930317992e-11,43206,True,b=b_min
0.1,0.5,0.01,6,1e-09,1,3653,6000,2.737476047084588e-13,2880,164,310,7582,1582,7200,12.0,5272,0.0,3.282293311020804e-15,1.2389256167359392e-157,3.282293311020804e-15,6.564586622041608e-15,2.3980434930317992e-11,86400,True,controle a posteriori 7200/2880
0.1,0.5,0.01,6,1e-09,256,3653,6000,1.0693265808924172e-15,195,195,369,1137,1,1,0.0,2161,1.0821700526679024e-247,9.93691822858104e-18,5.864105606881133e-176,9.93691822858104e-18,1.987383645716208e-17,1.858537589197135e-11,43206,True,b=b_min
0.1,0.5,0.01,6,1e-09,256,3653,6000,1.0693265808924172e-15,2880,195,369,7716,1716,7200,12.0,5206,0.0,9.93691822858104e-18,2.5074326229707107e-157,9.93691822858104e-18,1.987383645716208e-17,1.858537589197135e-11,86400,True,controle a posteriori 7200/2880
0.1,0.5,0.01,8,1e-06,1,2740,4500,3.6496350364963504e-10,124,124,234,733,1,1,0.0,1655,4.505238004921996e-186,4.622048276896027e-12,3.0735260975229537e-135,4.622048276896027e-12,9.244096553792054e-12,2.5328824557390228e-08,43208,True,b=b_min
0.1,0.5,0.01,8,1e-06,1,2740,4500,3.6496350364963504e-10,2880,124,234,7399,2899,7200,16.0,4719,0.0,4.622048276896027e-12,1.1306247180356633e-115,4.622048276896027e-12,9.244096553792054e-12,2.5328824557390228e-08,100800,True,controle a posteriori 7200/2880
0.1,0.5,0.01,8,1e-06,256,2740,4500,1.4256386861313869e-12,155,155,293,909,1,1,0.0,1602,4.505238004921996e-186,1.3992934641720268e-14,9.890367432295585e-131,1.3992934641720268e-14,2.7985869283440536e-14,1.9630408150176528e-08,43208,True,b=b_min
0.1,0.5,0.01,8,1e-06,256,2740,4500,1.4256386861313869e-12,2880,155,293,7541,3041,7200,16.0,4650,0.0,1.3992934641720268e-14,2.1938065780520972e-115,1.3992934641720268e-14,2.7985869283440536e-14,1.9630408150176528e-08,100800,True,controle a posteriori 7200/2880
0.1,0.5,0.01,8,1e-09,1,2740,4500,3.6496350364963506e-13,162,162,307,951,1,1,0.0,1590,4.505238004921996e-186,3.282293311020804e-15,9.828496994227423e-130,3.282293311020804e-15,6.564586622041608e-15,1.7986967344394006e-11,43208,True,b=b_min
0.1,0.5,0.01,8,1e-09,1,2740,4500,3.6496350364963506e-13,2880,162,307,7575,3075,7200,16.0,4634,0.0,3.282293311020804e-15,2.5888483282100555e-115,3.282293311020804e-15,6.564586622041608e-15,1.7986967344394006e-11,100800,True,controle a posteriori 7200/2880
0.1,0.5,0.01,8,1e-09,256,2740,4500,1.425638686131387e-15,193,193,366,1127,1,1,0.0,1540,4.505238004921996e-186,9.93691822858104e-18,1.7477064645285957e-125,9.93691822858104e-18,1.987383645716208e-17,1.394030384451177e-11,43208,True,b=b_min
0.1,0.5,0.01,8,1e-09,256,2740,4500,1.425638686131387e-15,2880,193,366,7710,3210,7200,16.0,4570,0.0,9.93691822858104e-18,5.020193931517579e-115,9.93691822858104e-18,1.987383645716208e-17,1.394030384451177e-11,100800,True,controle a posteriori 7200/2880
0.1,0.5,0.01,10,1e-06,1,2192,3600,4.5620437956204375e-10,122,122,232,724,1,1,0.0,1281,4.22056968927208e-149,4.622048276896027e-12,7.435017160573526e-105,4.622048276896027e-12,9.244096553792054e-12,2.0263059645912183e-08,43210,True,b=b_min
0.1,0.5,0.01,10,1e-06,1,2192,3600,4.5620437956204375e-10,2880,122,232,7393,3793,7200,20.0,4335,0.0,4.622048276896027e-12,4.0942242146527534e-91,4.622048276896027e-12,9.244096553792054e-12,2.0263059645912183e-08,115200,True,controle a posteriori 7200/2880
0.1,0.5,0.01,10,1e-06,256,2192,3600,1.7820483576642334e-12,153,153,290,900,1,1,0.0,1231,4.22056968927208e-149,1.3992934641720268e-14,1.4139997838249068e-100,1.3992934641720268e-14,2.7985869283440536e-14,1.5704326520141225e-08,43210,True,b=b_min
0.1,0.5,0.01,10,1e-06,256,2192,3600,1.7820483576642334e-12,2880,153,290,7536,3936,7200,20.0,4268,0.0,1.3992934641720268e-14,7.707695126130326e-91,1.3992934641720268e-14,2.7985869283440536e-14,1.5704326520141225e-08,115200,True,controle a posteriori 7200/2880
0.1,0.5,0.01,10,1e-09,1,2192,3600,4.562043795620439e-13,161,161,305,945,1,1,0.0,1219,4.22056968927208e-149,3.282293311020804e-15,1.644109571901149e-99,3.282293311020804e-15,6.564586622041608e-15,1.4389573875515205e-11,43210,True,b=b_min
0.1,0.5,0.01,10,1e-09,1,2192,3600,4.562043795620439e-13,2880,161,305,7570,3970,7200,20.0,4252,0.0,3.282293311020804e-15,9.020307991819072e-91,3.282293311020804e-15,6.564586622041608e-15,1.4389573875515205e-11,115200,True,controle a posteriori 7200/2880
0.1,0.5,0.01,10,1e-09,256,2192,3600,1.782048357664234e-15,192,192,363,1119,1,1,0.0,1173,4.22056968927208e-149,4.23626513955297e-17,1.3415305211359759e-95,4.23626513955297e-17,8.47253027910594e-17,4.754377311180856e-11,43210,True,b=b_min
0.1,0.5,0.01,10,1e-09,256,2192,3600,1.782048357664234e-15,2880,192,363,7703,4103,7200,20.0,4190,0.0,4.23626513955297e-17,1.4493058114423065e-90,4.23626513955297e-17,8.47253027910594e-17,4.754377311180856e-11,115200,True,controle a posteriori 7200/2880
0.1,0.5,0.01,12,1e-06,1,1827,3000,5.473453749315818e-10,121,121,230,718,1,1,0.0,1034,1.8755988886361458e-124,4.622048276896027e-12,1.093820174028226e-84,4.622048276896027e-12,9.244096553792054e-12,1.6888964403778083e-08,43212,True,b=b_min
0.1,0.5,0.01,12,1e-06,1,1827,3000,5.473453749315818e-10,2880,121,230,7389,4389,7200,24.0,4080,0.0,4.622048276896027e-12,3.2851516563501805e-75,4.622048276896027e-12,9.244096553792054e-12,1.6888964403778083e-08,129600,True,controle a posteriori 7200/2880
0.1,0.5,0.01,12,1e-06,256,1827,3000,2.1380678708264913e-12,152,152,288,895,1,1,0.0,986,1.8755988886361458e-124,1.3992934641720268e-14,1.3637206898642249e-80,1.3992934641720268e-14,2.7985869283440536e-14,1.308932689429654e-08,43212,True,b=b_min
0.1,0.5,0.01,12,1e-06,256,1827,3000,2.1380678708264913e-12,2880,152,288,7531,4531,7200,24.0,4014,0.0,1.3992934641720268e-14,6.029775707308695e-75,1.3992934641720268e-14,2.7985869283440536e-14,1.308932689429654e-08,129600,True,controle a posteriori 7200/2880
0.1,0.5,0.01,12,1e-09,1,1827,3000,5.473453749315818e-13,160,160,303,939,1,1,0.0,975,1.8755988886361458e-124,3.282293311020804e-15,1.4250510569243652e-79,3.282293311020804e-15,6.564586622041608e-15,1.1993499758470017e-11,43212,True,b=b_min
0.1,0.5,0.01,12,1e-09,1,1827,3000,5.473453749315818e-13,2880,160,303,7565,4565,7200,24.0,3998,0.0,3.282293311020804e-15,7.032022768227366e-75,3.282293311020804e-15,6.564586622041608e-15,1.1993499758470017e-11,129600,True,controle a posteriori 7200/2880
0.1,0.5,0.01,12,1e-09,256,1827,3000,2.1380678708264916e-15,191,191,361,1113,1,1,0.0,931,1.8755988886361458e-124,4.23626513955297e-17,7.870675409038702e-76,4.23626513955297e-17,8.47253027910594e-17,3.962704081901197e-11,43212,True,b=b_min
0.1,0.5,0.01,12,1e-09,256,1827,3000,2.1380678708264916e-15,2880,191,361,7699,4699,7200,24.0,3937,0.0,4.23626513955297e-17,1.1092561992967641e-74,4.23626513955297e-17,8.47253027910594e-17,3.962704081901197e-11,129600,True,controle a posteriori 7200/2880
0.1,0.7,0.0,6,1e-06,1,3653,6000,2.737476047084588e-10,80,80,114,347,1,1,0.0,3439,0.0,6.445139290668453e-12,0.0,6.445139290668453e-12,1.2890278581336907e-11,4.708818765762372e-08,43206,True,b=b_min
0.1,0.7,0.0,6,1e-06,1,3653,6000,2.737476047084588e-10,2880,80,114,5081,1,7200,12.0,7849,0.0,6.445139290668453e-12,0.0,6.445139290668453e-12,1.2890278581336907e-11,4.708818765762372e-08,86400,True,controle a posteriori 7200/2880
0.1,0.7,0.0,6,1e-06,256,3653,6000,1.0693265808924171e-12,100,100,142,431,1,1,0.0,3390,0.0,2.577571132894398e-14,0.0,2.577571132894398e-14,5.155142265788796e-14,4.8209240824131766e-08,43206,True,b=b_min
0.1,0.7,0.0,6,1e-06,256,3653,6000,1.0693265808924171e-12,2880,100,142,5158,1,7200,12.0,7787,0.0,2.577571132894398e-14,0.0,2.577571132894398e-14,5.155142265788796e-14,4.8209240824131766e-08,86400,True,controle a posteriori 7200/2880
0.1,0.7,0.0,6,1e-09,1,3653,6000,2.737476047084588e-13,105,105,149,452,1,1,0.0,3379,0.0,4.091382750626029e-15,0.0,4.091382750626029e-15,8.182765501252058e-15,2.9891642376073766e-11,43206,True,b=b_min
0.1,0.7,0.0,6,1e-09,1,3653,6000,2.737476047084588e-13,2880,105,149,5176,1,7200,12.0,7772,0.0,4.091382750626029e-15,0.0,4.091382750626029e-15,8.182765501252058e-15,2.9891642376073766e-11,86400,True,controle a posteriori 7200/2880
0.1,0.7,0.0,6,1e-09,256,3653,6000,1.0693265808924172e-15,124,124,177,534,1,1,0.0,3333,0.0,1.6362454860990254e-17,0.0,1.6362454860990254e-17,3.272490972198051e-17,3.0603288374885066e-11,43206,True,b=b_min
0.1,0.7,0.0,6,1e-09,256,3653,6000,1.0693265808924172e-15,2880,124,177,5248,1,7200,12.0,7714,0.0,1.6362454860990254e-17,0.0,1.6362454860990254e-17,3.272490972198051e-17,3.0603288374885066e-11,86400,True,controle a posteriori 7200/2880
0.1,0.7,0.0,8,1e-06,1,2740,4500,3.6496350364963504e-10,79,79,112,343,1,1,0.0,2531,0.0,6.445139290668453e-12,1.974445045355156e-295,6.445139290668453e-12,1.2890278581336907e-11,3.531936331286313e-08,43208,True,b=b_min
0.1,0.7,0.0,8,1e-06,1,2740,4500,3.6496350364963504e-10,2880,79,112,5077,577,7200,16.0,6929,0.0,6.445139290668453e-12,0.0,6.445139290668453e-12,1.2890278581336907e-11,3.531936331286313e-08,100800,True,controle a posteriori 7200/2880
0.1,0.7,0.0,8,1e-06,256,2740,4500,1.4256386861313869e-12,99,99,141,427,1,1,0.0,2486,0.0,2.577571132894398e-14,1.9501461119550574e-290,2.577571132894398e-14,5.155142265788796e-14,3.616022990914893e-08,43208,True,b=b_min
0.1,0.7,0.0,8,1e-06,256,2740,4500,1.4256386861313869e-12,2880,99,141,5154,654,7200,16.0,6870,0.0,2.577571132894398e-14,0.0,2.577571132894398e-14,5.155142265788796e-14,3.616022990914893e-08,100800,True,controle a posteriori 7200/2880
0.1,0.7,0.0,8,1e-09,1,2740,4500,3.6496350364963506e-13,104,104,147,448,1,1,0.0,2475,0.0,4.091382750626029e-15,3.5177021583989116e-289,4.091382750626029e-15,8.182765501252058e-15,2.242077747343064e-11,43208,True,b=b_min
0.1,0.7,0.0,8,1e-09,1,2740,4500,3.6496350364963506e-13,2880,104,147,5172,672,7200,16.0,6855,0.0,4.091382750626029e-15,0.0,4.091382750626029e-15,8.182765501252058e-15,2.242077747343064e-11,100800,True,controle a posteriori 7200/2880
0.1,0.7,0.0,8,1e-09,256,2740,4500,1.425638686131387e-15,123,123,176,530,1,1,0.0,2433,0.0,1.6362454860990254e-17,1.1391682768966647e-284,1.6362454860990254e-17,3.272490972198051e-17,2.2954560675386008e-11,43208,True,b=b_min
0.1,0.7,0.0,8,1e-09,256,2740,4500,1.425638686131387e-15,2880,123,176,5245,745,7200,16.0,6800,0.0,1.6362454860990254e-17,0.0,1.6362454860990254e-17,3.272490972198051e-17,2.2954560675386008e-11,100800,True,controle a posteriori 7200/2880
0.1,0.7,0.0,10,1e-06,1,2192,3600,4.5620437956204375e-10,78,78,111,339,1,1,0.0,1989,1.818728471199195e-308,6.445139290668453e-12,1.0965554735575508e-232,6.445139290668453e-12,1.2890278581336907e-11,2.8255490650290498e-08,43210,True,b=b_min
0.1,0.7,0.0,10,1e-06,1,2192,3600,4.5620437956204375e-10,2880,78,111,5074,1474,7200,20.0,6379,0.0,6.445139290668453e-12,1.306125597e-315,6.445139290668453e-12,1.2890278581336907e-11,2.8255490650290498e-08,115200,True,controle a posteriori 7200/2880
0.1,0.7,0.0,10,1e-06,256,2192,3600,1.7820483576642334e-12,98,98,139,423,1,1,0.0,1947,1.818728471199195e-308,2.577571132894398e-14,6.094053516193481e-228,2.577571132894398e-14,5.155142265788796e-14,2.8928183927319145e-08,43210,True,b=b_min
0.1,0.7,0.0,10,1e-06,256,2192,3600,1.7820483576642334e-12,2880,98,139,5151,1551,7200,20.0,6320,0.0,2.577571132894398e-14,2.90548091e-315,2.577571132894398e-14,5.155142265788796e-14,2.8928183927319145e-08,115200,True,controle a posteriori 7200/2880
0.1,0.7,0.0,10,1e-09,1,2192,3600,4.562043795620439e-13,103,103,146,445,1,1,0.0,1937,1.818728471199195e-308,4.091382750626029e-15,9.687698592671344e-227,4.091382750626029e-15,8.182765501252058e-15,1.7936621978744512e-11,43210,True,b=b_min
0.1,0.7,0.0,10,1e-09,1,2192,3600,4.562043795620439e-13,2880,103,146,5169,1569,7200,20.0,6306,0.0,4.091382750626029e-15,3.79034643e-315,4.091382750626029e-15,8.182765501252058e-15,1.7936621978744512e-11,115200,True,controle a posteriori 7200/2880
0.1,0.7,0.0,10,1e-09,256,2192,3600,1.782048357664234e-15,123,123,175,529,1,1,0.0,1897,1.818728471199195e-308,1.6362454860990254e-17,2.995351977006155e-222,1.6362454860990254e-17,3.272490972198051e-17,1.8363648540308806e-11,43210,True,b=b_min
0.1,0.7,0.0,10,1e-09,256,2192,3600,1.782048357664234e-15,2880,123,175,5242,1642,7200,20.0,6252,0.0,1.6362454860990254e-17,8.454049977e-315,1.6362454860990254e-17,3.272490972198051e-17,1.8363648540308806e-11,115200,True,controle a posteriori 7200/2880
0.1,0.7,0.0,12,1e-06,1,1827,3000,5.473453749315818e-10,77,77,110,336,1,1,0.0,1630,2.8366458034137608e-257,6.445139290668453e-12,4.573930560899073e-191,6.445139290668453e-12,1.2890278581336907e-11,2.3550538968102528e-08,43212,True,b=b_min
0.1,0.7,0.0,12,1e-06,1,1827,3000,5.473453749315818e-10,2880,77,110,5072,2072,7200,24.0,6013,0.0,6.445139290668453e-12,1.1395620256287816e-279,6.445139290668453e-12,1.2890278581336907e-11,2.3550538968102528e-08,129600,True,controle a posteriori 7200/2880
0.1,0.7,0.0,12,1e-06,256,1827,3000,2.1380678708264913e-12,97,97,138,420,1,1,0.0,1589,2.8366458034137608e-257,2.577571132894398e-14,1.691625453653135e-186,2.577571132894398e-14,5.155142265788796e-14,2.4111218994166094e-08,43212,True,b=b_min
0.1,0.7,0.0,12,1e-06,256,1827,3000,2.1380678708264913e-12,2880,97,138,5149,2149,7200,24.0,5955,0.0,2.577571132894398e-14,2.4962635811568306e-279,2.577571132894398e-14,5.155142265788796e-14,2.4111218994166094e-08,129600,True,controle a posteriori 7200/2880
0.1,0.7,0.0,12,1e-09,1,1827,3000,5.473453749315818e-13,102,102,145,441,1,1,0.0,1580,2.8366458034137608e-257,4.091382750626029e-15,2.388806161340706e-185,4.091382750626029e-15,8.182765501252058e-15,1.494991257078751e-11,43212,True,b=b_min
0.1,0.7,0.0,12,1e-09,1,1827,3000,5.473453749315818e-13,2880,102,145,5167,2167,7200,24.0,5941,0.0,4.091382750626029e-15,3.2472720049580633e-279,4.091382750626029e-15,8.182765501252058e-15,1.494991257078751e-11,129600,True,controle a posteriori 7200/2880
0.1,0.7,0.0,12,1e-09,256,1827,3000,2.1380678708264916e-15,122,122,174,526,1,1,0.0,1542,2.8366458034137608e-257,1.6362454860990254e-17,4.888898989166205e-181,1.6362454860990254e-17,3.272490972198051e-17,1.5305832975886947e-11,43212,True,b=b_min
0.1,0.7,0.0,12,1e-09,256,1827,3000,2.1380678708264916e-15,2880,122,174,5240,2240,7200,24.0,5888,0.0,1.6362454860990254e-17,7.1078864540832e-279,1.6362454860990254e-17,3.272490972198051e-17,1.5305832975886947e-11,129600,True,controle a posteriori 7200/2880
0.1,0.7,1e-06,6,1e-06,1,3653,6000,2.737476047084588e-10,80,80,114,347,1,1,0.0,3439,0.0,6.445798015818633e-12,0.0,6.445798015818633e-12,1.2891596031637266e-11,4.7093000303570934e-08,43206,True,b=b_min
0.1,0.7,1e-06,6,1e-06,1,3653,6000,2.737476047084588e-10,2880,80,114,5081,1,7200,12.0,7849,0.0,6.445798015818633e-12,0.0,6.445798015818633e-12,1.2891596031637266e-11,4.7093000303570934e-08,86400,True,controle a posteriori 7200/2880
0.1,0.7,1e-06,6,1e-06,256,3653,6000,1.0693265808924171e-12,100,100,142,431,1,1,0.0,3390,0.0,2.5778910284733833e-14,0.0,2.5778910284733833e-14,5.1557820569467667e-14,4.821522394630794e-08,43206,True,b=b_min
0.1,0.7,1e-06,6,1e-06,256,3653,6000,1.0693265808924171e-12,2880,100,142,5158,1,7200,12.0,7787,0.0,2.5778910284733833e-14,0.0,2.5778910284733833e-14,5.1557820569467667e-14,4.821522394630794e-08,86400,True,controle a posteriori 7200/2880
0.1,0.7,1e-06,6,1e-09,1,3653,6000,2.737476047084588e-13,105,105,149,452,1,1,0.0,3379,0.0,4.091920392217001e-15,0.0,4.091920392217001e-15,8.183840784434002e-15,2.989557038553741e-11,43206,True,b=b_min
0.1,0.7,1e-06,6,1e-09,1,3653,6000,2.737476047084588e-13,2880,105,149,5176,1,7200,12.0,7772,0.0,4.091920392217001e-15,0.0,4.091920392217001e-15,8.183840784434002e-15,2.989557038553741e-11,86400,True,controle a posteriori 7200/2880
0.1,0.7,1e-06,6,1e-09,256,3653,6000,1.0693265808924172e-15,124,124,177,534,1,1,0.0,3333,0.0,1.6364963410948282e-17,0.0,1.6364963410948282e-17,3.2729926821896563e-17,3.0607980206179364e-11,43206,True,b=b_min
0.1,0.7,1e-06,6,1e-09,256,3653,6000,1.0693265808924172e-15,2880,124,177,5248,1,7200,12.0,7714,0.0,1.6364963410948282e-17,0.0,1.6364963410948282e-17,3.2729926821896563e-17,3.0607980206179364e-11,86400,True,controle a posteriori 7200/2880
0.1,0.7,1e-06,8,1e-06,1,2740,4500,3.6496350364963504e-10,79,79,112,343,1,1,0.0,2531,0.0,6.445798015818633e-12,1.1574622836004487e-295,6.445798015818633e-12,1.2891596031637266e-11,3.532297312668611e-08,43208,True,b=b_min
0.1,0.7,1e-06,8,1e-06,1,2740,4500,3.6496350364963504e-10,2880,79,112,5077,577,7200,16.0,6929,0.0,6.445798015818633e-12,0.0,6.445798015818633e-12,1.2891596031637266e-11,3.532297312668611e-08,100800,True,controle a posteriori 7200/2880
0.1,0.7,1e-06,8,1e-06,256,2740,4500,1.4256386861313869e-12,99,99,141,427,1,1,0.0,2486,0.0,2.5778910284733833e-14,1.1221300240200642e-290,2.5778910284733833e-14,5.1557820569467667e-14,3.61647176602474e-08,43208,True,b=b_min
0.1,0.7,1e-06,8,1e-06,256,2740,4500,1.4256386861313869e-12,2880,99,141,5154,654,7200,16.0,6870,0.0,2.5778910284733833e-14,0.0,2.5778910284733833e-14,5.1557820569467667e-14,3.61647176602474e-08,100800,True,controle a posteriori 7200/2880
0.1,0.7,1e-06,8,1e-09,1,2740,4500,3.6496350364963506e-13,104,104,147,448,1,1,0.0,2475,0.0,4.091920392217001e-15,2.0625215905863774e-289,4.091920392217001e-15,8.183840784434002e-15,2.2423723749349165e-11,43208,True,b=b_min
0.1,0.7,1e-06,8,1e-09,1,2740,4500,3.6496350364963506e-13,2880,104,147,5172,672,7200,16.0,6855,0.0,4.091920392217001e-15,0.0,4.091920392217001e-15,8.183840784434002e-15,2.2423723749349165e-11,100800,True,controle a posteriori 7200/2880
0.1,0.7,1e-06,8,1e-09,256,2740,4500,1.425638686131387e-15,123,123,176,530,1,1,0.0,2433,0.0,1.6364963410948282e-17,6.808426556491932e-285,1.6364963410948282e-17,3.2729926821896563e-17,2.2958079869951127e-11,43208,True,b=b_min
0.1,0.7,1e-06,8,1e-09,256,2740,4500,1.425638686131387e-15,2880,123,176,5245,745,7200,16.0,6800,0.0,1.6364963410948282e-17,0.0,1.6364963410948282e-17,3.2729926821896563e-17,2.2958079869951127e-11,100800,True,controle a posteriori 7200/2880
0.1,0.7,1e-06,10,1e-06,1,2192,3600,4.5620437956204375e-10,78,78,111,339,1,1,0.0,1989,9.094551049615584e-309,6.445798015818633e-12,7.117239214761657e-233,6.445798015818633e-12,1.2891596031637266e-11,2.8258378501348887e-08,43210,True,b=b_min
0.1,0.7,1e-06,10,1e-06,1,2192,3600,4.5620437956204375e-10,2880,78,111,5074,1474,7200,20.0,6379,0.0,6.445798015818633e-12,7.89545464e-316,6.445798015818633e-12,1.2891596031637266e-11,2.8258378501348887e-08,115200,True,controle a posteriori 7200/2880
0.1,0.7,1e-06,10,1e-06,256,2192,3600,1.7820483576642334e-12,98,98,139,423,1,1,0.0,1947,9.094551049615584e-309,2.5778910284733833e-14,4.100309661473879e-228,2.5778910284733833e-14,5.1557820569467667e-14,2.8931774128197922e-08,43210,True,b=b_min
0.1,0.7,1e-06,10,1e-06,256,2192,3600,1.7820483576642334e-12,2880,98,139,5151,1551,7200,20.0,6320,0.0,2.5778910284733833e-14,1.75838043e-315,2.5778910284733833e-14,5.1557820569467667e-14,2.8931774128197922e-08,115200,True,controle a posteriori 7200/2880
0.1,0.7,1e-06,10,1e-09,1,2192,3600,4.562043795620439e-13,103,103,146,445,1,1,0.0,1937,9.094551049615584e-309,4.091920392217001e-15,6.529806020135529e-227,4.091920392217001e-15,8.183840784434002e-15,1.7938978999479332e-11,43210,True,b=b_min
0.1,0.7,1e-06,10,1e-09,1,2192,3600,4.562043795620439e-13,2880,103,146,5169,1569,7200,20.0,6306,0.0,4.091920392217001e-15,2.29977157e-315,4.091920392217001e-15,8.183840784434002e-15,1.7938978999479332e-11,115200,True,controle a posteriori 7200/2880
0.1,0.7,1e-06,10,1e-09,256,2192,3600,1.782048357664234e-15,123,123,175,529,1,1,0.0,1897,9.094551049615584e-309,1.6364963410948282e-17,1.977938007976418e-222,1.6364963410948282e-17,3.2729926821896563e-17,1.83664638959609e-11,43210,True,b=b_min
0.1,0.7,1e-06,10,1e-09,256,2192,3600,1.782048357664234e-15,2880,123,175,5242,1642,7200,20.0,6252,0.0,1.6364963410948282e-17,5.135448786e-315,1.6364963410948282e-17,3.2729926821896563e-17,1.83664638959609e-11,115200,True,controle a posteriori 7200/2880
0.1,0.7,1e-06,12,1e-06,1,1827,3000,5.473453749315818e-10,77,77,110,336,1,1,0.0,1630,1.597174961980767e-257,6.445798015818633e-12,3.2821370074970954e-191,6.445798015818633e-12,1.2891596031637266e-11,2.3552945949801286e-08,43212,True,b=b_min
0.1,0.7,1e-06,12,1e-06,1,1827,3000,5.473453749315818e-10,2880,77,110,5072,2072,7200,24.0,6013,0.0,6.445798015818633e-12,7.3565705525706385e-280,6.445798015818633e-12,1.2891596031637266e-11,2.3552945949801286e-08,129600,True,controle a posteriori 7200/2880
0.1,0.7,1e-06,12,1e-06,256,1827,3000,2.1380678708264913e-12,97,97,138,420,1,1,0.0,1590,1.597174961980767e-257,2.5778910284733833e-14,1.1966907208512706e-186,2.5778910284733833e-14,5.1557820569467667e-14,2.411421137418686e-08,43212,True,b=b_min
0.1,0.7,1e-06,12,1e-06,256,1827,3000,2.1380678708264913e-12,2880,97,138,5148,2148,7200,24.0,5955,0.0,2.5778910284733833e-14,1.6125877035949021e-279,2.5778910284733833e-14,5.1557820569467667e-14,2.411421137418686e-08,129600,True,controle a posteriori 7200/2880
0.1,0.7,1e-06,12,1e-09,1,1827,3000,5.473453749315818e-13,102,102,145,441,1,1,0.0,1580,1.597174961980767e-257,4.091920392217001e-15,1.738239273449432e-185,4.091920392217001e-15,8.183840784434002e-15,1.495187711316092e-11,43212,True,b=b_min
0.1,0.7,1e-06,12,1e-09,1,1827,3000,5.473453749315818e-13,2880,102,145,5167,2167,7200,24.0,5941,0.0,4.091920392217001e-15,2.0964007272328615e-279,4.091920392217001e-15,8.183840784434002e-15,1.495187711316092e-11,129600,True,controle a posteriori 7200/2880
0.1,0.7,1e-06,12,1e-09,256,1827,3000,2.1380678708264916e-15,122,122,174,525,1,1,0.0,1542,1.597174961980767e-257,1.6364963410948282e-17,3.495183317254537e-181,1.6364963410948282e-17,3.2729926821896563e-17,1.5308179533722886e-11,43212,True,b=b_min
0.1,0.7,1e-06,12,1e-09,256,1827,3000,2.1380678708264916e-15,2880,122,174,5240,2240,7200,24.0,5888,0.0,1.6364963410948282e-17,4.591835855539865e-279,1.6364963410948282e-17,3.2729926821896563e-17,1.5308179533722886e-11,129600,True,controle a posteriori 7200/2880
0.1,0.7,0.0001,6,1e-06,1,3653,6000,2.737476047084588e-10,80,80,114,347,1,1,0.0,3438,0.0,6.511328729025022e-12,0.0,6.511328729025022e-12,1.3022657458050044e-11,4.757176769425681e-08,43206,True,b=b_min
0.1,0.7,0.0001,6,1e-06,1,3653,6000,2.737476047084588e-10,2880,80,114,5082,1,7200,12.0,7848,0.0,6.511328729025022e-12,0.0,6.511328729025022e-12,1.3022657458050044e-11,4.757176769425681e-08,86400,True,controle a posteriori 7200/2880
0.1,0.7,0.0001,6,1e-06,256,3653,6000,1.0693265808924171e-12,100,100,142,431,1,1,0.0,3390,0.0,2.6097495188274413e-14,0.0,2.6097495188274413e-14,5.2194990376548826e-14,4.881108476045641e-08,43206,True,b=b_min
0.1,0.7,0.0001,6,1e-06,256,3653,6000,1.0693265808924171e-12,2880,100,142,5158,1,7200,12.0,7786,0.0,2.6097495188274413e-14,0.0,2.6097495188274413e-14,5.2194990376548826e-14,4.881108476045641e-08,86400,True,controle a posteriori 7200/2880
0.1,0.7,0.0001,6,1e-09,1,3653,6000,2.737476047084588e-13,105,105,149,452,1,1,0.0,3378,0.0,4.1454838515983385e-15,0.0,4.1454838515983385e-15,8.290967703196677e-15,3.028690501977746e-11,43206,True,b=b_min
0.1,0.7,0.0001,6,1e-09,1,3653,6000,2.737476047084588e-13,2880,105,149,5177,1,7200,12.0,7771,0.0,4.1454838515983385e-15,0.0,4.1454838515983385e-15,8.290967703196677e-15,3.028690501977746e-11,86400,True,controle a posteriori 7200/2880
0.1,0.7,0.0001,6,1e-09,256,3653,6000,1.0693265808924172e-15,124,124,177,535,1,1,0.0,3333,0.0,1.6615156348642273e-17,0.0,1.6615156348642273e-17,3.3230312697284546e-17,3.10759250644942e-11,43206,True,b=b_min
0.1,0.7,0.0001,6,1e-09,256,3653,6000,1.0693265808924172e-15,2880,124,177,5249,1,7200,12.0,7713,0.0,1.6615156348642273e-17,0.0,1.6615156348642273e-17,3.3230312697284546e-17,3.10759250644942e-11,86400,True,controle a posteriori 7200/2880
0.1,0.7,0.0001,8,1e-06,1,2740,4500,3.6496350364963504e-10,79,79,112,343,1,1,0.0,2530,0.0,6.511328729025022e-12,1.7415493292672726e-295,6.511328729025022e-12,1.3022657458050044e-11,3.568208143505712e-08,43208,True,b=b_min
0.1,0.7,0.0001,8,1e-06,1,2740,4500,3.6496350364963504e-10,2880,79,112,5078,578,7200,16.0,6929,0.0,6.511328729025022e-12,0.0,6.511328729025022e-12,1.3022657458050044e-11,3.568208143505712e-08,100800,True,controle a posteriori 7200/2880
0.1,0.7,0.0001,8,1e-06,256,2740,4500,1.4256386861313869e-12,99,99,141,427,1,1,0.0,2486,0.0,2.6097495188274413e-14,1.6885745976699633e-290,2.6097495188274413e-14,5.2194990376548826e-14,3.6611654049726405e-08,43208,True,b=b_min
0.1,0.7,0.0001,8,1e-06,256,2740,4500,1.4256386861313869e-12,2880,99,141,5154,654,7200,16.0,6869,0.0,2.6097495188274413e-14,0.0,2.6097495188274413e-14,5.2194990376548826e-14,3.6611654049726405e-08,100800,True,controle a posteriori 7200/2880
0.1,0.7,0.0001,8,1e-09,1,2740,4500,3.6496350364963506e-13,104,104,148,448,1,1,0.0,2475,0.0,4.1454838515983385e-15,3.12578270136925e-289,4.1454838515983385e-15,8.290967703196677e-15,2.2717251506758896e-11,43208,True,b=b_min
0.1,0.7,0.0001,8,1e-09,1,2740,4500,3.6496350364963506e-13,2880,104,148,5173,673,7200,16.0,6854,0.0,4.1454838515983385e-15,0.0,4.1454838515983385e-15,8.290967703196677e-15,2.2717251506758896e-11,100800,True,controle a posteriori 7200/2880
0.1,0.7,0.0001,8,1e-09,256,2740,4500,1.425638686131387e-15,123,123,176,531,1,1,0.0,2433,0.0,1.6615156348642273e-17,1.020574555208626e-284,1.6615156348642273e-17,3.3230312697284546e-17,2.3309070538383272e-11,43208,True,b=b_min
0.1,0.7,0.0001,8,1e-09,256,2740,4500,1.425638686131387e-15,2880,123,176,5245,745,7200,16.0,6799,0.0,1.6615156348642273e-17,0.0,1.6615156348642273e-17,3.3230312697284546e-17,2.3309070538383272e-11,100800,True,controle a posteriori 7200/2880
0.1,0.7,0.0001,10,1e-06,1,2192,3600,4.5620437956204375e-10,78,78,111,339,1,1,0.0,1989,1.478468582171805e-308,6.511328729025022e-12,9.943354159833626e-233,6.511328729025022e-12,1.3022657458050044e-11,2.8545665148045698e-08,43210,True,b=b_min
0.1,0.7,0.0001,10,1e-06,1,2192,3600,4.5620437956204375e-10,2880,78,111,5075,1475,7200,20.0,6378,0.0,6.511328729025022e-12,1.275797753e-315,6.511328729025022e-12,1.3022657458050044e-11,2.8545665148045698e-08,115200,True,controle a posteriori 7200/2880
0.1,0.7,0.0001,10,1e-06,256,2192,3600,1.7820483576642334e-12,98,98,139,423,1,1,0.0,1947,1.478468582171805e-308,2.6097495188274413e-14,5.553387512473599e-228,2.6097495188274413e-14,5.2194990376548826e-14,2.9289323239781126e-08,43210,True,b=b_min
0.1,0.7,0.0001,10,1e-06,256,2192,3600,1.7820483576642334e-12,2880,98,139,5151,1551,7200,20.0,6320,0.0,2.6097495188274413e-14,2.837932486e-315,2.6097495188274413e-14,5.2194990376548826e-14,2.9289323239781126e-08,115200,True,controle a posteriori 7200/2880
0.1,0.7,0.0001,10,1e-09,1,2192,3600,4.562043795620439e-13,103,103,146,445,1,1,0.0,1936,1.478468582171805e-308,4.1454838515983385e-15,8.869808492493007e-227,4.1454838515983385e-15,8.290967703196677e-15,1.8173801205407116e-11,43210,True,b=b_min
0.1,0.7,0.0001,10,1e-09,1,2192,3600,4.562043795620439e-13,2880,103,146,5170,1570,7200,20.0,6306,0.0,4.1454838515983385e-15,3.69762104e-315,4.1454838515983385e-15,8.290967703196677e-15,1.8173801205407116e-11,115200,True,controle a posteriori 7200/2880
0.1,0.7,0.0001,10,1e-09,256,2192,3600,1.782048357664234e-15,123,123,175,529,1,1,0.0,1897,1.478468582171805e-308,1.6615156348642273e-17,2.7005636856313306e-222,1.6615156348642273e-17,3.3230312697284546e-17,1.864725643070662e-11,43210,True,b=b_min
0.1,0.7,0.0001,10,1e-09,256,2192,3600,1.782048357664234e-15,2880,123,175,5243,1643,7200,20.0,6251,0.0,1.6615156348642273e-17,8.24673696e-315,1.6615156348642273e-17,3.3230312697284546e-17,1.864725643070662e-11,115200,True,controle a posteriori 7200/2880
0.1,0.7,0.0001,12,1e-06,1,1827,3000,5.473453749315818e-10,78,78,110,338,1,1,0.0,1629,2.394621840182797e-257,6.511328729025022e-12,6.772151906852069e-191,6.511328729025022e-12,1.3022657458050044e-11,2.379239517585743e-08,43212,True,b=b_min
0.1,0.7,0.0001,12,1e-06,1,1827,3000,5.473453749315818e-10,2880,78,110,5072,2072,7200,24.0,6012,0.0,6.511328729025022e-12,1.1295389330574454e-279,6.511328729025022e-12,1.3022657458050044e-11,2.379239517585743e-08,129600,True,controle a posteriori 7200/2880
0.1,0.7,0.0001,12,1e-06,256,1827,3000,2.1380678708264913e-12,97,97,139,420,1,1,0.0,1589,2.394621840182797e-257,2.6097495188274413e-14,1.5550154328874193e-186,2.6097495188274413e-14,5.2194990376548826e-14,2.4412223338996405e-08,43212,True,b=b_min
0.1,0.7,0.0001,12,1e-06,256,1827,3000,2.1380678708264913e-12,2880,97,139,5149,2149,7200,24.0,5954,0.0,2.6097495188274413e-14,2.4750874006856336e-279,2.6097495188274413e-14,5.2194990376548826e-14,2.4412223338996405e-08,129600,True,controle a posteriori 7200/2880
0.1,0.7,0.0001,12,1e-09,1,1827,3000,5.473453749315818e-13,102,102,145,441,1,1,0.0,1580,2.394621840182797e-257,4.1454838515983385e-15,2.2395542876476126e-185,4.1454838515983385e-15,8.290967703196677e-15,1.5147597993740327e-11,43212,True,b=b_min
0.1,0.7,0.0001,12,1e-09,1,1827,3000,5.473453749315818e-13,2880,102,145,5168,2168,7200,24.0,5941,0.0,4.1454838515983385e-15,3.210355541823114e-279,4.1454838515983385e-15,8.290967703196677e-15,1.5147597993740327e-11,129600,True,controle a posteriori 7200/2880
0.1,0.7,0.0001,12,1e-09,256,1827,3000,2.1380678708264916e-15,122,122,174,526,1,1,0.0,1542,2.394621840182797e-257,1.6615156348642273e-17,4.512206124324351e-181,1.6615156348642273e-17,3.3230312697284546e-17,1.554221601227235e-11,43212,True,b=b_min
0.1,0.7,0.0001,12,1e-09,256,1827,3000,2.1380678708264916e-15,2880,122,174,5240,2240,7200,24.0,5887,0.0,1.6615156348642273e-17,7.0294787401991755e-279,1.6615156348642273e-17,3.3230312697284546e-17,1.554221601227235e-11,129600,True,controle a posteriori 7200/2880
0.1,0.7,0.001,6,1e-06,1,3653,6000,2.737476047084588e-10,81,81,115,352,1,1,0.0,3434,0.0,1.14109427154262e-12,0.0,1.14109427154262e-12,2.28218854308524e-12,8.336834747890382e-09,43206,True,b=b_min
0.1,0.7,0.001,6,1e-06,1,3653,6000,2.737476047084588e-10,2880,81,115,5089,1,7200,12.0,7839,0.0,1.14109427154262e-12,0.0,1.14109427154262e-12,2.28218854308524e-12,8.336834747890382e-09,86400,True,controle a posteriori 7200/2880
0.1,0.7,0.001,6,1e-06,256,3653,6000,1.0693265808924171e-12,100,100,143,434,1,1,0.0,3385,0.0,4.664293066707733e-15,0.0,4.664293066707733e-15,9.328586133415467e-15,8.723795237213875e-09,43206,True,b=b_min
0.1,0.7,0.001,6,1e-06,256,3653,6000,1.0693265808924171e-12,2880,100,143,5165,1,7200,12.0,7777,0.0,4.664293066707733e-15,0.0,4.664293066707733e-15,9.328586133415467e-15,8.723795237213875e-09,86400,True,controle a posteriori 7200/2880
0.1,0.7,0.001,6,1e-09,1,3653,6000,2.737476047084588e-13,105,105,150,454,1,1,0.0,3374,0.0,4.664293066707733e-15,0.0,4.664293066707733e-15,9.328586133415467e-15,3.40773251453667e-11,43206,True,b=b_min
0.1,0.7,0.001,6,1e-09,1,3653,6000,2.737476047084588e-13,2880,105,150,5183,1,7200,12.0,7763,0.0,4.664293066707733e-15,0.0,4.664293066707733e-15,9.328586133415467e-15,3.40773251453667e-11,86400,True,controle a posteriori 7200/2880
0.1,0.7,0.001,6,1e-09,256,3653,6000,1.0693265808924172e-15,125,125,178,538,1,1,0.0,3329,0.0,1.9065584986880073e-17,0.0,1.9065584986880073e-17,3.8131169973760146e-17,3.565904996202133e-11,43206,True,b=b_min
0.1,0.7,0.001,6,1e-09,256,3653,6000,1.0693265808924172e-15,2880,125,178,5255,1,7200,12.0,7705,0.0,1.9065584986880073e-17,0.0,1.9065584986880073e-17,3.8131169973760146e-17,3.565904996202133e-11,86400,True,controle a posteriori 7200/2880
0.1,0.7,0.001,8,1e-06,1,2740,4500,3.6496350364963504e-10,79,79,113,344,1,1,0.0,2527,0.0,7.136743532552705e-12,7.207636391100438e-294,7.136743532552705e-12,1.427348706510541e-11,3.9109354558388825e-08,43208,True,b=b_min
0.1,0.7,0.001,8,1e-06,1,2740,4500,3.6496350364963504e-10,2880,79,113,5083,583,7200,16.0,6921,0.0,7.136743532552705e-12,0.0,7.136743532552705e-12,1.427348706510541e-11,3.9109354558388825e-08,100800,True,controle a posteriori 7200/2880
0.1,0.7,0.001,8,1e-06,256,2740,4500,1.4256386861313869e-12,99,99,142,428,1,1,0.0,2482,0.0,2.9171878439767917e-14,6.592523762853142e-289,2.9171878439767917e-14,5.834375687953583e-14,4.0924644825581616e-08,43208,True,b=b_min
0.1,0.7,0.001,8,1e-06,256,2740,4500,1.4256386861313869e-12,2880,99,142,5160,660,7200,16.0,6861,0.0,2.9171878439767917e-14,0.0,2.9171878439767917e-14,5.834375687953583e-14,4.0924644825581616e-08,100800,True,controle a posteriori 7200/2880
0.1,0.7,0.001,8,1e-09,1,2740,4500,3.6496350364963506e-13,104,104,148,450,1,1,0.0,2472,0.0,4.664293066707733e-15,1.1838199491322567e-287,4.664293066707733e-15,9.328586133415467e-15,2.556032600555838e-11,43208,True,b=b_min
0.1,0.7,0.001,8,1e-09,1,2740,4500,3.6496350364963506e-13,2880,104,148,5179,679,7200,16.0,6847,0.0,4.664293066707733e-15,0.0,4.664293066707733e-15,9.328586133415467e-15,2.556032600555838e-11,100800,True,controle a posteriori 7200/2880
0.1,0.7,0.001,8,1e-09,256,2740,4500,1.425638686131387e-15,124,124,177,534,1,1,0.0,2430,0.0,1.9065584986880073e-17,5.841968196849259e-283,1.9065584986880073e-17,3.8131169973760146e-17,2.6746727866394317e-11,43208,True,b=b_min
0.1,0.7,0.001,8,1e-09,256,2740,4500,1.425638686131387e-15,2880,124,177,5251,751,7200,16.0,6791,0.0,1.9065584986880073e-17,0.0,1.9065584986880073e-17,3.8131169973760146e-17,2.6746727866394317e-11,100800,True,controle a posteriori 7200/2880
0.1,0.7,0.001,10,1e-06,1,2192,3600,4.5620437956204375e-10,79,79,112,342,1,1,0.0,1986,1.2113092626849519e-306,7.136743532552705e-12,3.004219334190846e-231,7.136743532552705e-12,1.427348706510541e-11,3.128748364671106e-08,43210,True,b=b_min
0.1,0.7,0.001,10,1e-06,1,2192,3600,4.5620437956204375e-10,2880,79,112,5080,1480,7200,20.0,6372,0.0,7.136743532552705e-12,9.666672654e-314,7.136743532552705e-12,1.427348706510541e-11,3.128748364671106e-08,115200,True,controle a posteriori 7200/2880
0.1,0.7,0.001,10,1e-06,256,2192,3600,1.7820483576642334e-12,99,99,140,427,1,1,0.0,1944,1.2113092626849519e-306,2.9171878439767917e-14,1.5799813921459563e-226,2.9171878439767917e-14,5.834375687953583e-14,3.2739715860465294e-08,43210,True,b=b_min
0.1,0.7,0.001,10,1e-06,256,2192,3600,1.7820483576642334e-12,2880,99,140,5157,1557,7200,20.0,6313,0.0,2.9171878439767917e-14,2.14148542157e-313,2.9171878439767917e-14,5.834375687953583e-14,3.2739715860465294e-08,115200,True,controle a posteriori 7200/2880
0.1,0.7,0.001,10,1e-09,1,2192,3600,4.562043795620439e-13,104,104,147,448,1,1,0.0,1934,1.2113092626849519e-306,4.664293066707733e-15,2.4561547648107046e-225,4.664293066707733e-15,9.328586133415467e-15,2.0448260804446702e-11,43210,True,b=b_min
0.1,0.7,0.001,10,1e-09,1,2192,3600,4.562043795620439e-13,2880,104,147,5176,1576,7200,20.0,6299,0.0,4.664293066707733e-15,2.7861795871e-313,4.664293066707733e-15,9.328586133415467e-15,2.0448260804446702e-11,115200,True,controle a posteriori 7200/2880
0.1,0.7,0.001,10,1e-09,256,2192,3600,1.782048357664234e-15,123,123,176,531,1,1,0.0,1894,1.2113092626849519e-306,1.9065584986880073e-17,4.478336696203914e-221,1.9065584986880073e-17,3.8131169973760146e-17,2.1397382293115453e-11,43210,True,b=b_min
0.1,0.7,0.001,10,1e-09,256,2192,3600,1.782048357664234e-15,2880,123,176,5249,1649,7200,20.0,6244,0.0,1.9065584986880073e-17,6.1899758615e-313,1.9065584986880073e-17,3.8131169973760146e-17,2.1397382293115453e-11,115200,True,controle a posteriori 7200/2880
0.1,0.7,0.001,12,1e-06,1,1827,3000,5.473453749315818e-10,78,78,111,339,1,1,0.0,1627,9.418719614639074e-256,7.136743532552705e-12,7.510011356294589e-190,7.136743532552705e-12,1.427348706510541e-11,2.6077660867947585e-08,43212,True,b=b_min
0.1,0.7,0.001,12,1e-06,1,1827,3000,5.473453749315818e-10,2880,78,111,5078,2078,7200,24.0,6006,0.0,7.136743532552705e-12,5.463258283783368e-278,7.136743532552705e-12,1.427348706510541e-11,2.6077660867947585e-08,129600,True,controle a posteriori 7200/2880
0.1,0.7,0.001,12,1e-06,256,1827,3000,2.1380678708264913e-12,98,98,139,423,1,1,0.0,1587,9.418719614639074e-256,2.9171878439767917e-14,2.6032808569458818e-185,2.9171878439767917e-14,5.834375687953583e-14,2.7288075217641463e-08,43212,True,b=b_min
0.1,0.7,0.001,12,1e-06,256,1827,3000,2.1380678708264913e-12,2880,98,139,5155,2155,7200,24.0,5948,0.0,2.9171878439767917e-14,1.1922655308617028e-277,2.9171878439767917e-14,5.834375687953583e-14,2.7288075217641463e-08,129600,True,controle a posteriori 7200/2880
0.1,0.7,0.001,12,1e-09,1,1827,3000,5.473453749315818e-13,103,103,146,445,1,1,0.0,1577,9.418719614639074e-256,4.664293066707733e-15,3.5728960360959405e-184,4.664293066707733e-15,9.328586133415467e-15,1.7043326865750058e-11,43212,True,b=b_min
0.1,0.7,0.001,12,1e-09,1,1827,3000,5.473453749315818e-13,2880,103,146,5174,2174,7200,24.0,5934,0.0,4.664293066707733e-15,1.5603918525380034e-277,4.664293066707733e-15,9.328586133415467e-15,1.7043326865750058e-11,129600,True,controle a posteriori 7200/2880
0.1,0.7,0.001,12,1e-09,256,1827,3000,2.1380678708264916e-15,123,123,175,529,1,1,0.0,1539,9.418719614639074e-256,1.9065584986880073e-17,6.862250940267534e-180,1.9065584986880073e-17,3.8131169973760146e-17,1.7834405770767306e-11,43212,True,b=b_min
0.1,0.7,0.001,12,1e-09,256,1827,3000,2.1380678708264916e-15,2880,123,175,5247,2247,7200,24.0,5880,0.0,1.9065584986880073e-17,3.4030043595854763e-277,1.9065584986880073e-17,3.8131169973760146e-17,1.7834405770767306e-11,129600,True,controle a posteriori 7200/2880
0.1,0.7,0.01,6,1e-06,1,3653,6000,2.737476047084588e-10,86,86,122,372,1,1,0.0,3394,0.0,2.9741495814721482e-12,0.0,2.9741495814721482e-12,5.9482991629442965e-12,2.1729136842235514e-08,43206,True,b=b_min
0.1,0.7,0.01,6,1e-06,1,3653,6000,2.737476047084588e-10,2880,86,122,5145,1,7200,12.0,7759,0.0,2.9741495814721482e-12,0.0,2.9741495814721482e-12,5.9482991629442965e-12,2.1729136842235514e-08,86400,True,controle a posteriori 7200/2880
0.1,0.7,0.01,6,1e-06,256,3653,6000,1.0693265808924171e-12,107,107,152,461,1,1,0.0,3345,0.0,1.4724324109414923e-14,0.0,1.4724324109414923e-14,2.9448648218829845e-14,2.753943345750667e-08,43206,True,b=b_min
0.1,0.7,0.01,6,1e-06,256,3653,6000,1.0693265808924171e-12,2880,107,152,5224,1,7200,12.0,7695,0.0,1.4724324109414923e-14,0.0,1.4724324109414923e-14,2.9448648218829845e-14,2.753943345750667e-08,86400,True,controle a posteriori 7200/2880
0.1,0.7,0.01,6,1e-09,1,3653,6000,2.737476047084588e-13,112,112,160,483,1,1,0.0,3333,0.0,2.5095328729049324e-15,0.0,2.5095328729049324e-15,5.019065745809865e-15,1.8334647169443435e-11,43206,True,b=b_min
0.1,0.7,0.01,6,1e-09,1,3653,6000,2.737476047084588e-13,2880,112,160,5244,1,7200,12.0,7680,0.0,2.5095328729049324e-15,0.0,2.5095328729049324e-15,5.019065745809865e-15,1.8334647169443435e-11,86400,True,controle a posteriori 7200/2880
0.1,0.7,0.01,6,1e-09,256,3653,6000,1.0693265808924172e-15,134,134,190,574,1,1,0.0,3286,0.0,1.2424114649133838e-17,0.0,1.2424114649133838e-17,2.4848229298267676e-17,2.3237268896402387e-11,43206,True,b=b_min
0.1,0.7,0.01,6,1e-09,256,3653,6000,1.0693265808924172e-15,2880,134,190,5319,1,7200,12.0,7621,0.0,1.2424114649133838e-17,0.0,1.2424114649133838e-17,2.4848229298267676e-17,2.3237268896402387e-11,86400,True,controle a posteriori 7200/2880
0.1,0.7,0.01,8,1e-06,1,2740,4500,3.6496350364963504e-10,85,85,120,368,1,1,0.0,2496,0.0,2.9741495814721482e-12,4.894778229094825e-276,2.9741495814721482e-12,5.9482991629442965e-12,1.6298339706467373e-08,43208,True,b=b_min
0.1,0.7,0.01,8,1e-06,1,2740,4500,3.6496350364963504e-10,2880,85,120,5141,641,7200,16.0,6849,0.0,2.9741495814721482e-12,0.0,2.9741495814721482e-12,5.9482991629442965e-12,1.6298339706467373e-08,100800,True,controle a posteriori 7200/2880
0.1,0.7,0.01,8,1e-06,256,2740,4500,1.4256386861313869e-12,106,106,151,457,1,1,0.0,2450,0.0,1.4724324109414923e-14,3.246207263635863e-271,1.4724324109414923e-14,2.9448648218829845e-14,2.0656459806616006e-08,43208,True,b=b_min
0.1,0.7,0.01,8,1e-06,256,2740,4500,1.4256386861313869e-12,2880,106,151,5221,721,7200,16.0,6788,0.0,1.4724324109414923e-14,0.0,1.4724324109414923e-14,2.9448648218829845e-14,2.0656459806616006e-08,100800,True,controle a posteriori 7200/2880
0.1,0.7,0.01,8,1e-09,1,2740,4500,3.6496350364963506e-13,111,111,158,479,1,1,0.0,2439,0.0,2.5095328729049324e-15,4.745329253569234e-270,2.5095328729049324e-15,5.019065745809865e-15,1.375224014351903e-11,43208,True,b=b_min
0.1,0.7,0.01,8,1e-09,1,2740,4500,3.6496350364963506e-13,2880,111,158,5240,740,7200,16.0,6773,0.0,2.5095328729049324e-15,0.0,2.5095328729049324e-15,5.019065745809865e-15,1.375224014351903e-11,100800,True,controle a posteriori 7200/2880
0.1,0.7,0.01,8,1e-09,256,2740,4500,1.425638686131387e-15,133,133,189,570,1,1,0.0,2396,0.0,1.2424114649133838e-17,2.6626239690374965e-265,1.2424114649133838e-17,2.4848229298267676e-17,1.7429541958976878e-11,43208,True,b=b_min
0.1,0.7,0.01,8,1e-09,256,2740,4500,1.425638686131387e-15,2880,133,189,5315,815,7200,16.0,6716,0.0,1.2424114649133838e-17,0.0,1.2424114649133838e-17,2.4848229298267676e-17,1.7429541958976878e-11,100800,True,controle a posteriori 7200/2880
0.1,0.7,0.01,10,1e-06,1,2192,3600,4.5620437956204375e-10,84,84,119,365,1,1,0.0,1960,2.2869173140078308e-287,2.9741495814721482e-12,3.631701279480965e-217,2.9741495814721482e-12,5.9482991629442965e-12,1.3038671765173898e-08,43210,True,b=b_min
0.1,0.7,0.01,10,1e-06,1,2192,3600,4.5620437956204375e-10,2880,84,119,5138,1538,7200,20.0,6304,0.0,2.9741495814721482e-12,8.494503783423606e-295,2.9741495814721482e-12,5.9482991629442965e-12,1.3038671765173898e-08,115200,True,controle a posteriori 7200/2880
0.1,0.7,0.01,10,1e-06,256,2192,3600,1.7820483576642334e-12,105,105,149,453,1,1,0.0,1917,2.2869173140078308e-287,1.4724324109414923e-14,1.3957229493258903e-212,1.4724324109414923e-14,2.9448648218829845e-14,1.6525167845292805e-08,43210,True,b=b_min
0.1,0.7,0.01,10,1e-06,256,2192,3600,1.7820483576642334e-12,2880,105,149,5218,1618,7200,20.0,6244,0.0,1.4724324109414923e-14,1.8103288762294227e-294,1.4724324109414923e-14,2.9448648218829845e-14,1.6525167845292805e-08,115200,True,controle a posteriori 7200/2880
0.1,0.7,0.01,10,1e-09,1,2192,3600,4.562043795620439e-13,111,111,157,477,1,1,0.0,1906,2.2869173140078308e-287,2.5095328729049324e-15,2.7845268082421653e-211,2.5095328729049324e-15,5.019065745809865e-15,1.1001792114815223e-11,43210,True,b=b_min
0.1,0.7,0.01,10,1e-09,1,2192,3600,4.562043795620439e-13,2880,111,157,5237,1637,7200,20.0,6230,0.0,2.5095328729049324e-15,2.344583648502034e-294,2.5095328729049324e-15,5.019065745809865e-15,1.1001792114815223e-11,115200,True,controle a posteriori 7200/2880
0.1,0.7,0.01,10,1e-09,256,2192,3600,1.782048357664234e-15,132,132,187,566,1,1,0.0,1866,2.2869173140078308e-287,1.2424114649133838e-17,5.940902991787541e-207,1.2424114649133838e-17,2.4848229298267676e-17,1.3943633567181504e-11,43210,True,b=b_min
0.1,0.7,0.01,10,1e-09,256,2192,3600,1.782048357664234e-15,2880,132,187,5313,1713,7200,20.0,6174,0.0,1.2424114649133838e-17,5.0140721739740195e-294,1.2424114649133838e-17,2.4848229298267676e-17,1.3943633567181504e-11,115200,True,controle a posteriori 7200/2880
0.1,0.7,0.01,12,1e-06,1,1827,3000,5.473453749315818e-10,83,83,118,361,1,1,0.0,1605,1.0856227719379474e-239,2.9741495814721482e-12,3.981257571905422e-178,2.9741495814721482e-12,5.9482991629442965e-12,1.086754257069923e-08,43212,True,b=b_min
0.1,0.7,0.01,12,1e-06,1,1827,3000,5.473453749315818e-10,2880,83,118,5135,2135,7200,24.0,5942,0.0,2.9741495814721482e-12,5.181103945039679e-261,2.9741495814721482e-12,5.9482991629442965e-12,1.086754257069923e-08,129600,True,controle a posteriori 7200/2880
0.1,0.7,0.01,12,1e-06,256,1827,3000,2.1380678708264913e-12,105,105,148,452,1,1,0.0,1563,1.0856227719379474e-239,1.4724324109414923e-14,1.5550844698056318e-173,1.4724324109414923e-14,2.9448648218829845e-14,1.3773486155725344e-08,43212,True,b=b_min
0.1,0.7,0.01,12,1e-06,256,1827,3000,2.1380678708264913e-12,2880,105,148,5215,2215,7200,24.0,5883,0.0,1.4724324109414923e-14,1.0873473138133376e-260,1.4724324109414923e-14,2.9448648218829845e-14,1.3773486155725344e-08,129600,True,controle a posteriori 7200/2880
0.1,0.7,0.01,12,1e-09,1,1827,3000,5.473453749315818e-13,110,110,156,474,1,1,0.0,1553,1.0856227719379474e-239,2.5095328729049324e-15,1.8003000572005624e-172,2.5095328729049324e-15,5.019065745809865e-15,9.169833117594622e-12,43212,True,b=b_min
0.1,0.7,0.01,12,1e-09,1,1827,3000,5.473453749315818e-13,2880,110,156,5235,2235,7200,24.0,5869,0.0,2.5095328729049324e-15,1.4004805072344754e-260,2.5095328729049324e-15,5.019065745809865e-15,9.169833117594622e-12,129600,True,controle a posteriori 7200/2880
0.1,0.7,0.01,12,1e-09,256,1827,3000,2.1380678708264916e-15,131,131,186,563,1,1,0.0,1515,1.0856227719379474e-239,1.2424114649133838e-17,2.6422920365208064e-168,1.2424114649133838e-17,2.4848229298267676e-17,1.1621815021551372e-11,43212,True,b=b_min
0.1,0.7,0.01,12,1e-09,256,1827,3000,2.1380678708264916e-15,2880,131,186,5310,2310,7200,24.0,5814,0.0,1.2424114649133838e-17,2.942675557401263e-260,1.2424114649133838e-17,2.4848229298267676e-17,1.1621815021551372e-11,129600,True,controle a posteriori 7200/2880
0.1,1.0,0.0,6,1e-06,1,3653,6000,2.737476047084588e-10,58,58,58,164,1,1,0.0,5176,0.0,3.5407061614721525e-12,0.0,3.5407061614721525e-12,7.081412322944305e-12,2.5868399215715547e-08,43206,True,b=b_min
0.1,1.0,0.0,6,1e-06,1,3653,6000,2.737476047084588e-10,2880,58,58,3407,1,7200,12.0,11579,0.0,3.5407061614721525e-12,0.0,3.5407061614721525e-12,7.081412322944305e-12,2.5868399215715547e-08,86400,True,controle a posteriori 7200/2880
0.1,1.0,0.0,6,1e-06,256,3653,6000,1.0693265808924171e-12,73,73,73,205,1,1,0.0,5141,0.0,4.856935749618866e-15,0.0,4.856935749618866e-15,9.713871499237732e-15,9.084101782199152e-09,43206,True,b=b_min
0.1,1.0,0.0,6,1e-06,256,3653,6000,1.0693265808924171e-12,2880,73,73,3441,1,7200,12.0,11536,0.0,4.856935749618866e-15,0.0,4.856935749618866e-15,9.713871499237732e-15,9.084101782199152e-09,86400,True,controle a posteriori 7200/2880
0.1,1.0,0.0,6,1e-09,1,3653,6000,2.737476047084588e-13,76,76,76,214,1,1,0.0,5134,0.0,4.856935749618866e-15,0.0,4.856935749618866e-15,9.713871499237732e-15,3.548477258671544e-11,43206,True,b=b_min
0.1,1.0,0.0,6,1e-09,1,3653,6000,2.737476047084588e-13,2880,76,76,3449,1,7200,12.0,11526,0.0,4.856935749618866e-15,0.0,4.856935749618866e-15,9.713871499237732e-15,3.548477258671544e-11,86400,True,controle a posteriori 7200/2880
0.1,1.0,0.0,6,1e-09,256,3653,6000,1.0693265808924172e-15,90,90,90,254,1,1,0.0,5101,0.0,6.6624633053756755e-18,0.0,6.6624633053756755e-18,1.3324926610751351e-17,1.2461044968723119e-11,43206,True,b=b_min
0.1,1.0,0.0,6,1e-09,256,3653,6000,1.0693265808924172e-15,2880,90,90,3481,1,7200,12.0,11485,0.0,6.6624633053756755e-18,0.0,6.6624633053756755e-18,1.3324926610751351e-17,1.2461044968723119e-11,86400,True,controle a posteriori 7200/2880
0.1,1.0,0.0,8,1e-06,1,2740,4500,3.6496350364963504e-10,57,57,57,162,1,1,0.0,3849,0.0,3.5407061614721525e-12,0.0,3.5407061614721525e-12,7.081412322944305e-12,1.9403069764867397e-08,43208,True,b=b_min
0.1,1.0,0.0,8,1e-06,1,2740,4500,3.6496350364963504e-10,2880,57,57,3405,1,7200,16.0,10245,0.0,3.5407061614721525e-12,0.0,3.5407061614721525e-12,7.081412322944305e-12,1.9403069764867397e-08,100800,True,controle a posteriori 7200/2880
0.1,1.0,0.0,8,1e-06,256,2740,4500,1.4256386861313869e-12,72,72,72,203,1,1,0.0,3816,0.0,4.856935749618866e-15,0.0,4.856935749618866e-15,9.713871499237732e-15,6.8136980244253146e-09,43208,True,b=b_min
0.1,1.0,0.0,8,1e-06,256,2740,4500,1.4256386861313869e-12,2880,72,72,3439,1,7200,16.0,10203,0.0,4.856935749618866e-15,0.0,4.856935749618866e-15,9.713871499237732e-15,6.8136980244253146e-09,100800,True,controle a posteriori 7200/2880
0.1,1.0,0.0,8,1e-09,1,2740,4500,3.6496350364963506e-13,75,75,75,211,1,1,0.0,3809,0.0,4.856935749618866e-15,0.0,4.856935749618866e-15,9.713871499237732e-15,2.6616007907911385e-11,43208,True,b=b_min
0.1,1.0,0.0,8,1e-09,1,2740,4500,3.6496350364963506e-13,2880,75,75,3447,1,7200,16.0,10193,0.0,4.856935749618866e-15,0.0,4.856935749618866e-15,9.713871499237732e-15,2.6616007907911385e-11,100800,True,controle a posteriori 7200/2880
0.1,1.0,0.0,8,1e-09,256,2740,4500,1.425638686131387e-15,90,90,90,253,1,1,0.0,3779,0.0,6.6624633053756755e-18,0.0,6.6624633053756755e-18,1.3324926610751351e-17,9.346636521845427e-12,43208,True,b=b_min
0.1,1.0,0.0,8,1e-09,256,2740,4500,1.425638686131387e-15,2880,90,90,3480,1,7200,16.0,10154,0.0,6.6624633053756755e-18,0.0,6.6624633053756755e-18,1.3324926610751351e-17,9.346636521845427e-12,100800,True,controle a posteriori 7200/2880
0.1,1.0,0.0,10,1e-06,1,2192,3600,4.5620437956204375e-10,57,57,57,161,1,1,0.0,3054,0.0,3.5407061614721525e-12,0.0,3.5407061614721525e-12,7.081412322944305e-12,1.5522455811893916e-08,43210,True,b=b_min
0.1,1.0,0.0,10,1e-06,1,2192,3600,4.5620437956204375e-10,2880,57,57,3404,1,7200,20.0,9445,0.0,3.5407061614721525e-12,0.0,3.5407061614721525e-12,7.081412322944305e-12,1.5522455811893916e-08,115200,True,controle a posteriori 7200/2880
0.1,1.0,0.0,10,1e-06,256,2192,3600,1.7820483576642334e-12,71,71,71,200,1,1,0.0,3024,0.0,4.371242174656979e-14,0.0,4.371242174656979e-14,8.742484349313958e-14,4.905862577586226e-08,43210,True,b=b_min
0.1,1.0,0.0,10,1e-06,256,2192,3600,1.7820483576642334e-12,2880,71,71,3437,1,7200,20.0,9405,0.0,4.371242174656979e-14,0.0,4.371242174656979e-14,8.742484349313958e-14,4.905862577586226e-08,115200,True,controle a posteriori 7200/2880
0.1,1.0,0.0,10,1e-09,1,2192,3600,4.562043795620439e-13,75,75,75,211,1,1,0.0,3017,0.0,4.856935749618866e-15,0.0,4.856935749618866e-15,9.713871499237732e-15,2.129280632632911e-11,43210,True,b=b_min
0.1,1.0,0.0,10,1e-09,1,2192,3600,4.562043795620439e-13,2880,75,75,3446,1,7200,20.0,9395,0.0,4.856935749618866e-15,0.0,4.856935749618866e-15,9.713871499237732e-15,2.129280632632911e-11,115200,True,controle a posteriori 7200/2880
0.1,1.0,0.0,10,1e-09,256,2192,3600,1.782048357664234e-15,89,89,89,251,1,1,0.0,2988,0.0,6.6624633053756755e-18,0.0,6.6624633053756755e-18,1.3324926610751351e-17,7.477309217476343e-12,43210,True,b=b_min
0.1,1.0,0.0,10,1e-09,256,2192,3600,1.782048357664234e-15,2880,89,89,3479,1,7200,20.0,9356,0.0,6.6624633053756755e-18,0.0,6.6624633053756755e-18,1.3324926610751351e-17,7.477309217476343e-12,115200,True,controle a posteriori 7200/2880
0.1,1.0,0.0,12,1e-06,1,1827,3000,5.473453749315818e-10,56,56,56,159,1,1,0.0,2526,0.0,3.5407061614721525e-12,0.0,3.5407061614721525e-12,7.081412322944305e-12,1.2937740314019245e-08,43212,True,b=b_min
0.1,1.0,0.0,12,1e-06,1,1827,3000,5.473453749315818e-10,2880,56,56,3403,403,7200,24.0,8912,0.0,3.5407061614721525e-12,0.0,3.5407061614721525e-12,7.081412322944305e-12,1.2937740314019245e-08,129600,True,controle a posteriori 7200/2880
0.1,1.0,0.0,12,1e-06,256,1827,3000,2.1380678708264913e-12,71,71,71,199,1,1,0.0,2497,0.0,4.371242174656979e-14,0.0,4.371242174656979e-14,8.742484349313958e-14,4.08896483998633e-08,43212,True,b=b_min
0.1,1.0,0.0,12,1e-06,256,1827,3000,2.1380678708264913e-12,2880,71,71,3436,436,7200,24.0,8872,0.0,4.371242174656979e-14,0.0,4.371242174656979e-14,8.742484349313958e-14,4.08896483998633e-08,129600,True,controle a posteriori 7200/2880
0.1,1.0,0.0,12,1e-09,1,1827,3000,5.473453749315818e-13,74,74,74,209,1,1,0.0,2490,0.0,4.856935749618866e-15,0.0,4.856935749618866e-15,9.713871499237732e-15,1.7747243229107337e-11,43212,True,b=b_min
0.1,1.0,0.0,12,1e-09,1,1827,3000,5.473453749315818e-13,2880,74,74,3445,445,7200,24.0,8863,0.0,4.856935749618866e-15,0.0,4.856935749618866e-15,9.713871499237732e-15,1.7747243229107337e-11,129600,True,controle a posteriori 7200/2880
0.1,1.0,0.0,12,1e-09,256,1827,3000,2.1380678708264916e-15,89,89,89,250,1,1,0.0,2462,0.0,6.6624633053756755e-18,0.0,6.6624633053756755e-18,1.3324926610751351e-17,6.232228074967736e-12,43212,True,b=b_min
0.1,1.0,0.0,12,1e-09,256,1827,3000,2.1380678708264916e-15,2880,89,89,3478,478,7200,24.0,8825,0.0,6.6624633053756755e-18,0.0,6.6624633053756755e-18,1.3324926610751351e-17,6.232228074967736e-12,129600,True,controle a posteriori 7200/2880
0.1,1.0,1e-06,6,1e-06,1,3653,6000,2.737476047084588e-10,58,58,58,164,1,1,0.0,5176,0.0,3.5411310700059032e-12,0.0,3.5411310700059032e-12,7.0822621400118064e-12,2.587150359746313e-08,43206,True,b=b_min
0.1,1.0,1e-06,6,1e-06,1,3653,6000,2.737476047084588e-10,2880,58,58,3407,1,7200,12.0,11579,0.0,3.5411310700059032e-12,0.0,3.5411310700059032e-12,7.0822621400118064e-12,2.587150359746313e-08,86400,True,controle a posteriori 7200/2880
0.1,1.0,1e-06,6,1e-06,256,3653,6000,1.0693265808924171e-12,73,73,73,205,1,1,0.0,5141,0.0,4.857664341709992e-15,0.0,4.857664341709992e-15,9.715328683419984e-15,9.0854644942165e-09,43206,True,b=b_min
0.1,1.0,1e-06,6,1e-06,256,3653,6000,1.0693265808924171e-12,2880,73,73,3441,1,7200,12.0,11536,0.0,4.857664341709992e-15,0.0,4.857664341709992e-15,9.715328683419984e-15,9.0854644942165e-09,86400,True,controle a posteriori 7200/2880
0.1,1.0,1e-06,6,1e-09,1,3653,6000,2.737476047084588e-13,76,76,76,214,1,1,0.0,5134,0.0,4.857664341709992e-15,0.0,4.857664341709992e-15,9.715328683419984e-15,3.54900956805332e-11,43206,True,b=b_min
0.1,1.0,1e-06,6,1e-09,1,3653,6000,2.737476047084588e-13,2880,76,76,3449,1,7200,12.0,11526,0.0,4.857664341709992e-15,0.0,4.857664341709992e-15,9.715328683419984e-15,3.54900956805332e-11,86400,True,controle a posteriori 7200/2880
0.1,1.0,1e-06,6,1e-09,256,3653,6000,1.0693265808924172e-15,90,90,90,254,1,1,0.0,5101,0.0,6.6636626519112234e-18,0.0,6.6636626519112234e-18,1.3327325303822447e-17,1.246328814972503e-11,43206,True,b=b_min
0.1,1.0,1e-06,6,1e-09,256,3653,6000,1.0693265808924172e-15,2880,90,90,3481,1,7200,12.0,11485,0.0,6.6636626519112234e-18,0.0,6.6636626519112234e-18,1.3327325303822447e-17,1.246328814972503e-11,86400,True,controle a posteriori 7200/2880
0.1,1.0,1e-06,8,1e-06,1,2740,4500,3.6496350364963504e-10,57,57,57,162,1,1,0.0,3849,0.0,3.5411310700059032e-12,0.0,3.5411310700059032e-12,7.0822621400118064e-12,1.940539826363235e-08,43208,True,b=b_min
0.1,1.0,1e-06,8,1e-06,1,2740,4500,3.6496350364963504e-10,2880,57,57,3405,1,7200,16.0,10245,0.0,3.5411310700059032e-12,0.0,3.5411310700059032e-12,7.0822621400118064e-12,1.940539826363235e-08,100800,True,controle a posteriori 7200/2880
0.1,1.0,1e-06,8,1e-06,256,2740,4500,1.4256386861313869e-12,72,72,72,203,1,1,0.0,3816,0.0,4.857664341709992e-15,0.0,4.857664341709992e-15,9.715328683419984e-15,6.8147201516981136e-09,43208,True,b=b_min
0.1,1.0,1e-06,8,1e-06,256,2740,4500,1.4256386861313869e-12,2880,72,72,3439,1,7200,16.0,10203,0.0,4.857664341709992e-15,0.0,4.857664341709992e-15,9.715328683419984e-15,6.8147201516981136e-09,100800,True,controle a posteriori 7200/2880
0.1,1.0,1e-06,8,1e-09,1,2740,4500,3.6496350364963506e-13,75,75,75,211,1,1,0.0,3809,0.0,4.857664341709992e-15,0.0,4.857664341709992e-15,9.715328683419984e-15,2.6620000592570756e-11,43208,True,b=b_min
0.1,1.0,1e-06,8,1e-09,1,2740,4500,3.6496350364963506e-13,2880,75,75,3447,1,7200,16.0,10193,0.0,4.857664341709992e-15,0.0,4.857664341709992e-15,9.715328683419984e-15,2.6620000592570756e-11,100800,True,controle a posteriori 7200/2880
0.1,1.0,1e-06,8,1e-09,256,2740,4500,1.425638686131387e-15,90,90,90,253,1,1,0.0,3779,0.0,6.6636626519112234e-18,0.0,6.6636626519112234e-18,1.3327325303822447e-17,9.348319061113218e-12,43208,True,b=b_min
0.1,1.0,1e-06,8,1e-09,256,2740,4500,1.425638686131387e-15,2880,90,90,3480,1,7200,16.0,10154,0.0,6.6636626519112234e-18,0.0,6.6636626519112234e-18,1.3327325303822447e-17,9.348319061113218e-12,100800,True,controle a posteriori 7200/2880
0.1,1.0,1e-06,10,1e-06,1,2192,3600,4.5620437956204375e-10,57,57,57,161,1,1,0.0,3054,0.0,3.5411310700059032e-12,0.0,3.5411310700059032e-12,7.0822621400118064e-12,1.552431861090588e-08,43210,True,b=b_min
0.1,1.0,1e-06,10,1e-06,1,2192,3600,4.5620437956204375e-10,2880,57,57,3404,1,7200,20.0,9445,0.0,3.5411310700059032e-12,0.0,3.5411310700059032e-12,7.0822621400118064e-12,1.552431861090588e-08,115200,True,controle a posteriori 7200/2880
0.1,1.0,1e-06,10,1e-06,256,2192,3600,1.7820483576642334e-12,71,71,71,200,1,1,0.0,3024,0.0,4.371854188953384e-14,0.0,4.371854188953384e-14,8.743708377906768e-14,4.906549443679139e-08,43210,True,b=b_min
0.1,1.0,1e-06,10,1e-06,256,2192,3600,1.7820483576642334e-12,2880,71,71,3437,1,7200,20.0,9405,0.0,4.371854188953384e-14,0.0,4.371854188953384e-14,8.743708377906768e-14,4.906549443679139e-08,115200,True,controle a posteriori 7200/2880
0.1,1.0,1e-06,10,1e-09,1,2192,3600,4.562043795620439e-13,75,75,75,211,1,1,0.0,3017,0.0,4.857664341709992e-15,0.0,4.857664341709992e-15,9.715328683419984e-15,2.1296000474056603e-11,43210,True,b=b_min
0.1,1.0,1e-06,10,1e-09,1,2192,3600,4.562043795620439e-13,2880,75,75,3446,1,7200,20.0,9395,0.0,4.857664341709992e-15,0.0,4.857664341709992e-15,9.715328683419984e-15,2.1296000474056603e-11,115200,True,controle a posteriori 7200/2880
0.1,1.0,1e-06,10,1e-09,256,2192,3600,1.782048357664234e-15,89,89,89,251,1,1,0.0,2988,0.0,6.6636626519112234e-18,0.0,6.6636626519112234e-18,1.3327325303822447e-17,7.478655248890574e-12,43210,True,b=b_min
0.1,1.0,1e-06,10,1e-09,256,2192,3600,1.782048357664234e-15,2880,89,89,3479,1,7200,20.0,9356,0.0,6.6636626519112234e-18,0.0,6.6636626519112234e-18,1.3327325303822447e-17,7.478655248890574e-12,115200,True,controle a posteriori 7200/2880
0.1,1.0,1e-06,12,1e-06,1,1827,3000,5.473453749315818e-10,56,56,56,159,1,1,0.0,2526,0.0,3.5411310700059032e-12,0.0,3.5411310700059032e-12,7.0822621400118064e-12,1.293929292980157e-08,43212,True,b=b_min
0.1,1.0,1e-06,12,1e-06,1,1827,3000,5.473453749315818e-10,2880,56,56,3403,403,7200,24.0,8912,0.0,3.5411310700059032e-12,0.0,3.5411310700059032e-12,7.0822621400118064e-12,1.293929292980157e-08,129600,True,controle a posteriori 7200/2880
0.1,1.0,1e-06,12,1e-06,256,1827,3000,2.1380678708264913e-12,71,71,71,199,1,1,0.0,2497,0.0,4.371854188953384e-14,0.0,4.371854188953384e-14,8.743708377906768e-14,4.08953733284753e-08,43212,True,b=b_min
0.1,1.0,1e-06,12,1e-06,256,1827,3000,2.1380678708264913e-12,2880,71,71,3436,436,7200,24.0,8872,0.0,4.371854188953384e-14,0.0,4.371854188953384e-14,8.743708377906768e-14,4.08953733284753e-08,129600,True,controle a posteriori 7200/2880
0.1,1.0,1e-06,12,1e-09,1,1827,3000,5.473453749315818e-13,74,74,74,209,1,1,0.0,2490,0.0,4.857664341709992e-15,0.0,4.857664341709992e-15,9.715328683419984e-15,1.774990550460831e-11,43212,True,b=b_min
0.1,1.0,1e-06,12,1e-09,1,1827,3000,5.473453749315818e-13,2880,74,74,3445,445,7200,24.0,8863,0.0,4.857664341709992e-15,0.0,4.857664341709992e-15,9.715328683419984e-15,1.774990550460831e-11,129600,True,controle a posteriori 7200/2880
0.1,1.0,1e-06,12,1e-09,256,1827,3000,2.1380678708264916e-15,89,89,89,250,1,1,0.0,2462,0.0,6.6636626519112234e-18,0.0,6.6636626519112234e-18,1.3327325303822447e-17,6.233349972501404e-12,43212,True,b=b_min
0.1,1.0,1e-06,12,1e-09,256,1827,3000,2.1380678708264916e-15,2880,89,89,3478,478,7200,24.0,8825,0.0,6.6636626519112234e-18,0.0,6.6636626519112234e-18,1.3327325303822447e-17,6.233349972501404e-12,129600,True,controle a posteriori 7200/2880
0.1,1.0,0.0001,6,1e-06,1,3653,6000,2.737476047084588e-10,58,58,58,164,1,1,0.0,5175,0.0,3.583433398978382e-12,0.0,3.583433398978382e-12,7.166866797956764e-12,2.618056441293606e-08,43206,True,b=b_min
0.1,1.0,0.0001,6,1e-06,1,3653,6000,2.737476047084588e-10,2880,58,58,3407,1,7200,12.0,11577,0.0,3.583433398978382e-12,0.0,3.583433398978382e-12,7.166866797956764e-12,2.618056441293606e-08,86400,True,controle a posteriori 7200/2880
0.1,1.0,0.0001,6,1e-06,256,3653,6000,1.0693265808924171e-12,73,73,73,205,1,1,0.0,5141,0.0,4.930309369475913e-15,0.0,4.930309369475913e-15,9.860618738951825e-15,9.221335104868101e-09,43206,True,b=b_min
0.1,1.0,0.0001,6,1e-06,256,3653,6000,1.0693265808924171e-12,2880,73,73,3441,1,7200,12.0,11534,0.0,4.930309369475913e-15,0.0,4.930309369475913e-15,9.860618738951825e-15,9.221335104868101e-09,86400,True,controle a posteriori 7200/2880
0.1,1.0,0.0001,6,1e-09,1,3653,6000,2.737476047084588e-13,76,76,76,214,1,1,0.0,5133,0.0,4.930309369475913e-15,0.0,4.930309369475913e-15,9.860618738951825e-15,3.602084025339102e-11,43206,True,b=b_min
0.1,1.0,0.0001,6,1e-09,1,3653,6000,2.737476047084588e-13,2880,76,76,3449,1,7200,12.0,11524,0.0,4.930309369475913e-15,0.0,4.930309369475913e-15,9.860618738951825e-15,3.602084025339102e-11,86400,True,controle a posteriori 7200/2880
0.1,1.0,0.0001,6,1e-09,256,3653,6000,1.0693265808924172e-15,91,91,91,255,1,1,0.0,5100,0.0,6.7834246579473305e-18,0.0,6.7834246579473305e-18,1.3566849315894661e-17,1.2687283341046578e-11,43206,True,b=b_min
0.1,1.0,0.0001,6,1e-09,256,3653,6000,1.0693265808924172e-15,2880,91,91,3482,1,7200,12.0,11484,0.0,6.7834246579473305e-18,0.0,6.7834246579473305e-18,1.3566849315894661e-17,1.2687283341046578e-11,86400,True,controle a posteriori 7200/2880
0.1,1.0,0.0001,8,1e-06,1,2740,4500,3.6496350364963504e-10,57,57,57,162,1,1,0.0,3848,0.0,3.583433398978382e-12,0.0,3.583433398978382e-12,7.166866797956764e-12,1.9637215026401532e-08,43208,True,b=b_min
0.1,1.0,0.0001,8,1e-06,1,2740,4500,3.6496350364963504e-10,2880,57,57,3405,1,7200,16.0,10243,0.0,3.583433398978382e-12,0.0,3.583433398978382e-12,7.166866797956764e-12,1.9637215026401532e-08,100800,True,controle a posteriori 7200/2880
0.1,1.0,0.0001,8,1e-06,256,2740,4500,1.4256386861313869e-12,72,72,72,203,1,1,0.0,3816,0.0,4.930309369475913e-15,0.0,4.930309369475913e-15,9.860618738951825e-15,6.916632408250368e-09,43208,True,b=b_min
0.1,1.0,0.0001,8,1e-06,256,2740,4500,1.4256386861313869e-12,2880,72,72,3440,1,7200,16.0,10202,0.0,4.930309369475913e-15,0.0,4.930309369475913e-15,9.860618738951825e-15,6.916632408250368e-09,100800,True,controle a posteriori 7200/2880
0.1,1.0,0.0001,8,1e-09,1,2740,4500,3.6496350364963506e-13,75,75,75,211,1,1,0.0,3809,0.0,4.930309369475913e-15,0.0,4.930309369475913e-15,9.860618738951825e-15,2.7018095344728e-11,43208,True,b=b_min
0.1,1.0,0.0001,8,1e-09,1,2740,4500,3.6496350364963506e-13,2880,75,75,3447,1,7200,16.0,10192,0.0,4.930309369475913e-15,0.0,4.930309369475913e-15,9.860618738951825e-15,2.7018095344728e-11,100800,True,controle a posteriori 7200/2880
0.1,1.0,0.0001,8,1e-09,256,2740,4500,1.425638686131387e-15,90,90,90,253,1,1,0.0,3778,0.0,6.7834246579473305e-18,0.0,6.7834246579473305e-18,1.3566849315894661e-17,9.516330784141151e-12,43208,True,b=b_min
0.1,1.0,0.0001,8,1e-09,256,2740,4500,1.425638686131387e-15,2880,90,90,3480,1,7200,16.0,10153,0.0,6.7834246579473305e-18,0.0,6.7834246579473305e-18,1.3566849315894661e-17,9.516330784141151e-12,100800,True,controle a posteriori 7200/2880
0.1,1.0,0.0001,10,1e-06,1,2192,3600,4.5620437956204375e-10,57,57,57,161,1,1,0.0,3054,0.0,3.583433398978382e-12,0.0,3.583433398978382e-12,7.166866797956764e-12,1.5709772021121226e-08,43210,True,b=b_min
0.1,1.0,0.0001,10,1e-06,1,2192,3600,4.5620437956204375e-10,2880,57,57,3404,1,7200,20.0,9444,0.0,3.583433398978382e-12,0.0,3.583433398978382e-12,7.166866797956764e-12,1.5709772021121226e-08,115200,True,controle a posteriori 7200/2880
0.1,1.0,0.0001,10,1e-06,256,2192,3600,1.7820483576642334e-12,71,71,71,200,1,1,0.0,3024,0.0,4.432845144055418e-14,0.0,4.432845144055418e-14,8.865690288110836e-14,4.9749998365539714e-08,43210,True,b=b_min
0.1,1.0,0.0001,10,1e-06,256,2192,3600,1.7820483576642334e-12,2880,71,71,3438,1,7200,20.0,9403,0.0,4.432845144055418e-14,0.0,4.432845144055418e-14,8.865690288110836e-14,4.9749998365539714e-08,115200,True,controle a posteriori 7200/2880
0.1,1.0,0.0001,10,1e-09,1,2192,3600,4.562043795620439e-13,75,75,75,211,1,1,0.0,3016,0.0,4.930309369475913e-15,0.0,4.930309369475913e-15,9.860618738951825e-15,2.16144762757824e-11,43210,True,b=b_min
0.1,1.0,0.0001,10,1e-09,1,2192,3600,4.562043795620439e-13,2880,75,75,3446,1,7200,20.0,9394,0.0,4.930309369475913e-15,0.0,4.930309369475913e-15,9.860618738951825e-15,2.16144762757824e-11,115200,True,controle a posteriori 7200/2880
0.1,1.0,0.0001,10,1e-09,256,2192,3600,1.782048357664234e-15,89,89,89,251,1,1,0.0,2987,0.0,6.7834246579473305e-18,0.0,6.7834246579473305e-18,1.3566849315894661e-17,7.61306462731292e-12,43210,True,b=b_min
0.1,1.0,0.0001,10,1e-09,256,2192,3600,1.782048357664234e-15,2880,89,89,3479,1,7200,20.0,9355,0.0,6.7834246579473305e-18,0.0,6.7834246579473305e-18,1.3566849315894661e-17,7.61306462731292e-12,115200,True,controle a posteriori 7200/2880
0.1,1.0,0.0001,12,1e-06,1,1827,3000,5.473453749315818e-10,56,56,56,159,1,1,0.0,2525,0.0,3.583433398978382e-12,0.0,3.583433398978382e-12,7.166866797956764e-12,1.3093865639867008e-08,43212,True,b=b_min
0.1,1.0,0.0001,12,1e-06,1,1827,3000,5.473453749315818e-10,2880,56,56,3403,403,7200,24.0,8911,0.0,3.583433398978382e-12,0.0,3.583433398978382e-12,7.166866797956764e-12,1.3093865639867008e-08,129600,True,controle a posteriori 7200/2880
0.1,1.0,0.0001,12,1e-06,256,1827,3000,2.1380678708264913e-12,71,71,71,199,1,1,0.0,2496,0.0,4.432845144055418e-14,0.0,4.432845144055418e-14,8.865690288110836e-14,4.146589736032895e-08,43212,True,b=b_min
0.1,1.0,0.0001,12,1e-06,256,1827,3000,2.1380678708264913e-12,2880,71,71,3437,437,7200,24.0,8871,0.0,4.432845144055418e-14,0.0,4.432845144055418e-14,8.865690288110836e-14,4.146589736032895e-08,129600,True,controle a posteriori 7200/2880
0.1,1.0,0.0001,12,1e-09,1,1827,3000,5.473453749315818e-13,74,74,74,209,1,1,0.0,2489,0.0,4.930309369475913e-15,0.0,4.930309369475913e-15,9.860618738951825e-15,1.8015350436064985e-11,43212,True,b=b_min
0.1,1.0,0.0001,12,1e-09,1,1827,3000,5.473453749315818e-13,2880,74,74,3445,445,7200,24.0,8862,0.0,4.930309369475913e-15,0.0,4.930309369475913e-15,9.860618738951825e-15,1.8015350436064985e-11,129600,True,controle a posteriori 7200/2880
0.1,1.0,0.0001,12,1e-09,256,1827,3000,2.1380678708264916e-15,89,89,89,250,1,1,0.0,2461,0.0,6.7834246579473305e-18,0.0,6.7834246579473305e-18,1.3566849315894661e-17,6.345378227235723e-12,43212,True,b=b_min
0.1,1.0,0.0001,12,1e-09,256,1827,3000,2.1380678708264916e-15,2880,89,89,3478,478,7200,24.0,8824,0.0,6.7834246579473305e-18,0.0,6.7834246579473305e-18,1.3566849315894661e-17,6.345378227235723e-12,129600,True,controle a posteriori 7200/2880
0.1,1.0,0.001,6,1e-06,1,3653,6000,2.737476047084588e-10,59,59,59,166,1,1,0.0,5170,0.0,3.990230857915069e-12,0.0,3.990230857915069e-12,7.980461715830138e-12,2.9152626647927493e-08,43206,True,b=b_min
0.1,1.0,0.001,6,1e-06,1,3653,6000,2.737476047084588e-10,2880,59,59,3411,1,7200,12.0,11566,0.0,3.990230857915069e-12,0.0,3.990230857915069e-12,7.980461715830138e-12,2.9152626647927493e-08,86400,True,controle a posteriori 7200/2880
0.1,1.0,0.001,6,1e-06,256,3653,6000,1.0693265808924171e-12,73,73,73,206,1,1,0.0,5135,0.0,5.639589958329813e-15,0.0,5.639589958329813e-15,1.1279179916659626e-14,1.054792812430275e-08,43206,True,b=b_min
0.1,1.0,0.001,6,1e-06,256,3653,6000,1.0693265808924171e-12,2880,73,73,3446,1,7200,12.0,11522,0.0,5.639589958329813e-15,0.0,5.639589958329813e-15,1.1279179916659626e-14,1.054792812430275e-08,86400,True,controle a posteriori 7200/2880
0.1,1.0,0.001,6,1e-09,1,3653,6000,2.737476047084588e-13,77,77,77,216,1,1,0.0,5127,0.0,5.639589958329813e-15,0.0,5.639589958329813e-15,1.1279179916659626e-14,4.1202844235557617e-11,43206,True,b=b_min
0.1,1.0,0.001,6,1e-09,1,3653,6000,2.737476047084588e-13,2880,77,77,3453,1,7200,12.0,11512,0.0,5.639589958329813e-15,0.0,5.639589958329813e-15,1.1279179916659626e-14,4.1202844235557617e-11,86400,True,controle a posteriori 7200/2880
0.1,1.0,0.001,6,1e-09,256,3653,6000,1.0693265808924172e-15,91,91,91,256,1,1,0.0,5094,0.0,7.970710475311408e-18,0.0,7.970710475311408e-18,1.5941420950622815e-17,1.4907906747552035e-11,43206,True,b=b_min
0.1,1.0,0.001,6,1e-09,256,3653,6000,1.0693265808924172e-15,2880,91,91,3486,1,7200,12.0,11472,0.0,7.970710475311408e-18,0.0,7.970710475311408e-18,1.5941420950622815e-17,1.4907906747552035e-11,86400,True,controle a posteriori 7200/2880
0.1,1.0,0.001,8,1e-06,1,2740,4500,3.6496350364963504e-10,58,58,58,164,1,1,0.0,3844,0.0,3.990230857915069e-12,0.0,3.990230857915069e-12,7.980461715830138e-12,2.186646510137458e-08,43208,True,b=b_min
0.1,1.0,0.001,8,1e-06,1,2740,4500,3.6496350364963504e-10,2880,58,58,3409,1,7200,16.0,10233,0.0,3.990230857915069e-12,0.0,3.990230857915069e-12,7.980461715830138e-12,2.186646510137458e-08,100800,True,controle a posteriori 7200/2880
0.1,1.0,0.001,8,1e-06,256,2740,4500,1.4256386861313869e-12,72,72,72,204,1,1,0.0,3811,0.0,5.639589958329813e-15,0.0,5.639589958329813e-15,1.1279179916659626e-14,7.911667960741729e-09,43208,True,b=b_min
0.1,1.0,0.001,8,1e-06,256,2740,4500,1.4256386861313869e-12,2880,72,72,3444,1,7200,16.0,10191,0.0,5.639589958329813e-15,0.0,5.639589958329813e-15,1.1279179916659626e-14,7.911667960741729e-09,100800,True,controle a posteriori 7200/2880
0.1,1.0,0.001,8,1e-09,1,2740,4500,3.6496350364963506e-13,76,76,76,214,1,1,0.0,3804,0.0,5.639589958329813e-15,0.0,5.639589958329813e-15,1.1279179916659626e-14,3.090495297164738e-11,43208,True,b=b_min
0.1,1.0,0.001,8,1e-09,1,2740,4500,3.6496350364963506e-13,2880,76,76,3452,1,7200,16.0,10181,0.0,5.639589958329813e-15,0.0,5.639589958329813e-15,1.1279179916659626e-14,3.090495297164738e-11,100800,True,controle a posteriori 7200/2880
0.1,1.0,0.001,8,1e-09,256,2740,4500,1.425638686131387e-15,90,90,90,254,1,1,0.0,3773,0.0,7.970710475311408e-18,0.0,7.970710475311408e-18,1.5941420950622815e-17,1.1181950311604868e-11,43208,True,b=b_min
0.1,1.0,0.001,8,1e-09,256,2740,4500,1.425638686131387e-15,2880,90,90,3485,1,7200,16.0,10142,0.0,7.970710475311408e-18,0.0,7.970710475311408e-18,1.5941420950622815e-17,1.1181950311604868e-11,100800,True,controle a posteriori 7200/2880
0.1,1.0,0.001,10,1e-06,1,2192,3600,4.5620437956204375e-10,57,57,57,161,1,1,0.0,3050,0.0,3.990230857915069e-12,0.0,3.990230857915069e-12,7.980461715830138e-12,1.749317208109966e-08,43210,True,b=b_min
0.1,1.0,0.001,10,1e-06,1,2192,3600,4.5620437956204375e-10,2880,57,57,3408,1,7200,20.0,9434,0.0,3.990230857915069e-12,0.0,3.990230857915069e-12,7.980461715830138e-12,1.749317208109966e-08,115200,True,controle a posteriori 7200/2880
0.1,1.0,0.001,10,1e-06,256,2192,3600,1.7820483576642334e-12,72,72,72,203,1,1,0.0,3019,0.0,5.639589958329813e-15,0.0,5.639589958329813e-15,1.1279179916659626e-14,6.329334368593383e-09,43210,True,b=b_min
0.1,1.0,0.001,10,1e-06,256,2192,3600,1.7820483576642334e-12,2880,72,72,3443,1,7200,20.0,9393,0.0,5.639589958329813e-15,0.0,5.639589958329813e-15,1.1279179916659626e-14,6.329334368593383e-09,115200,True,controle a posteriori 7200/2880
0.1,1.0,0.001,10,1e-09,1,2192,3600,4.562043795620439e-13,75,75,75,211,1,1,0.0,3012,0.0,5.639589958329813e-15,0.0,5.639589958329813e-15,1.1279179916659626e-14,2.4723962377317902e-11,43210,True,b=b_min
0.1,1.0,0.001,10,1e-09,1,2192,3600,4.562043795620439e-13,2880,75,75,3450,1,7200,20.0,9384,0.0,5.639589958329813e-15,0.0,5.639589958329813e-15,1.1279179916659626e-14,2.4723962377317902e-11,115200,True,controle a posteriori 7200/2880
0.1,1.0,0.001,10,1e-09,256,2192,3600,1.782048357664234e-15,90,90,90,253,1,1,0.0,2983,0.0,7.970710475311408e-18,0.0,7.970710475311408e-18,1.5941420950622815e-17,8.945560249283894e-12,43210,True,b=b_min
0.1,1.0,0.001,10,1e-09,256,2192,3600,1.782048357664234e-15,2880,90,90,3484,1,7200,20.0,9345,0.0,7.970710475311408e-18,0.0,7.970710475311408e-18,1.5941420950622815e-17,8.945560249283894e-12,115200,True,controle a posteriori 7200/2880
0.1,1.0,0.001,12,1e-06,1,1827,3000,5.473453749315818e-10,57,57,57,161,1,1,0.0,2522,0.0,3.990230857915069e-12,0.0,3.990230857915069e-12,7.980461715830138e-12,1.4580303554821661e-08,43212,True,b=b_min
0.1,1.0,0.001,12,1e-06,1,1827,3000,5.473453749315818e-10,2880,57,57,3407,407,7200,24.0,8902,0.0,3.990230857915069e-12,0.0,3.990230857915069e-12,7.980461715830138e-12,1.4580303554821661e-08,129600,True,controle a posteriori 7200/2880
0.1,1.0,0.001,12,1e-06,256,1827,3000,2.1380678708264913e-12,71,71,71,200,1,1,0.0,2493,0.0,5.0253273850687164e-14,0.0,5.0253273850687164e-14,1.0050654770137433e-13,4.700811843850519e-08,43212,True,b=b_min
0.1,1.0,0.001,12,1e-06,256,1827,3000,2.1380678708264913e-12,2880,71,71,3441,441,7200,24.0,8862,0.0,5.0253273850687164e-14,0.0,5.0253273850687164e-14,1.0050654770137433e-13,4.700811843850519e-08,129600,True,controle a posteriori 7200/2880
0.1,1.0,0.001,12,1e-09,1,1827,3000,5.473453749315818e-13,75,75,75,211,1,1,0.0,2486,0.0,5.639589958329813e-15,0.0,5.639589958329813e-15,1.1279179916659626e-14,2.0607061707737138e-11,43212,True,b=b_min
0.1,1.0,0.001,12,1e-09,1,1827,3000,5.473453749315818e-13,2880,75,75,3449,449,7200,24.0,8852,0.0,5.639589958329813e-15,0.0,5.639589958329813e-15,1.1279179916659626e-14,2.0607061707737138e-11,129600,True,controle a posteriori 7200/2880
0.1,1.0,0.001,12,1e-09,256,1827,3000,2.1380678708264916e-15,89,89,89,251,1,1,0.0,2458,0.0,7.970710475311408e-18,0.0,7.970710475311408e-18,1.5941420950622815e-17,7.455993875657698e-12,43212,True,b=b_min
0.1,1.0,0.001,12,1e-09,256,1827,3000,2.1380678708264916e-15,2880,89,89,3482,482,7200,24.0,8814,0.0,7.970710475311408e-18,0.0,7.970710475311408e-18,1.5941420950622815e-17,7.455993875657698e-12,129600,True,controle a posteriori 7200/2880
0.1,1.0,0.01,6,1e-06,1,3653,6000,2.737476047084588e-10,63,63,63,179,1,1,0.0,5111,0.0,1.3744670112464318e-12,0.0,1.3744670112464318e-12,2.7489340224928636e-12,1.004185598416643e-08,43206,True,b=b_min
0.1,1.0,0.01,6,1e-06,1,3653,6000,2.737476047084588e-10,2880,63,63,3452,1,7200,12.0,11446,0.0,1.3744670112464318e-12,0.0,1.3744670112464318e-12,2.7489340224928636e-12,1.004185598416643e-08,86400,True,controle a posteriori 7200/2880
0.1,1.0,0.01,6,1e-06,256,3653,6000,1.0693265808924171e-12,79,79,79,222,1,1,0.0,5076,0.0,2.0569887124920308e-14,0.0,2.0569887124920308e-14,4.1139774249840615e-14,3.847260040567495e-08,43206,True,b=b_min
0.1,1.0,0.01,6,1e-06,256,3653,6000,1.0693265808924171e-12,2880,79,79,3488,1,7200,12.0,11402,0.0,2.0569887124920308e-14,0.0,2.0569887124920308e-14,4.1139774249840615e-14,3.847260040567495e-08,86400,True,controle a posteriori 7200/2880
0.1,1.0,0.01,6,1e-09,1,3653,6000,2.737476047084588e-13,82,82,82,232,1,1,0.0,5067,0.0,2.5164059445749875e-15,0.0,2.5164059445749875e-15,5.032811889149975e-15,1.838486183106486e-11,43206,True,b=b_min
0.1,1.0,0.01,6,1e-09,1,3653,6000,2.737476047084588e-13,2880,82,82,3497,1,7200,12.0,11391,0.0,2.5164059445749875e-15,0.0,2.5164059445749875e-15,5.032811889149975e-15,1.838486183106486e-11,86400,True,controle a posteriori 7200/2880
0.1,1.0,0.01,6,1e-09,256,3653,6000,1.0693265808924172e-15,98,98,98,276,1,1,0.0,5033,0.0,4.607094114357759e-18,0.0,4.607094114357759e-18,9.214188228715517e-18,8.616813977471433e-12,43206,True,b=b_min
0.1,1.0,0.01,6,1e-09,256,3653,6000,1.0693265808924172e-15,2880,98,98,3532,1,7200,12.0,11348,0.0,4.607094114357759e-18,0.0,4.607094114357759e-18,9.214188228715517e-18,8.616813977471433e-12,86400,True,controle a posteriori 7200/2880
0.1,1.0,0.01,8,1e-06,1,2740,4500,3.6496350364963504e-10,62,62,62,176,1,1,0.0,3798,0.0,1.3744670112464318e-12,0.0,1.3744670112464318e-12,2.7489340224928636e-12,7.532079221630447e-09,43208,True,b=b_min
0.1,1.0,0.01,8,1e-06,1,2740,4500,3.6496350364963504e-10,2880,62,62,3451,1,7200,16.0,10126,0.0,1.3744670112464318e-12,0.0,1.3744670112464318e-12,2.7489340224928636e-12,7.532079221630447e-09,100800,True,controle a posteriori 7200/2880
0.1,1.0,0.01,8,1e-06,256,2740,4500,1.4256386861313869e-12,78,78,78,219,1,1,0.0,3765,0.0,2.0569887124920308e-14,0.0,2.0569887124920308e-14,4.1139774249840615e-14,2.8857083249808202e-08,43208,True,b=b_min
0.1,1.0,0.01,8,1e-06,256,2740,4500,1.4256386861313869e-12,2880,78,78,3486,1,7200,16.0,10083,0.0,2.0569887124920308e-14,0.0,2.0569887124920308e-14,4.1139774249840615e-14,2.8857083249808202e-08,100800,True,controle a posteriori 7200/2880
0.1,1.0,0.01,8,1e-09,1,2740,4500,3.6496350364963506e-13,82,82,82,231,1,1,0.0,3757,0.0,2.5164059445749875e-15,0.0,2.5164059445749875e-15,5.032811889149975e-15,1.3789904576270931e-11,43208,True,b=b_min
0.1,1.0,0.01,8,1e-09,1,2740,4500,3.6496350364963506e-13,2880,82,82,3495,1,7200,16.0,10072,0.0,2.5164059445749875e-15,0.0,2.5164059445749875e-15,5.032811889149975e-15,1.3789904576270931e-11,100800,True,controle a posteriori 7200/2880
0.1,1.0,0.01,8,1e-09,256,2740,4500,1.425638686131387e-15,97,97,97,274,1,1,0.0,3725,0.0,4.607094114357759e-18,0.0,4.607094114357759e-18,9.214188228715517e-18,6.463200191150212e-12,43208,True,b=b_min
0.1,1.0,0.01,8,1e-09,256,2740,4500,1.425638686131387e-15,2880,97,97,3530,1,7200,16.0,10032,0.0,4.607094114357759e-18,0.0,4.607094114357759e-18,9.214188228715517e-18,6.463200191150212e-12,100800,True,controle a posteriori 7200/2880
0.1,1.0,0.01,10,1e-06,1,2192,3600,4.5620437956204375e-10,61,61,61,173,1,1,0.0,3013,0.0,1.1235322082757527e-11,0.0,1.1235322082757527e-11,2.2470644165515055e-11,4.9255652010809003e-08,43210,True,b=b_min
0.1,1.0,0.01,10,1e-06,1,2192,3600,4.5620437956204375e-10,2880,61,61,3448,1,7200,20.0,9335,0.0,1.1235322082757527e-11,0.0,1.1235322082757527e-11,2.2470644165515055e-11,4.9255652010809003e-08,115200,True,controle a posteriori 7200/2880
0.1,1.0,0.01,10,1e-06,256,2192,3600,1.7820483576642334e-12,77,77,77,217,1,1,0.0,2981,0.0,2.0569887124920308e-14,0.0,2.0569887124920308e-14,4.1139774249840615e-14,2.308566659984656e-08,43210,True,b=b_min
0.1,1.0,0.01,10,1e-06,256,2192,3600,1.7820483576642334e-12,2880,77,77,3485,1,7200,20.0,9293,0.0,2.0569887124920308e-14,0.0,2.0569887124920308e-14,4.1139774249840615e-14,2.308566659984656e-08,115200,True,controle a posteriori 7200/2880
0.1,1.0,0.01,10,1e-09,1,2192,3600,4.562043795620439e-13,81,81,81,229,1,1,0.0,2973,0.0,2.5164059445749875e-15,0.0,2.5164059445749875e-15,5.032811889149975e-15,1.1031923661016745e-11,43210,True,b=b_min
0.1,1.0,0.01,10,1e-09,1,2192,3600,4.562043795620439e-13,2880,81,81,3494,1,7200,20.0,9282,0.0,2.5164059445749875e-15,0.0,2.5164059445749875e-15,5.032811889149975e-15,1.1031923661016745e-11,115200,True,controle a posteriori 7200/2880
0.1,1.0,0.01,10,1e-09,256,2192,3600,1.782048357664234e-15,96,96,96,271,1,1,0.0,2943,0.0,3.7659824365988644e-17,0.0,3.7659824365988644e-17,7.531964873197729e-17,4.226577152524652e-11,43210,True,b=b_min
0.1,1.0,0.01,10,1e-09,256,2192,3600,1.782048357664234e-15,2880,96,96,3528,1,7200,20.0,9243,0.0,3.7659824365988644e-17,0.0,3.7659824365988644e-17,7.531964873197729e-17,4.226577152524652e-11,115200,True,controle a posteriori 7200/2880
0.1,1.0,0.01,12,1e-06,1,1827,3000,5.473453749315818e-10,61,61,61,172,1,1,0.0,2491,0.0,1.1235322082757527e-11,0.0,1.1235322082757527e-11,2.2470644165515055e-11,4.105386689039601e-08,43212,True,b=b_min
0.1,1.0,0.01,12,1e-06,1,1827,3000,5.473453749315818e-10,2880,61,61,3447,447,7200,24.0,8808,0.0,1.1235322082757527e-11,0.0,1.1235322082757527e-11,2.2470644165515055e-11,4.105386689039601e-08,129600,True,controle a posteriori 7200/2880
0.1,1.0,0.01,12,1e-06,256,1827,3000,2.1380678708264913e-12,77,77,77,217,1,1,0.0,2460,0.0,2.0569887124920308e-14,0.0,2.0569887124920308e-14,4.1139774249840615e-14,1.9241566093941455e-08,43212,True,b=b_min
0.1,1.0,0.01,12,1e-06,256,1827,3000,2.1380678708264913e-12,2880,77,77,3484,484,7200,24.0,8766,0.0,2.0569887124920308e-14,0.0,2.0569887124920308e-14,4.1139774249840615e-14,1.9241566093941455e-08,129600,True,controle a posteriori 7200/2880
0.1,1.0,0.01,12,1e-09,1,1827,3000,5.473453749315818e-13,80,80,80,227,1,1,0.0,2452,0.0,2.5164059445749875e-15,0.0,2.5164059445749875e-15,5.032811889149975e-15,9.194947321477004e-12,43212,True,b=b_min
0.1,1.0,0.01,12,1e-09,1,1827,3000,5.473453749315818e-13,2880,80,80,3493,493,7200,24.0,8756,0.0,2.5164059445749875e-15,0.0,2.5164059445749875e-15,5.032811889149975e-15,9.194947321477004e-12,129600,True,controle a posteriori 7200/2880
0.1,1.0,0.01,12,1e-09,256,1827,3000,2.1380678708264916e-15,96,96,96,270,1,1,0.0,2424,0.0,3.7659824365988644e-17,0.0,3.7659824365988644e-17,7.531964873197729e-17,3.522790354773056e-11,43212,True,b=b_min
0.1,1.0,0.01,12,1e-09,256,1827,3000,2.1380678708264916e-15,2880,96,96,3527,527,7200,24.0,8717,0.0,3.7659824365988644e-17,0.0,3.7659824365988644e-17,7.531964873197729e-17,3.522790354773056e-11,129600,True,controle a posteriori 7200/2880
0.15,0.3,0.0,6,1e-06,1,3653,6000,2.737476047084588e-10,963,963,2394,7610,1610,1610,2.68,963,2.7384800384427077e-32,5.1050835300491116e-12,1.3154213415929963e-10,5.1050835300491116e-12,1.4175230121939788e-10,5.178211563544604e-07,52860,True,b=b_min
0.15,0.3,0.0,6,1e-06,1,3653,6000,2.737476047084588e-10,2880,963,2394,15669,9669,7200,12.0,2286,3.122165503753914e-55,5.105083900225257e-12,0.007030725400463904,5.1050835300491116e-12,0.007030725410674072,1.0,86400,True,controle a posteriori 7200/2880
0.15,0.3,0.0,6,1e-06,256,3653,6000,1.0693265808924171e-12,1197,1197,2976,9350,3350,3350,5.58,1197,1.9770715845409216e-39,2.5322911586746934e-14,5.060653671384077e-13,2.5322911586746934e-14,5.567111903119017e-13,5.206184904216005e-07,63300,True,b=b_min
0.15,0.3,0.0,6,1e-06,256,3653,6000,1.0693265808924171e-12,2880,1197,2976,16451,10451,7200,12.0,2103,3.122165503753914e-55,2.5325215184184542e-14,0.009217545681039368,2.5322911586746934e-14,0.009217545681090017,1.0,86400,True,controle a posteriori 7200/2880
0.15,0.3,0.0,6,1e-09,1,3653,6000,2.737476047084588e-13,1255,1255,3120,9778,3778,3778,6.3,1255,3.4624277418626083e-41,5.154266555413584e-15,1.3155510361011482e-13,5.154266555413584e-15,1.4186363672094197e-13,5.18227864941601e-10,65868,True,b=b_min
0.15,0.3,0.0,6,1e-09,1,3653,6000,2.737476047084588e-13,2880,1255,3120,16640,10640,7200,12.0,2059,3.122165503753914e-55,5.1582196677813994e-15,0.009995157972176991,5.154266555413584e-15,0.009995157972187304,1.0,86400,True,controle a posteriori 7200/2880
0.15,0.3,0.0,6,1e-09,256,3653,6000,1.0693265808924172e-15,1494,1494,3715,11532,5532,5532,9.22,1494,2.1899454234336048e-48,2.556687574434443e-17,5.090009100862852e-16,2.556687574434443e-17,5.601346615749741e-16,5.238200111957453e-10,76392,True,b=b_min
0.15,0.3,0.0,6,1e-09,256,3653,6000,1.0693265808924172e-15,2880,1494,3715,17403,11403,7200,12.0,1884,3.122165503753914e-55,4.882203303387461e-17,0.013081410799805957,2.556687574434443e-17,0.013081410799806032,1.0,86400,True,controle a posteriori 7200/2880
0.15,0.3,0.0,8,1e-06,1,2740,4500,3.6496350364963504e-10,951,951,2364,7520,3020,3020,6.71,951,6.410572966574099e-32,8.67864200108349e-12,1.737520051429815e-10,8.67864200108349e-12,1.911092891451485e-10,5.236394522577069e-07,67360,True,b=b_min
0.15,0.3,0.0,8,1e-06,1,2740,4500,3.6496350364963504e-10,2880,951,2364,15628,11128,7200,16.0,1937,4.4762093605574915e-49,0.11731154271112923,42.845686652725135,8.67864200108349e-12,1.0,1.0,100800,True,controle a posteriori 7200/2880
0.15,0.3,0.0,8,1e-06,256,2740,4500,1.4256386861313869e-12,1185,1185,2946,9261,4761,4761,10.58,1185,4.584641269649037e-39,2.5322911586746934e-14,6.858659161526105e-13,2.5322911586746934e-14,7.365117393261045e-13,5.166187944329027e-07,81288,True,b=b_min
0.15,0.3,0.0,8,1e-06,256,2740,4500,1.4256386861313869e-12,2880,1185,2946,16412,11912,7200,16.0,1757,4.4762093605574915e-49,0.1699560674238348,48.81490462239693,2.5322911586746934e-14,1.0,1.0,100800,True,controle a posteriori 7200/2880
0.15,0.3,0.0,8,1e-09,1,2740,4500,3.6496350364963506e-13,1243,1243,3090,9688,5188,5188,11.53,1243,8.105279340769973e-41,8.762253144203092e-15,1.7358805578509535e-13,8.762253144203092e-15,1.9111256207350153e-13,5.236484200813942e-10,84704,True,b=b_min
0.15,0.3,0.0,8,1e-09,1,2740,4500,3.6496350364963506e-13,2880,1243,3090,16600,12100,7200,16.0,1714,4.4762093605574915e-49,0.18094260316489835,49.87819052520665,8.762253144203092e-15,1.0,1.0,100800,True,controle a posteriori 7200/2880
0.15,0.3,0.0,8,1e-09,256,2740,4500,1.425638686131387e-15,1482,1482,3684,11444,6944,6944,15.43,1482,5.03050927402398e-48,2.556687574434443e-17,6.842256313435419e-16,2.556687574434443e-17,7.353593828322307e-16,5.158104854938399e-10,98752,True,b=b_min
0.15,0.3,0.0,8,1e-09,256,2740,4500,1.425638686131387e-15,2880,1482,3684,17364,12864,7200,16.0,1541,4.4762093605574915e-49,0.2489455056452847,55.47419894355688,2.556687574434443e-17,1.0,1.0,100800,True,controle a posteriori 7200/2880
0.15,0.3,0.0,10,1e-06,1,2192,3600,4.5620437956204375e-10,941,941,2340,7449,3849,3849,10.69,941,1.254013925855618e-31,8.67864200108349e-12,2.183938345027529e-10,8.67864200108349e-12,2.3575111850491986e-10,5.167664517627843e-07,81690,True,b=b_min
0.15,0.3,0.0,10,1e-06,1,2192,3600,4.5620437956204375e-10,2880,941,2340,15597,11997,7200,20.0,1730,2.2119895613548606e-45,0.9999295349315697,73.4195906167449,8.67864200108349e-12,1.0,1.0,115200,True,controle a posteriori 7200/2880
0.15,0.3,0.0,10,1e-06,256,2192,3600,1.7820483576642334e-12,1176,1176,2923,9192,5592,5592,15.53,1176,8.800397016099901e-39,4.304894969746979e-14,8.472983148287076e-13,4.304894969746979e-14,9.333962142236472e-13,5.23777152404028e-07,99120,True,b=b_min
0.15,0.3,0.0,10,1e-06,256,2192,3600,1.7820483576642334e-12,2880,1176,2923,16380,12780,7200,20.0,1552,2.2119895613548606e-45,0.9999714294990872,73.4195906167449,4.304894969746979e-14,1.0,1.0,115200,True,controle a posteriori 7200/2880
0.15,0.3,0.0,10,1e-09,1,2192,3600,4.562043795620439e-13,1233,1233,3066,9617,6017,6017,16.71,1233,1.5855264762249865e-40,8.762253144203092e-15,2.179654519365042e-13,8.762253144203092e-15,2.354899582249104e-13,5.161939884290035e-10,103370,True,b=b_min
0.15,0.3,0.0,10,1e-09,1,2192,3600,4.562043795620439e-13,2880,1233,3066,16569,12969,7200,20.0,1509,2.2119895613548606e-45,0.9999783961322425,73.4195906167449,8.762253144203092e-15,1.0,1.0,115200,True,controle a posteriori 7200/2880
0.15,0.3,0.0,10,1e-09,256,2192,3600,1.782048357664234e-15,1472,1472,3661,11371,7771,7771,21.59,1472,1.0028271228192609e-47,4.3463688765385527e-17,8.432814408801895e-16,4.3463688765385527e-17,9.302088184109606e-16,5.219885388689473e-10,120910,True,b=b_min
0.15,0.3,0.0,10,1e-09,256,2192,3600,1.782048357664234e-15,2880,1472,3661,17333,13733,7200,20.0,1339,2.2119895613548606e-45,0.9999917333985283,73.4195906167449,4.3463688765385527e-17,1.0,1.0,115200,True,controle a posteriori 7200/2880
0.15,0.3,0.0,12,1e-06,1,1827,3000,5.473453749315818e-10,934,934,2321,7396,4396,4396,14.65,934,2.069333160779335e-31,8.67864200108349e-12,2.633229451523623e-10,8.67864200108349e-12,2.806802291545293e-10,5.12802778665325e-07,95952,True,b=b_min
0.15,0.3,0.0,12,1e-06,1,1827,3000,5.473453749315818e-10,2880,934,2321,15572,12572,7200,24.0,1593,6.417484984525038e-43,1.0000000000086187,73.41959061674493,8.67864200108349e-12,1.0,1.0,129600,True,controle a posteriori 7200/2880
0.15,0.3,0.0,12,1e-06,256,1827,3000,2.1380678708264913e-12,1168,1168,2903,9135,6135,6135,20.45,1168,1.5081604059224122e-38,4.304894969746979e-14,1.0182734953084073e-12,4.304894969746979e-14,1.1043713947033467e-12,5.165277537594917e-07,116820,True,b=b_min
0.15,0.3,0.0,12,1e-06,256,1827,3000,2.1380678708264913e-12,2880,1168,2903,16355,13355,7200,24.0,1417,6.417484984525038e-43,0.9999999999993028,73.41959061674493,4.304894969746979e-14,1.0,1.0,129600,True,controle a posteriori 7200/2880
0.15,0.3,0.0,12,1e-09,1,1827,3000,5.473453749315818e-13,1226,1226,3047,9563,6563,6563,21.88,1226,2.641227798464902e-40,8.762253144203092e-15,2.646961694257802e-13,8.762253144203092e-15,2.822206757141864e-13,5.156171745298186e-10,121956,True,b=b_min
0.15,0.3,0.0,12,1e-09,1,1827,3000,5.473453749315818e-13,2880,1226,3047,16545,13545,7200,24.0,1374,6.417484984525038e-43,0.9999999999995649,73.41959061674493,8.762253144203092e-15,1.0,1.0,129600,True,controle a posteriori 7200/2880
0.15,0.3,0.0,12,1e-09,256,1827,3000,2.1380678708264916e-15,1465,1465,3641,11317,8317,8317,27.72,1465,1.6705459754612103e-47,4.3463688765385527e-17,1.0239767355193035e-15,4.3463688765385527e-17,1.1109041130500747e-15,5.195831845228765e-10,143004,True,b=b_min
0.15,0.3,0.0,12,1e-09,256,1827,3000,2.1380678708264916e-15,2880,1465,3641,17308,14308,7200,24.0,1205,6.417484984525038e-43,1.0,73.41959061674493,4.3463688765385527e-17,1.0,1.0,129600,True,controle a posteriori 7200/2880
0.15,0.3,1e-06,6,1e-06,1,3653,6000,2.737476047084588e-10,963,963,2394,7612,1612,1612,2.69,963,1.0861513984292852e-31,5.1057589770435595e-12,1.3116102297850617e-10,5.1057589770435595e-12,1.4137254093259327e-10,5.164338920267632e-07,52872,True,b=b_min
0.15,0.3,1e-06,6,1e-06,1,3653,6000,2.737476047084588e-10,2880,963,2394,15671,9671,7200,12.0,2286,5.104419787900032e-54,5.105759347439816e-12,0.007031853791654243,5.1057589770435595e-12,0.0070318538018657615,1.0,86400,True,controle a posteriori 7200/2880
0.15,0.3,1e-06,6,1e-06,256,3653,6000,1.0693265808924171e-12,1198,1198,2977,9395,3395,3395,5.66,1198,8.157668966520817e-39,2.5326945846470946e-14,5.069082231979601e-13,2.5326945846470946e-14,5.575621148909021e-13,5.214142478582951e-07,63570,True,b=b_min
0.15,0.3,1e-06,6,1e-06,256,3653,6000,1.0693265808924171e-12,2880,1198,2977,16492,10492,7200,12.0,2093,5.104419787900032e-54,2.5329250783099217e-14,0.009219001717562613,2.5326945846470946e-14,0.009219001717613268,1.0,86400,True,controle a posteriori 7200/2880
0.15,0.3,1e-06,6,1e-09,1,3653,6000,2.737476047084588e-13,1257,1257,3125,9832,3832,3832,6.39,1257,1.4636840414058263e-40,5.155129451555333e-15,1.3091820606475671e-13,5.155129451555333e-15,1.4122846496786737e-13,5.159075825276195e-10,66192,True,b=b_min
0.15,0.3,1e-06,6,1e-09,1,3653,6000,2.737476047084588e-13,2880,1257,3125,16685,10685,7200,12.0,2049,5.104419787900032e-54,5.159084846331765e-15,0.00999673333172915,5.155129451555333e-15,0.009996733331739465,1.0,86400,True,controle a posteriori 7200/2880
0.15,0.3,1e-06,6,1e-09,256,3653,6000,1.0693265808924172e-15,1513,1513,3761,11675,5675,5675,9.46,1513,6.329674051969941e-48,2.5571846426384e-17,5.063335176953539e-16,2.5571846426384e-17,5.574772105481218e-16,5.21334848033866e-10,77250,True,b=b_min
0.15,0.3,1e-06,6,1e-09,256,3653,6000,1.0693265808924172e-15,2880,1513,3761,17464,11464,7200,12.0,1870,5.104419787900032e-54,4.884012234207172e-17,0.013083436705972156,2.5571846426384e-17,0.01308343670597223,1.0,86400,True,controle a posteriori 7200/2880
0.15,0.3,1e-06,8,1e-06,1,2740,4500,3.6496350364963504e-10,951,951,2364,7522,3022,3022,6.72,951,2.486010284032623e-31,8.679766825580188e-12,1.7277621918317994e-10,8.679766825580188e-12,1.9013575283434033e-10,5.209719627660925e-07,67376,True,b=b_min
0.15,0.3,1e-06,8,1e-06,1,2740,4500,3.6496350364963504e-10,2880,951,2364,15629,11129,7200,16.0,1936,5.029084931292972e-48,0.11732397572906057,42.84785251082305,8.679766825580188e-12,1.0,1.0,100800,True,controle a posteriori 7200/2880
0.15,0.3,1e-06,8,1e-06,256,2740,4500,1.4256386861313869e-12,1185,1185,2947,9301,4801,4801,10.67,1185,1.937141803685016e-38,2.5326945846470946e-14,6.860864870268445e-13,2.5326945846470946e-14,7.367403787197864e-13,5.167791712492071e-07,81608,True,b=b_min
0.15,0.3,1e-06,8,1e-06,256,2740,4500,1.4256386861313869e-12,2880,1185,2947,16452,11952,7200,16.0,1747,5.029084931292972e-48,0.1699720529591149,48.81708718473896,2.5326945846470946e-14,1.0,1.0,100800,True,controle a posteriori 7200/2880
0.15,0.3,1e-06,8,1e-09,1,2740,4500,3.6496350364963506e-13,1244,1244,3093,9737,5237,5237,11.64,1244,3.5078286286800337e-40,8.76369640564011e-15,1.7261635978918847e-13,8.76369640564011e-15,1.9014375260046867e-13,5.209938821252841e-10,85096,True,b=b_min
0.15,0.3,1e-06,8,1e-09,1,2740,4500,3.6496350364963506e-13,2880,1244,3093,16644,12144,7200,16.0,1704,5.029084931292972e-48,0.18095923749383283,49.88038220441066,8.76369640564011e-15,1.0,1.0,100800,True,controle a posteriori 7200/2880
0.15,0.3,1e-06,8,1e-09,256,2740,4500,1.425638686131387e-15,1500,1500,3729,11581,7081,7081,15.74,1500,1.503061261751679e-47,2.5571846426384e-17,6.852655721823628e-16,2.5571846426384e-17,7.364092650351307e-16,5.165469148662422e-10,99848,True,b=b_min
0.15,0.3,1e-06,8,1e-09,256,2740,4500,1.425638686131387e-15,2880,1500,3729,17424,12924,7200,16.0,1527,5.029084931292972e-48,0.24896554756421915,55.47630193958435,2.5571846426384e-17,1.0,1.0,100800,True,controle a posteriori 7200/2880
0.15,0.3,1e-06,10,1e-06,1,2192,3600,4.5620437956204375e-10,941,941,2340,7450,3850,3850,10.69,941,4.821619834826623e-31,8.679766825580188e-12,2.1853344386969436e-10,8.679766825580188e-12,2.3589297752085475e-10,5.170774067257136e-07,81700,True,b=b_min
0.15,0.3,1e-06,10,1e-06,1,2192,3600,4.5620437956204375e-10,2880,941,2340,15598,11998,7200,20.0,1729,1.9843328494764498e-44,0.9999295523615607,73.42042182038057,8.679766825580188e-12,1.0,1.0,115200,True,controle a posteriori 7200/2880
0.15,0.3,1e-06,10,1e-06,256,2192,3600,1.7820483576642334e-12,1176,1176,2923,9232,5632,5632,15.64,1176,3.6548063627543007e-38,4.3055691688516796e-14,8.435617043443513e-13,4.3055691688516796e-14,9.296730877213849e-13,5.216879125210306e-07,99520,True,b=b_min
0.15,0.3,1e-06,10,1e-06,256,2192,3600,1.7820483576642334e-12,2880,1176,2923,16419,12819,7200,20.0,1543,1.9843328494764498e-44,0.9999714369312169,73.42042182038057,4.3055691688516796e-14,1.0,1.0,115200,True,controle a posteriori 7200/2880
0.15,0.3,1e-06,10,1e-09,1,2192,3600,4.562043795620439e-13,1234,1234,3069,9664,6064,6064,16.84,1234,6.8663210729716245e-40,8.76369640564011e-15,2.1906864080160866e-13,8.76369640564011e-15,2.365960336128889e-13,5.186185056794524e-10,103840,True,b=b_min
0.15,0.3,1e-06,10,1e-09,1,2192,3600,4.562043795620439e-13,2880,1234,3069,16613,13013,7200,20.0,1499,1.9843328494764498e-44,0.9999784018351846,73.42042182038057,8.76369640564011e-15,1.0,1.0,115200,True,controle a posteriori 7200/2880
0.15,0.3,1e-06,10,1e-09,256,2192,3600,1.782048357664234e-15,1490,1490,3705,11507,7907,7907,21.96,1490,2.9693276075032344e-47,4.347202155027724e-17,8.472456122319336e-16,4.347202155027724e-17,9.34189655332488e-16,5.242223934691363e-10,122270,True,b=b_min
0.15,0.3,1e-06,10,1e-09,256,2192,3600,1.782048357664234e-15,2880,1490,3705,17392,13792,7200,20.0,1325,1.9843328494764498e-44,0.9999917356866752,73.42042182038057,4.347202155027724e-17,1.0,1.0,115200,True,controle a posteriori 7200/2880
0.15,0.3,1e-06,12,1e-06,1,1827,3000,5.473453749315818e-10,934,934,2321,7397,4397,4397,14.66,934,7.851719986412189e-31,8.679766825580188e-12,2.63154811464207e-10,8.679766825580188e-12,2.8051434511536736e-10,5.124997085257762e-07,95964,True,b=b_min
0.15,0.3,1e-06,12,1e-06,1,1827,3000,5.473453749315818e-10,2880,934,2321,15573,12573,7200,24.0,1593,4.954861923016681e-42,1.0000000000086797,73.42042182038057,8.679766825580188e-12,1.0,1.0,129600,True,controle a posteriori 7200/2880
0.15,0.3,1e-06,12,1e-06,256,1827,3000,2.1380678708264913e-12,1168,1168,2904,9173,6173,6173,20.58,1168,6.289416862488868e-38,4.3055691688516796e-14,1.0255839203159339e-12,4.3055691688516796e-14,1.1116953036929675e-12,5.199532338808452e-07,117276,True,b=b_min
0.15,0.3,1e-06,12,1e-06,256,1827,3000,2.1380678708264913e-12,2880,1168,2904,16394,13394,7200,24.0,1407,4.954861923016681e-42,0.9999999999991827,73.42042182038057,4.3055691688516796e-14,1.0,1.0,129600,True,controle a posteriori 7200/2880
0.15,0.3,1e-06,12,1e-09,1,1827,3000,5.473453749315818e-13,1226,1226,3049,9606,6606,6606,22.02,1226,1.1707776433812634e-39,8.76369640564011e-15,2.6424854357763793e-13,8.76369640564011e-15,2.8177593638891813e-13,5.148046357825534e-10,122472,True,b=b_min
0.15,0.3,1e-06,12,1e-09,1,1827,3000,5.473453749315818e-13,2880,1226,3049,16588,13588,7200,24.0,1364,4.954861923016681e-42,0.9999999999994749,73.42042182038057,8.76369640564011e-15,1.0,1.0,129600,True,controle a posteriori 7200/2880
0.15,0.3,1e-06,12,1e-09,256,1827,3000,2.1380678708264916e-15,1482,1482,3685,11449,8449,8449,28.16,1482,5.063005853926776e-47,4.347202155027724e-17,1.0219369077340094e-15,4.347202155027724e-17,1.108880950834564e-15,5.186369272767356e-10,144588,True,b=b_min
0.15,0.3,1e-06,12,1e-09,256,1827,3000,2.1380678708264916e-15,2880,1482,3685,17367,14367,7200,24.0,1192,4.954861923016681e-42,1.0,73.42042182038057,4.347202155027724e-17,1.0,1.0,129600,True,controle a posteriori 7200/2880
0.15,0.3,0.0001,6,1e-06,1,3653,6000,2.737476047084588e-10,964,964,2396,7618,1618,1618,2.7,964,2.1007110424486624e-32,5.1730701458765474e-12,1.310645034459111e-10,5.1730701458765474e-12,1.414106437376642e-10,5.165730815736874e-07,52908,True,b=b_min
0.15,0.3,0.0001,6,1e-06,1,3653,6000,2.737476047084588e-10,2880,964,2396,15673,9673,7200,12.0,2285,2.0973669480944566e-55,5.1730705387164586e-12,0.007144625307156519,5.1730701458765474e-12,0.0071446253175026595,1.0,86400,True,controle a posteriori 7200/2880
0.15,0.3,0.0001,6,1e-06,256,3653,6000,1.0693265808924171e-12,1198,1198,2979,9351,3351,3351,5.58,1198,1.5188710751385263e-39,2.572952138824921e-14,5.06096800692478e-13,2.572952138824921e-14,5.575558434689764e-13,5.214083830251958e-07,63306,True,b=b_min
0.15,0.3,0.0001,6,1e-06,256,3653,6000,1.0693265808924171e-12,2880,1198,2979,16448,10448,7200,12.0,2104,2.0973669480944566e-55,2.573196278337937e-14,0.009364502553825047,2.572952138824921e-14,0.009364502553876507,1.0,86400,True,controle a posteriori 7200/2880
0.15,0.3,0.0001,6,1e-09,1,3653,6000,2.737476047084588e-13,1256,1256,3123,9779,3779,3779,6.3,1256,2.617834833516446e-41,5.241272137910005e-15,1.3099866763005322e-13,5.241272137910005e-15,1.4148121190587325e-13,5.168308670921549e-10,65874,True,b=b_min
0.15,0.3,0.0001,6,1e-09,1,3653,6000,2.737476047084588e-13,2880,1256,3123,16637,10637,7200,12.0,2060,2.0973669480944566e-55,5.245460054297961e-15,0.010153630135570293,5.241272137910005e-15,0.01015363013558078,1.0,86400,True,controle a posteriori 7200/2880
0.15,0.3,0.0001,6,1e-09,256,3653,6000,1.0693265808924172e-15,1492,1492,3710,11518,5518,5518,9.2,1492,1.7880257546952617e-48,2.606874056820655e-17,5.065305571520893e-16,2.606874056820655e-17,5.586680382885024e-16,5.224484720301822e-10,76308,True,b=b_min
0.15,0.3,0.0001,6,1e-09,256,3653,6000,1.0693265808924172e-15,2880,1492,3710,17397,11397,7200,12.0,1885,2.0973669480944566e-55,5.0672578693304884e-17,0.013285857639308063,2.606874056820655e-17,0.01328585763930814,1.0,86400,True,controle a posteriori 7200/2880
0.15,0.3,0.0001,8,1e-06,1,2740,4500,3.6496350364963504e-10,952,952,2366,7528,3028,3028,6.73,952,4.934149456257017e-32,8.791845212379226e-12,1.7316330067831412e-10,8.791845212379226e-12,1.9074699110307256e-10,5.226467556224188e-07,67424,True,b=b_min
0.15,0.3,0.0001,8,1e-06,1,2740,4500,3.6496350364963504e-10,2880,952,2366,15632,11132,7200,16.0,1936,3.180100056104798e-49,0.11855949424195775,43.062788139235934,8.791845212379226e-12,1.0,1.0,100800,True,controle a posteriori 7200/2880
0.15,0.3,0.0001,8,1e-06,256,2740,4500,1.4256386861313869e-12,1186,1186,2949,9262,4762,4762,10.58,1186,3.5338359342218985e-39,2.572952138824921e-14,6.866290280639018e-13,2.572952138824921e-14,7.380880708404003e-13,5.177244964102903e-07,81296,True,b=b_min
0.15,0.3,0.0001,8,1e-06,256,2740,4500,1.4256386861313869e-12,2880,1186,2949,16409,11909,7200,16.0,1757,3.180100056104798e-49,0.1715594256258628,49.03357911462904,2.572952138824921e-14,1.0,1.0,100800,True,controle a posteriori 7200/2880
0.15,0.3,0.0001,8,1e-09,1,2740,4500,3.6496350364963506e-13,1244,1244,3092,9689,5189,5189,11.53,1244,6.148769659110172e-41,8.907757299442657e-15,1.7300594001356127e-13,8.907757299442657e-15,1.908214546124466e-13,5.228507856381037e-10,84712,True,b=b_min
0.15,0.3,0.0001,8,1e-09,1,2740,4500,3.6496350364963506e-13,2880,1244,3092,16597,12097,7200,16.0,1715,3.180100056104798e-49,0.18261081381633582,50.095911389988515,8.907757299442657e-15,1.0,1.0,100800,True,controle a posteriori 7200/2880
0.15,0.3,0.0001,8,1e-09,256,2740,4500,1.425638686131387e-15,1480,1480,3680,11430,6930,6930,15.4,1480,4.120773368416001e-48,2.606874056820655e-17,6.815742596289911e-16,2.606874056820655e-17,7.337117407654042e-16,5.146547634424851e-10,98640,True,b=b_min
0.15,0.3,0.0001,8,1e-09,256,2740,4500,1.425638686131387e-15,2880,1480,3680,17359,12859,7200,16.0,1543,3.180100056104798e-49,0.25095398427674126,55.68478685381611,2.606874056820655e-17,1.0,1.0,100800,True,controle a posteriori 7200/2880
0.15,0.3,0.0001,10,1e-06,1,2192,3600,4.5620437956204375e-10,942,942,2343,7457,3857,3857,10.71,942,9.677620214845496e-32,8.791845212379226e-12,2.176826091532419e-10,8.791845212379226e-12,2.3526629957800033e-10,5.157037286749767e-07,81770,True,b=b_min
0.15,0.3,0.0001,10,1e-06,1,2192,3600,4.5620437956204375e-10,2880,942,2343,15601,12001,7200,20.0,1729,1.62517676008577e-45,0.9999312580006077,73.50277562944939,8.791845212379226e-12,1.0,1.0,115200,True,controle a posteriori 7200/2880
0.15,0.3,0.0001,10,1e-06,256,2192,3600,1.7820483576642334e-12,1177,1177,2925,9194,5594,5594,15.54,1177,6.736605638665835e-39,4.3728378517039754e-14,8.41900611257002e-13,4.3728378517039754e-14,9.293573682910815e-13,5.21510745931277e-07,99140,True,b=b_min
0.15,0.3,0.0001,10,1e-06,256,2192,3600,1.7820483576642334e-12,2880,1177,2925,16378,12778,7200,20.0,1552,1.62517676008577e-45,0.9999721637432172,73.50277562944939,4.3728378517039754e-14,1.0,1.0,115200,True,controle a posteriori 7200/2880
0.15,0.3,0.0001,10,1e-09,1,2192,3600,4.562043795620439e-13,1234,1234,3069,9617,6017,6017,16.71,1234,1.2174888978515542e-40,8.907757299442657e-15,2.1916858838380066e-13,8.907757299442657e-15,2.3698410298268597e-13,5.194691537380476e-10,103370,True,b=b_min
0.15,0.3,0.0001,10,1e-09,1,2192,3600,4.562043795620439e-13,2880,1234,3069,16567,12967,7200,20.0,1510,1.62517676008577e-45,0.999978959432381,73.50277562944939,8.907757299442657e-15,1.0,1.0,115200,True,controle a posteriori 7200/2880
0.15,0.3,0.0001,10,1e-09,256,2192,3600,1.782048357664234e-15,1471,1471,3656,11361,7761,7761,21.56,1471,7.930379726311707e-48,4.4304895447828404e-17,8.42525231704401e-16,4.4304895447828404e-17,9.311350226000578e-16,5.225082802020677e-10,120810,True,b=b_min
0.15,0.3,0.0001,10,1e-09,256,2192,3600,1.782048357664234e-15,2880,1471,3656,17328,13728,7200,20.0,1340,1.62517676008577e-45,0.9999919592826436,73.50277562944939,4.4304895447828404e-17,1.0,1.0,115200,True,controle a posteriori 7200/2880
0.15,0.3,0.0001,12,1e-06,1,1827,3000,5.473453749315818e-10,935,935,2324,7403,4403,4403,14.68,935,1.6153854392983165e-31,8.791845212379226e-12,2.646517391641625e-10,8.791845212379226e-12,2.822354295889209e-10,5.156441298589585e-07,96036,True,b=b_min
0.15,0.3,0.0001,12,1e-06,1,1827,3000,5.473453749315818e-10,2880,935,2324,15576,12576,7200,24.0,1592,4.821777312751926e-43,1.0000000000086209,73.50277562944939,8.791845212379226e-12,1.0,1.0,129600,True,controle a posteriori 7200/2880
0.15,0.3,0.0001,12,1e-06,256,1827,3000,2.1380678708264913e-12,1169,1169,2906,9136,6136,6136,20.45,1169,1.1679674973718572e-38,4.3728378517039754e-14,1.0206290816679877e-12,4.3728378517039754e-14,1.1080858387020673e-12,5.182650437910213e-07,116832,True,b=b_min
0.15,0.3,0.0001,12,1e-06,256,1827,3000,2.1380678708264913e-12,2880,1169,2906,16353,13353,7200,24.0,1417,4.821777312751926e-43,0.9999999999992026,73.50277562944939,4.3728378517039754e-14,1.0,1.0,129600,True,controle a posteriori 7200/2880
0.15,0.3,0.0001,12,1e-09,1,1827,3000,5.473453749315818e-13,1227,1227,3050,9564,6564,6564,21.88,1227,2.013038531763582e-40,8.907757299442657e-15,2.6417328089483407e-13,8.907757299442657e-15,2.819887954937194e-13,5.151935293670253e-10,121968,True,b=b_min
0.15,0.3,0.0001,12,1e-09,1,1827,3000,5.473453749315818e-13,2880,1227,3050,16542,13542,7200,24.0,1375,4.821777312751926e-43,0.9999999999995688,73.50277562944939,8.907757299442657e-15,1.0,1.0,129600,True,controle a posteriori 7200/2880
0.15,0.3,0.0001,12,1e-09,256,1827,3000,2.1380678708264916e-15,1463,1463,3637,11303,8303,8303,27.68,1463,1.3749395851503433e-47,4.4304895447828404e-17,1.0212921269323003e-15,4.4304895447828404e-17,1.1099019178279569e-15,5.191144457911494e-10,142836,True,b=b_min
0.15,0.3,0.0001,12,1e-09,256,1827,3000,2.1380678708264916e-15,2880,1463,3637,17303,14303,7200,24.0,1207,4.821777312751926e-43,1.0,73.50277562944939,4.4304895447828404e-17,1.0,1.0,129600,True,controle a posteriori 7200/2880
0.15,0.3,0.001,6,1e-06,1,3653,6000,2.737476047084588e-10,973,973,2419,7690,1690,1690,2.82,973,2.0236957913560883e-32,5.826931924782359e-12,1.3025199604503366e-10,5.826931924782359e-12,1.4190585989459836e-10,5.183821061949678e-07,53340,True,b=b_min
0.15,0.3,0.001,6,1e-06,1,3653,6000,2.737476047084588e-10,2880,973,2419,15713,9713,7200,12.0,2276,6.279342863171751e-55,5.82693259417829e-12,0.008249588998127354,5.826931924782359e-12,0.008249589009781219,1.0,86400,True,controle a posteriori 7200/2880
0.15,0.3,0.001,6,1e-06,256,3653,6000,1.0693265808924171e-12,1210,1210,3008,9443,3443,3443,5.74,1210,1.3969410455238882e-39,1.7514423637789534e-14,5.138319794053533e-13,1.7514423637789534e-14,5.488608266809324e-13,5.132770815655542e-07,63858,True,b=b_min
0.15,0.3,0.001,6,1e-06,256,3653,6000,1.0693265808924171e-12,2880,1210,3008,16495,10495,7200,12.0,2093,6.279342863171751e-55,1.751934078068154e-14,0.011081488380790936,1.7514423637789534e-14,0.011081488380825968,1.0,86400,True,controle a posteriori 7200/2880
0.15,0.3,0.001,6,1e-09,1,3653,6000,2.737476047084588e-13,1268,1268,3153,9871,3871,3871,6.45,1268,2.493488211120132e-41,6.0931571397529314e-15,1.3001675845548584e-13,6.0931571397529314e-15,1.4220307273499172e-13,5.194678247009248e-10,66426,True,b=b_min
0.15,0.3,0.001,6,1e-09,1,3653,6000,2.737476047084588e-13,2880,1268,3153,16684,10684,7200,12.0,2050,6.279342863171751e-55,6.100183474927072e-15,0.011690539702484468,6.0931571397529314e-15,0.011690539702496661,1.0,86400,True,controle a posteriori 7200/2880
0.15,0.3,0.001,6,1e-09,256,3653,6000,1.0693265808924172e-15,1506,1506,3744,11626,5626,5626,9.38,1506,1.6891577578449303e-48,1.8314635697625868e-17,5.151289591171669e-16,1.8314635697625868e-17,5.517582305124185e-16,5.159866409118374e-10,76956,True,b=b_min
0.15,0.3,0.001,6,1e-09,256,3653,6000,1.0693265808924172e-15,2880,1506,3744,17451,11451,7200,12.0,1874,6.279342863171751e-55,6.683315158676501e-17,0.01567398502160355,1.8314635697625868e-17,0.015673985021603633,1.0,86400,True,controle a posteriori 7200/2880
0.15,0.3,0.001,8,1e-06,1,2740,4500,3.6496350364963504e-10,961,961,2389,7601,3101,3101,6.89,961,4.674210932619587e-32,5.826931924782359e-12,1.7631110262927958e-10,5.826931924782359e-12,1.8796496647884428e-10,5.150240081520333e-07,68008,True,b=b_min
0.15,0.3,0.001,8,1e-06,1,2740,4500,3.6496350364963504e-10,2880,961,2389,15674,11174,7200,16.0,1927,8.421351792400183e-49,0.13478221164498494,45.58742659071041,5.826931924782359e-12,1.0,1.0,100800,True,controle a posteriori 7200/2880
0.15,0.3,0.001,8,1e-06,256,2740,4500,1.4256386861313869e-12,1198,1198,2977,9352,4852,4852,10.78,1198,3.2878433200475905e-39,2.969426541285611e-14,6.823942727067851e-13,2.969426541285611e-14,7.417828035324973e-13,5.203161297098349e-07,82016,True,b=b_min
0.15,0.3,0.001,8,1e-06,256,2740,4500,1.4256386861313869e-12,2880,1198,2977,16454,11954,7200,16.0,1748,8.421351792400183e-49,0.1864254411647277,51.01101205240519,2.969426541285611e-14,1.0,1.0,100800,True,controle a posteriori 7200/2880
0.15,0.3,0.001,8,1e-09,1,2740,4500,3.6496350364963506e-13,1256,1256,3122,9782,5282,5282,11.74,1256,5.759309233412899e-41,6.0931571397529314e-15,1.7591296833880516e-13,6.0931571397529314e-15,1.8809928261831104e-13,5.153920343741722e-10,85456,True,b=b_min
0.15,0.3,0.001,8,1e-09,1,2740,4500,3.6496350364963506e-13,2880,1256,3122,16645,12145,7200,16.0,1705,8.421351792400183e-49,0.20403322334034452,52.588283501803716,6.0931571397529314e-15,1.0,1.0,100800,True,controle a posteriori 7200/2880
0.15,0.3,0.001,8,1e-09,256,2740,4500,1.425638686131387e-15,1494,1494,3714,11536,7036,7036,15.64,1494,3.938385908860409e-48,3.1050959174681056e-17,6.78623144143842e-16,3.1050959174681056e-17,7.407250624932042e-16,5.195741878352331e-10,99488,True,b=b_min
0.15,0.3,0.001,8,1e-09,256,2740,4500,1.425638686131387e-15,2880,1494,3714,17410,12910,7200,16.0,1532,8.421351792400183e-49,0.26941331773316823,57.5709570305832,3.1050959174681056e-17,1.0,1.0,100800,True,controle a posteriori 7200/2880
0.15,0.3,0.001,10,1e-06,1,2192,3600,4.5620437956204375e-10,951,951,2365,7528,3928,3928,10.91,951,9.287775957783694e-32,9.879084044981411e-12,2.1707511813644647e-10,9.879084044981411e-12,2.368332862264093e-10,5.191385634082892e-07,82480,True,b=b_min
0.15,0.3,0.001,10,1e-06,1,2192,3600,4.5620437956204375e-10,2880,951,2365,15641,12041,7200,20.0,1720,3.998180324856216e-45,0.9999450789079172,74.25735864788017,9.879084044981411e-12,1.0,1.0,115200,True,controle a posteriori 7200/2880
0.15,0.3,0.001,10,1e-06,256,2192,3600,1.7820483576642334e-12,1188,1188,2953,9281,5681,5681,15.78,1188,6.411277580591257e-39,2.969426541285611e-14,8.557271615236449e-13,2.969426541285611e-14,9.15115692349357e-13,5.135190009932264e-07,100010,True,b=b_min
0.15,0.3,0.001,10,1e-06,256,2192,3600,1.7820483576642334e-12,2880,1188,2953,16424,12824,7200,20.0,1543,3.998180324856216e-45,0.9999799875656966,74.25735864788017,2.969426541285611e-14,1.0,1.0,115200,True,controle a posteriori 7200/2880
0.15,0.3,0.001,10,1e-09,1,2192,3600,4.562043795620439e-13,1246,1246,3098,9709,6109,6109,16.97,1246,1.14438938684256e-40,1.033044701052451e-14,2.165282439058758e-13,1.033044701052451e-14,2.3718913792692484e-13,5.199185903358192e-10,104290,True,b=b_min
0.15,0.3,0.001,10,1e-09,1,2192,3600,4.562043795620439e-13,2880,1246,3098,16613,13013,7200,20.0,1500,3.998180324856216e-45,0.999983439726975,74.25735864788017,1.033044701052451e-14,1.0,1.0,115200,True,controle a posteriori 7200/2880
0.15,0.3,0.001,10,1e-09,256,2192,3600,1.782048357664234e-15,1484,1484,3690,11464,7864,7864,21.84,1484,7.752409665141915e-48,3.1050959174681056e-17,8.578571785313798e-16,3.1050959174681056e-17,9.19959096880742e-16,5.162368871328222e-10,121840,True,b=b_min
0.15,0.3,0.001,10,1e-09,256,2192,3600,1.782048357664234e-15,2880,1484,3690,17380,13780,7200,20.0,1329,3.998180324856216e-45,0.9999943384954596,74.25735864788017,3.1050959174681056e-17,1.0,1.0,115200,True,controle a posteriori 7200/2880
0.15,0.3,0.001,12,1e-06,1,1827,3000,5.473453749315818e-10,944,944,2346,7474,4474,4474,14.91,944,1.543478430457535e-31,9.879084044981411e-12,2.6342398511364534e-10,9.879084044981411e-12,2.831821532036081e-10,5.17373793902992e-07,96888,True,b=b_min
0.15,0.3,0.001,12,1e-06,1,1827,3000,5.473453749315818e-10,2880,944,2346,15616,12616,7200,24.0,1584,1.1294042634190367e-42,1.0000000000097935,74.25735864788012,9.879084044981411e-12,1.0,1.0,129600,True,controle a posteriori 7200/2880
0.15,0.3,0.001,12,1e-06,256,1827,3000,2.1380678708264913e-12,1180,1180,2934,9221,6221,6221,20.74,1180,1.1273098063010582e-38,5.034418583473448e-14,1.0165056372904696e-12,5.034418583473448e-14,1.1171940089599387e-12,5.225250443186708e-07,117852,True,b=b_min
0.15,0.3,0.001,12,1e-06,256,1827,3000,2.1380678708264913e-12,2880,1180,2934,16397,13397,7200,24.0,1408,1.1294042634190367e-42,0.9999999999994034,74.25735864788012,5.034418583473448e-14,1.0,1.0,129600,True,controle a posteriori 7200/2880
0.15,0.3,0.001,12,1e-09,1,1827,3000,5.473453749315818e-13,1239,1239,3079,9655,6655,6655,22.18,1239,1.9017904207257984e-40,1.033044701052451e-14,2.6266851095157265e-13,1.033044701052451e-14,2.8332940497262167e-13,5.176428228849798e-10,123060,True,b=b_min
0.15,0.3,0.001,12,1e-09,1,1827,3000,5.473453749315818e-13,2880,1239,3079,16588,13588,7200,24.0,1366,1.1294042634190367e-42,0.9999999999997718,74.25735864788012,1.033044701052451e-14,1.0,1.0,129600,True,controle a posteriori 7200/2880
0.15,0.3,0.001,12,1e-09,256,1827,3000,2.1380678708264916e-15,1476,1476,3670,11405,8405,8405,28.02,1476,1.3503627222698615e-47,5.2644348573785394e-17,1.0107893409537288e-15,5.2644348573785394e-17,1.1160780381012997e-15,5.22003091356435e-10,144060,True,b=b_min
0.15,0.3,0.001,12,1e-09,256,1827,3000,2.1380678708264916e-15,2880,1476,3670,17354,14354,7200,24.0,1196,1.1294042634190367e-42,1.0,74.25735864788012,5.2644348573785394e-17,1.0,1.0,129600,True,controle a posteriori 7200/2880
0.15,0.3,0.01,6,1e-06,1,3653,6000,2.737476047084588e-10,1074,1074,2667,8488,2488,2488,4.15,1074,1.6053927279412138e-32,4.2103240344351796e-12,1.3227807563778305e-10,4.2103240344351796e-12,1.406987237066534e-10,5.139724377004049e-07,58128,True,b=b_min
0.15,0.3,0.01,6,1e-06,1,3653,6000,2.737476047084588e-10,2880,1074,2667,16148,10148,7200,12.0,2178,4.98998714774347e-50,4.210516357530338e-12,0.035201500829474666,4.2103240344351796e-12,0.03520150083789551,1.0,86400,True,controle a posteriori 7200/2880
0.15,0.3,0.01,6,1e-06,256,3653,6000,1.0693265808924171e-12,1334,1334,3315,10409,4409,4409,7.35,1334,1.1697339456410209e-39,1.651660290983509e-14,5.168919251049915e-13,1.651660290983509e-14,5.499251309246616e-13,5.14272384836554e-07,69654,True,b=b_min
0.15,0.3,0.01,6,1e-06,256,3653,6000,1.0693265808924171e-12,2880,1334,3315,16989,10989,7200,12.0,1984,4.98998714774347e-50,1.773763705041151e-14,0.0461528444964416,1.651660290983509e-14,0.04615284449647585,1.0,86400,True,controle a posteriori 7200/2880
0.15,0.3,0.01,6,1e-09,1,3653,6000,2.737476047084588e-13,1399,1399,3474,10885,4885,4885,8.14,1399,1.992986973774674e-41,6.0310704497035724e-15,1.3019567441383426e-13,6.0310704497035724e-15,1.422578153132414e-13,5.196677993392708e-10,72510,True,b=b_min
0.15,0.3,0.01,6,1e-09,1,3653,6000,2.737476047084588e-13,2880,1399,3474,17193,11193,7200,12.0,1938,4.98998714774347e-50,7.730233914946481e-15,0.048475498202374595,6.0310704497035724e-15,0.048475498202388355,1.0,86400,True,controle a posteriori 7200/2880
0.15,0.3,0.01,6,1e-09,256,3653,6000,1.0693265808924172e-15,1659,1659,4123,12806,6806,6806,11.34,1659,1.4521459303196578e-48,2.3659175617906482e-17,5.090682964864744e-16,2.3659175617906482e-17,5.563866477222874e-16,5.20314988577156e-10,84036,True,b=b_min
0.15,0.3,0.01,6,1e-09,256,3653,6000,1.0693265808924172e-15,2880,1659,4123,18022,12022,7200,12.0,1750,4.98998714774347e-50,1.0166347374969338e-14,0.0634422580017477,2.3659175617906482e-17,0.0634422580017579,1.0,86400,True,controle a posteriori 7200/2880
0.15,0.3,0.01,8,1e-06,1,2740,4500,3.6496350364963504e-10,1060,1060,2633,8385,3885,3885,8.63,1060,3.875063235300848e-32,6.96752738441928e-12,1.7543102531537946e-10,6.96752738441928e-12,1.89366080084218e-10,5.188630594307573e-07,74280,True,b=b_min
0.15,0.3,0.01,8,1e-06,1,2740,4500,3.6496350364963504e-10,2880,1060,2633,16103,11603,7200,16.0,1834,1.8679447534052657e-44,0.31148342002680873,67.07645892699692,6.96752738441928e-12,1.0,1.0,100800,True,controle a posteriori 7200/2880
0.15,0.3,0.01,8,1e-06,256,2740,4500,1.4256386861313869e-12,1321,1321,3281,10311,5811,5811,12.91,1321,2.7052477667366573e-39,2.7332785346364264e-14,6.820515264080251e-13,2.7332785346364264e-14,7.367170971007535e-13,5.167628405903526e-07,89688,True,b=b_min
0.15,0.3,0.01,8,1e-06,256,2740,4500,1.4256386861313869e-12,2880,1321,3281,16945,12445,7200,16.0,1643,1.8679447534052657e-44,0.39849411983537125,71.84045935226229,2.7332785346364264e-14,1.0,1.0,100800,True,controle a posteriori 7200/2880
0.15,0.3,0.01,8,1e-09,1,2740,4500,3.6496350364963506e-13,1385,1385,3441,10784,6284,6284,13.96,1385,4.729017740458865e-41,6.0310704497035724e-15,1.75651829386084e-13,6.0310704497035724e-15,1.8771397028549115e-13,5.143362785822458e-10,93472,True,b=b_min
0.15,0.3,0.01,8,1e-09,1,2740,4500,3.6496350364963506e-13,2880,1385,3441,17151,12651,7200,16.0,1597,1.8679447534052657e-44,0.4233415054375466,72.9696889965423,6.0310704497035724e-15,1.0,1.0,100800,True,controle a posteriori 7200/2880
0.15,0.3,0.01,8,1e-09,256,2740,4500,1.425638686131387e-15,1646,1646,4089,12709,8209,8209,18.24,1646,3.329773603949128e-48,2.3659175617906482e-17,6.883854762616751e-16,2.3659175617906482e-17,7.357038274974881e-16,5.160520927598381e-10,108872,True,b=b_min
0.15,0.3,0.01,8,1e-09,256,2740,4500,1.425638686131387e-15,2880,1646,4089,17980,13480,7200,16.0,1413,1.8679447534052657e-44,0.51627407072606,76.4597559316237,2.3659175617906482e-17,1.0,1.0,100800,True,controle a posteriori 7200/2880
0.15,0.3,0.01,10,1e-06,1,2192,3600,4.5620437956204375e-10,1050,1050,2607,8311,4711,4711,13.09,1050,7.298380713862176e-32,6.96752738441928e-12,2.2031359429896055e-10,6.96752738441928e-12,2.342486490677991e-10,5.134730387566156e-07,90310,True,b=b_min
0.15,0.3,0.01,10,1e-06,1,2192,3600,4.5620437956204375e-10,2880,1050,2607,16070,12470,7200,20.0,1630,4.124039226496191e-41,0.9999963616089772,82.43164437427396,6.96752738441928e-12,1.0,1.0,115200,True,controle a posteriori 7200/2880
0.15,0.3,0.01,10,1e-06,256,2192,3600,1.7820483576642334e-12,1310,1310,3255,10232,6632,6632,18.42,1310,5.317803874796688e-39,2.7332785346364264e-14,8.60715533541154e-13,2.7332785346364264e-14,9.153811042338825e-13,5.136679374030516e-07,109520,True,b=b_min
0.15,0.3,0.01,10,1e-06,256,2192,3600,1.7820483576642334e-12,2880,1310,3255,16912,13312,7200,20.0,1441,4.124039226496191e-41,0.9999988504673544,82.43164437427396,2.7332785346364264e-14,1.0,1.0,115200,True,controle a posteriori 7200/2880
0.15,0.3,0.01,10,1e-09,1,2192,3600,4.562043795620439e-13,1374,1374,3415,10703,7103,7103,19.73,1374,9.45643042570451e-41,9.980621009686443e-15,2.1789395039847828e-13,9.980621009686443e-15,2.378551924178512e-13,5.213785817799298e-10,114230,True,b=b_min
0.15,0.3,0.01,10,1e-09,1,2192,3600,4.562043795620439e-13,2880,1374,3415,17117,13517,7200,20.0,1396,4.124039226496191e-41,0.9999990731685612,82.43164437427396,9.980621009686443e-15,1.0,1.0,115200,True,controle a posteriori 7200/2880
0.15,0.3,0.01,10,1e-09,256,2192,3600,1.782048357664234e-15,1635,1635,4063,12629,9029,9029,25.08,1635,6.601695440062051e-48,3.915279504910188e-17,8.476386210167625e-16,3.915279504910188e-17,9.259442111149662e-16,5.195954459555855e-10,133490,True,b=b_min
0.15,0.3,0.01,10,1e-09,256,2192,3600,1.782048357664234e-15,2880,1635,4063,17946,14346,7200,20.0,1214,4.124039226496191e-41,0.9999997254190109,82.43164437427396,3.915279504910188e-17,1.0,1.0,115200,True,controle a posteriori 7200/2880
0.15,0.3,0.01,12,1e-06,1,1827,3000,5.473453749315818e-10,1041,1041,2586,8245,5245,5245,17.48,1041,1.2836604381246308e-31,1.1530332928198276e-11,2.607264205457114e-10,1.1530332928198276e-11,2.837870864021079e-10,5.184790068566511e-07,106140,True,b=b_min
0.15,0.3,0.01,12,1e-06,1,1827,3000,5.473453749315818e-10,2880,1041,2586,16041,13041,7200,24.0,1496,6.992438053376797e-39,1.0000000000115303,82.43164437427399,1.1530332928198276e-11,1.0,1.0,129600,True,controle a posteriori 7200/2880
0.15,0.3,0.01,12,1e-06,256,1827,3000,2.1380678708264913e-12,1302,1302,3234,10170,7170,7170,23.9,1302,9.038449161931808e-39,4.523213150239042e-14,1.0210896000525662e-12,4.523213150239042e-14,1.1115538630573471e-12,5.198870803982779e-07,129240,True,b=b_min
0.15,0.3,0.01,12,1e-06,256,1827,3000,2.1380678708264913e-12,2880,1302,3234,16884,13884,7200,24.0,1309,6.992438053376797e-39,0.9999999999998811,82.43164437427399,4.523213150239042e-14,1.0,1.0,129600,True,controle a posteriori 7200/2880
0.15,0.3,0.01,12,1e-09,1,1827,3000,5.473453749315818e-13,1366,1366,3393,10643,7643,7643,25.48,1366,1.5800026510906754e-40,9.980621009686443e-15,2.6296934947340555e-13,9.980621009686443e-15,2.8293059149277847e-13,5.169141906573062e-10,134916,True,b=b_min
0.15,0.3,0.01,12,1e-09,1,1827,3000,5.473453749315818e-13,2880,1366,3393,17090,14090,7200,24.0,1263,6.992438053376797e-39,1.00000000000001,82.43164437427399,9.980621009686443e-15,1.0,1.0,129600,True,controle a posteriori 7200/2880
0.15,0.3,0.01,12,1e-09,256,1827,3000,2.1380678708264916e-15,1627,1627,4042,12569,9569,9569,31.9,1627,1.1030268111145457e-47,3.915279504910188e-17,1.022935076972404e-15,3.915279504910188e-17,1.1012406670706076e-15,5.15063474876928e-10,158028,True,b=b_min
0.15,0.3,0.01,12,1e-09,256,1827,3000,2.1380678708264916e-15,2880,1627,4042,17920,14920,7200,24.0,1083,6.992438053376797e-39,1.0,82.43164437427399,3.915279504910188e-17,1.0,1.0,129600,True,controle a posteriori 7200/2880
0.15,0.4,0.0,6,1e-06,1,3653,6000,2.737476047084588e-10,393,393,813,2552,1,1,0.0,1462,9.815566663844537e-74,4.242237165564212e-12,3.3731031208908475e-46,4.242237165564212e-12,8.484474331128424e-12,3.099378473161213e-08,43206,True,b=b_min
0.15,0.4,0.0,6,1e-06,1,3653,6000,2.737476047084588e-10,2880,393,813,10427,4427,7200,12.0,3778,6.3300047760631054e-161,4.242237165564212e-12,1.8751097460271279e-34,4.242237165564212e-12,8.484474331128424e-12,3.099378473161213e-08,86400,True,controle a posteriori 7200/2880
0.15,0.4,0.0,6,1e-06,256,3653,6000,1.0693265808924171e-12,489,489,1012,3143,1,1,0.0,1369,9.815566663844537e-74,1.3800071562892728e-14,3.6101090044631434e-42,1.3800071562892728e-14,2.7600143125785455e-14,2.5810770646654533e-08,43206,True,b=b_min
0.15,0.4,0.0,6,1e-06,256,3653,6000,1.0693265808924171e-12,2880,489,1012,10751,4751,7200,12.0,3669,6.3300047760631054e-161,1.3800071562892728e-14,3.0062785493481036e-34,1.3800071562892728e-14,2.7600143125785455e-14,2.5810770646654533e-08,86400,True,controle a posteriori 7200/2880
0.15,0.4,0.0,6,1e-09,1,3653,6000,2.737476047084588e-13,512,512,1060,3284,1,1,0.0,1347,9.815566663844537e-74,6.088266865982085e-15,2.965076752446525e-41,6.088266865982085e-15,1.217653373196417e-14,4.448087772286511e-11,43206,True,b=b_min
0.15,0.4,0.0,6,1e-09,1,3653,6000,2.737476047084588e-13,2880,512,1060,10828,4828,7200,12.0,3643,6.3300047760631054e-161,6.088266865982085e-15,3.2167112759941855e-34,6.088266865982085e-15,1.217653373196417e-14,4.448087772286511e-11,86400,True,controle a posteriori 7200/2880
0.15,0.4,0.0,6,1e-09,256,3653,6000,1.0693265808924172e-15,608,608,1259,3875,1,1,0.0,1257,9.815566663844537e-74,1.980523840735506e-17,2.012928223997756e-37,1.980523840735506e-17,3.961047681471012e-17,3.704245038185883e-11,43206,True,b=b_min
0.15,0.4,0.0,6,1e-09,256,3653,6000,1.0693265808924172e-15,2880,608,1259,11143,5143,7200,12.0,3539,6.3300047760631054e-161,1.980523840735506e-17,5.1534059749331445e-34,1.980523840735506e-17,3.961047681471012e-17,3.704245038185883e-11,86400,True,controle a posteriori 7200/2880
0.15,0.4,0.0,8,1e-06,1,2740,4500,3.6496350364963504e-10,388,388,802,2522,1,1,0.0,995,1.4425419892086123e-55,4.242237165564212e-12,1.2994885835732222e-30,4.242237165564212e-12,8.484474331128424e-12,2.324745966729188e-08,43208,True,b=b_min
0.15,0.4,0.0,8,1e-06,1,2740,4500,3.6496350364963504e-10,2880,388,802,10410,5910,7200,16.0,3297,9.302873684304749e-143,4.242237165564212e-12,3.908830946331024e-21,4.242237165564212e-12,8.484474335037255e-12,2.3247459678002077e-08,100800,True,controle a posteriori 7200/2880
0.15,0.4,0.0,8,1e-06,256,2740,4500,1.4256386861313869e-12,484,484,1001,3111,1,1,0.0,907,1.4425419892086123e-55,3.128016220922352e-14,7.501904995222521e-27,3.128016220922352e-14,6.256032441845454e-14,4.3882313960080756e-08,43208,True,b=b_min
0.15,0.4,0.0,8,1e-06,256,2740,4500,1.4256386861313869e-12,2880,484,1001,10733,6233,7200,16.0,3191,9.302873684304749e-143,3.128016220922352e-14,5.691022508891212e-21,3.128016220922352e-14,6.256033010946955e-14,4.388231795198632e-08,100800,True,controle a posteriori 7200/2880
0.15,0.4,0.0,8,1e-09,1,2740,4500,3.6496350364963506e-13,507,507,1050,3254,1,1,0.0,885,1.4425419892086123e-55,6.088266865982085e-15,5.895166206435787e-26,6.088266865982085e-15,1.2176533732023121e-14,3.3363702425743353e-11,43208,True,b=b_min
0.15,0.4,0.0,8,1e-09,1,2740,4500,3.6496350364963506e-13,2880,507,1050,10812,6312,7200,16.0,3165,9.302873684304749e-143,6.088266865982085e-15,6.448684824688584e-21,6.088266865982085e-15,1.2176540180648995e-14,3.3363720094978245e-11,100800,True,controle a posteriori 7200/2880
0.15,0.4,0.0,8,1e-09,256,2740,4500,1.425638686131387e-15,603,603,1249,3845,1,1,0.0,800,1.4425419892086123e-55,1.980523840735506e-17,2.288616228584382e-22,1.980523840735506e-17,3.961070567633298e-17,2.7784533389607005e-11,43208,True,b=b_min
0.15,0.4,0.0,8,1e-09,256,2740,4500,1.425638686131387e-15,2880,603,1249,11127,6627,7200,16.0,3063,9.302873684304749e-143,1.980523840735506e-17,9.986053374145628e-21,1.980523840735506e-17,3.962046286808427e-17,2.779137747418903e-11,100800,True,controle a posteriori 7200/2880
0.15,0.4,0.0,10,1e-06,1,2192,3600,4.5620437956204375e-10,384,384,794,2496,1,1,0.0,720,1.1467171696634033e-44,9.615737575278883e-12,1.7142677496468994e-21,9.615737575278883e-12,1.9231475152272034e-11,4.2155393533780297e-08,43210,True,b=b_min
0.15,0.4,0.0,10,1e-06,1,2192,3600,4.5620437956204375e-10,2880,384,794,10396,6796,7200,20.0,3010,7.39511574762209e-132,9.615737575278883e-12,1.2975289432456893e-13,9.615737575278883e-12,1.9361228044882335e-11,4.243981187438208e-08,115200,True,controle a posteriori 7200/2880
0.15,0.4,0.0,10,1e-06,256,2192,3600,1.7820483576642334e-12,480,480,993,3087,1,1,0.0,635,1.1467171696634033e-44,3.128016220922352e-14,7.027268883821197e-18,3.128016220922352e-14,6.256735168733087e-14,3.5109794534049094e-08,43210,True,b=b_min
0.15,0.4,0.0,10,1e-06,256,2192,3600,1.7820483576642334e-12,2880,480,993,10721,7121,7200,20.0,2905,7.39511574762209e-132,3.128016220922352e-14,1.9507903608828776e-13,3.128016220922352e-14,2.5763936050673483e-13,1.4457484242707527e-07,115200,True,controle a posteriori 7200/2880
0.15,0.4,0.0,10,1e-09,1,2192,3600,4.562043795620439e-13,503,503,1042,3231,1,1,0.0,614,1.1467171696634033e-44,6.088266865982085e-15,4.9511774681058165e-17,6.088266865982085e-15,1.2226045506645228e-14,2.679949175056634e-11,43210,True,b=b_min
0.15,0.4,0.0,10,1e-09,1,2192,3600,4.562043795620439e-13,2880,503,1042,10800,7200,7200,20.0,2880,7.39511574762209e-132,6.088266865982085e-15,2.191563871151e-13,6.088266865982085e-15,2.3133292084706416e-13,5.070817624967646e-10,115200,True,controle a posteriori 7200/2880
0.15,0.4,0.0,10,1e-09,256,2192,3600,1.782048357664234e-15,599,599,1241,3822,222,222,0.62,599,2.4144613281600165e-47,1.980523840735506e-17,8.552235973838445e-16,1.980523840735506e-17,8.948340741985546e-16,5.021379304046674e-10,45420,True,b=b_min
0.15,0.4,0.0,10,1e-09,256,2192,3600,1.782048357664234e-15,2880,599,1241,11115,7515,7200,20.0,2779,7.39511574762209e-132,1.980523840735506e-17,3.289522846121203e-13,1.980523840735506e-17,3.2899189508893503e-13,1.8461445991294607e-07,115200,True,controle a posteriori 7200/2880
0.15,0.4,0.0,12,1e-06,1,1827,3000,5.473453749315818e-10,381,381,788,2478,1,1,0.0,538,2.120027770067428e-37,9.615737575278883e-12,1.6634411644642185e-15,9.615737575278883e-12,1.9233138591722233e-11,3.513894420707652e-08,43212,True,b=b_min
0.15,0.4,0.0,12,1e-06,1,1827,3000,5.473453749315818e-10,2880,381,788,10385,7385,7200,24.0,2820,1.3671942099221417e-124,9.615737575278883e-12,7.0627291740672275e-09,9.615737575278883e-12,7.081960649217785e-09,1.2938742106120892e-05,129600,True,controle a posteriori 7200/2880
0.15,0.4,0.0,12,1e-06,256,1827,3000,2.1380678708264913e-12,477,477,987,3069,69,69,0.23,477,3.18244731847044e-38,3.128016220922352e-14,1.0157172587110944e-12,3.128016220922352e-14,1.0782775831295415e-12,5.043233649606842e-07,44028,True,b=b_min
0.15,0.4,0.0,12,1e-06,256,1827,3000,2.1380678708264913e-12,2880,477,987,10711,7711,7200,24.0,2716,1.3671942099221417e-124,3.128016220922352e-14,1.0311646229444203e-08,3.128016220922352e-14,1.0311708789768621e-08,0.004822909941480261,129600,True,controle a posteriori 7200/2880
0.15,0.4,0.0,12,1e-09,1,1827,3000,5.473453749315818e-13,500,500,1036,3212,212,212,0.71,500,5.899568420828968e-40,6.088266865982085e-15,2.67153914958859e-13,6.088266865982085e-15,2.793304486908232e-13,5.10336729758134e-10,45744,True,b=b_min
0.15,0.4,0.0,12,1e-09,1,1827,3000,5.473453749315818e-13,2880,500,1036,10790,7790,7200,24.0,2690,1.3671942099221417e-124,6.088266865982085e-15,1.148661073862159e-08,6.088266865982085e-15,1.148662291515532e-08,2.098606006598877e-05,129600,True,controle a posteriori 7200/2880
0.15,0.4,0.0,12,1e-09,256,1827,3000,2.1380678708264916e-15,596,596,1234,3801,801,801,2.67,596,4.3367185435805043e-47,4.4891873723338143e-17,1.0152860177356488e-15,4.4891873723338143e-17,1.1050697651823252e-15,5.168543900129557e-10,52812,True,b=b_min
0.15,0.4,0.0,12,1e-09,256,1827,3000,2.1380678708264916e-15,2880,596,1234,11104,8104,7200,24.0,2591,1.3671942099221417e-124,4.489187372333881e-17,1.5866899807714922e-08,4.4891873723338143e-17,1.5866899897498667e-08,0.007421139484858896,129600,True,controle a posteriori 7200/2880
0.15,0.4,1e-06,6,1e-06,1,3653,6000,2.737476047084588e-10,393,393,813,2552,1,1,0.0,1462,9.828887380061302e-74,4.2426806436537575e-12,3.3759015015081914e-46,4.2426806436537575e-12,8.485361287307515e-12,3.099702478253435e-08,43206,True,b=b_min
0.15,0.4,1e-06,6,1e-06,1,3653,6000,2.737476047084588e-10,2880,393,813,10427,4427,7200,12.0,3778,6.3489195505663e-161,4.2426806436537575e-12,1.8764688099749966e-34,4.2426806436537575e-12,8.485361287307515e-12,3.099702478253435e-08,86400,True,controle a posteriori 7200/2880
0.15,0.4,1e-06,6,1e-06,256,3653,6000,1.0693265808924171e-12,489,489,1012,3143,1,1,0.0,1369,9.828887380061302e-74,1.3801829802893758e-14,3.612853079780872e-42,1.3801829802893758e-14,2.7603659605787517e-14,2.5814059146225102e-08,43206,True,b=b_min
0.15,0.4,1e-06,6,1e-06,256,3653,6000,1.0693265808924171e-12,2880,489,1012,10751,4751,7200,12.0,3669,6.3489195505663e-161,1.3801829802893758e-14,3.008446315243173e-34,1.3801829802893758e-14,2.7603659605787517e-14,2.5814059146225102e-08,86400,True,controle a posteriori 7200/2880
0.15,0.4,1e-06,6,1e-09,1,3653,6000,2.737476047084588e-13,512,512,1060,3284,1,1,0.0,1347,9.828887380061302e-74,6.08906245099244e-15,2.9672986523262206e-41,6.08906245099244e-15,1.217812490198488e-14,4.4486690266950766e-11,43206,True,b=b_min
0.15,0.4,1e-06,6,1e-09,1,3653,6000,2.737476047084588e-13,2880,512,1060,10828,4828,7200,12.0,3643,6.3489195505663e-161,6.08906245099244e-15,3.2190195079045455e-34,6.08906245099244e-15,1.217812490198488e-14,4.4486690266950766e-11,86400,True,controle a posteriori 7200/2880
0.15,0.4,1e-06,6,1e-09,256,3653,6000,1.0693265808924172e-15,608,608,1259,3875,1,1,0.0,1257,9.828887380061302e-74,1.9808279403140305e-17,2.014298225921164e-37,1.9808279403140305e-17,3.961655880628061e-17,3.7048138065751826e-11,43206,True,b=b_min
0.15,0.4,1e-06,6,1e-09,256,3653,6000,1.0693265808924172e-15,2880,608,1259,11143,5143,7200,12.0,3539,6.3489195505663e-161,1.9808279403140305e-17,5.157111172855382e-34,1.9808279403140305e-17,3.961655880628061e-17,3.7048138065751826e-11,86400,True,controle a posteriori 7200/2880
0.15,0.4,1e-06,8,1e-06,1,2740,4500,3.6496350364963504e-10,388,388,802,2522,1,1,0.0,995,1.4440099107242997e-55,4.2426806436537575e-12,1.3002126265042325e-30,4.2426806436537575e-12,8.485361287307515e-12,2.324988992722259e-08,43208,True,b=b_min
0.15,0.4,1e-06,8,1e-06,1,2740,4500,3.6496350364963504e-10,2880,388,802,10410,5910,7200,16.0,3297,9.32750818979428e-143,4.2426806436537575e-12,3.910775793728569e-21,4.2426806436537575e-12,8.48536129121829e-12,2.3249889937938115e-08,100800,True,controle a posteriori 7200/2880
0.15,0.4,1e-06,8,1e-06,256,2740,4500,1.4256386861313869e-12,484,484,1001,3111,1,1,0.0,907,1.4440099107242997e-55,3.128404535857549e-14,7.50562553892736e-27,3.128404535857549e-14,6.256809071715848e-14,4.3887761552643644e-08,43208,True,b=b_min
0.15,0.4,1e-06,8,1e-06,256,2740,4500,1.4256386861313869e-12,2880,484,1001,10733,6233,7200,16.0,3191,9.32750818979428e-143,3.128404535857549e-14,5.693853695325594e-21,3.128404535857549e-14,6.256809641100468e-14,4.388776554653512e-08,100800,True,controle a posteriori 7200/2880
0.15,0.4,1e-06,8,1e-09,1,2740,4500,3.6496350364963506e-13,507,507,1050,3254,1,1,0.0,885,1.4440099107242997e-55,6.08906245099244e-15,5.898008538657347e-26,6.08906245099244e-15,1.217812490204386e-14,3.3368062231600176e-11,43208,True,b=b_min
0.15,0.4,1e-06,8,1e-09,1,2740,4500,3.6496350364963506e-13,2880,507,1050,10812,6312,7200,16.0,3165,9.32750818979428e-143,6.08906245099244e-15,6.4518677476992535e-21,6.08906245099244e-15,1.2178131353852628e-14,3.33680799095562e-11,100800,True,controle a posteriori 7200/2880
0.15,0.4,1e-06,8,1e-09,256,2740,4500,1.425638686131387e-15,603,603,1249,3845,1,1,0.0,800,1.4440099107242997e-55,1.9808279403140305e-17,2.2895845231927735e-22,1.9808279403140305e-17,3.9616787764732934e-17,2.778879960969427e-11,43208,True,b=b_min
0.15,0.4,1e-06,8,1e-09,256,2740,4500,1.425638686131387e-15,2880,603,1249,11127,6627,7200,16.0,3063,9.32750818979428e-143,1.9808279403140305e-17,9.990989184394184e-21,1.9808279403140305e-17,3.9626549795465e-17,2.779564708853097e-11,100800,True,controle a posteriori 7200/2880
0.15,0.4,1e-06,10,1e-06,1,2192,3600,4.5620437956204375e-10,384,384,794,2496,1,1,0.0,720,1.1476505336624018e-44,9.616711377659937e-12,1.714956095022216e-21,9.616711377659937e-12,1.923342275703483e-11,4.215966268342035e-08,43210,True,b=b_min
0.15,0.4,1e-06,10,1e-06,1,2192,3600,4.5620437956204375e-10,2880,384,794,10396,6796,7200,20.0,3010,7.413189945759489e-132,9.616711377659937e-12,1.2980071925957627e-13,9.616711377659937e-12,1.936322347457945e-11,4.244418585627815e-08,115200,True,controle a posteriori 7200/2880
0.15,0.4,1e-06,10,1e-06,256,2192,3600,1.7820483576642334e-12,480,480,993,3087,1,1,0.0,635,1.1476505336624018e-44,3.128404535857549e-14,7.029672080697984e-18,3.128404535857549e-14,6.257512038923169e-14,3.511415395665814e-08,43210,True,b=b_min
0.15,0.4,1e-06,10,1e-06,256,2192,3600,1.7820483576642334e-12,2880,480,993,10721,7121,7200,20.0,2905,7.413189945759489e-132,3.128404535857549e-14,1.951509692489814e-13,3.128404535857549e-14,2.577190599661324e-13,1.446195659381151e-07,115200,True,controle a posteriori 7200/2880
0.15,0.4,1e-06,10,1e-09,1,2192,3600,4.562043795620439e-13,503,503,1042,3231,1,1,0.0,614,1.1476505336624018e-44,6.08906245099244e-15,4.9528045982106197e-17,6.08906245099244e-15,1.2227652947966986e-14,2.6803015261943633e-11,43210,True,b=b_min
0.15,0.4,1e-06,10,1e-09,1,2192,3600,4.562043795620439e-13,2880,503,1042,10800,7200,7200,20.0,2880,7.413189945759489e-132,6.08906245099244e-15,2.1923601996590648e-13,6.08906245099244e-15,2.3141414486789137e-13,5.072598055504179e-10,115200,True,controle a posteriori 7200/2880
0.15,0.4,1e-06,10,1e-09,256,2192,3600,1.782048357664234e-15,599,599,1241,3822,222,222,0.62,599,2.416547296579569e-47,1.9808279403140305e-17,8.55489859779719e-16,1.9808279403140305e-17,8.951064185859997e-16,5.022907570023709e-10,45420,True,b=b_min
0.15,0.4,1e-06,10,1e-09,256,2192,3600,1.782048357664234e-15,2880,599,1241,11115,7515,7200,20.0,2779,7.413189945759489e-132,1.9808279403140305e-17,3.2907176781192033e-13,1.9808279403140305e-17,3.291113843707266e-13,1.84681511562402e-07,115200,True,controle a posteriori 7200/2880
0.15,0.4,1e-06,12,1e-06,1,1827,3000,5.473453749315818e-10,381,381,788,2478,1,1,0.0,538,2.121465575544111e-37,9.616711377659937e-12,1.6639352159223857e-15,9.616711377659937e-12,1.9235086690535797e-11,3.51425033836089e-08,43212,True,b=b_min
0.15,0.4,1e-06,12,1e-06,1,1827,3000,5.473453749315818e-10,2880,381,788,10385,7385,7200,24.0,2820,1.3703498420124732e-124,9.616711377659937e-12,7.064740305641883e-09,9.616711377659937e-12,7.083973728397203e-09,1.294242000178169e-05,129600,True,controle a posteriori 7200/2880
0.15,0.4,1e-06,12,1e-06,256,1827,3000,2.1380678708264913e-12,477,477,987,3069,69,69,0.23,477,3.184654614741656e-38,3.128404535857549e-14,1.015974736359797e-12,3.128404535857549e-14,1.078542827076948e-12,5.044474227378134e-07,44028,True,b=b_min
0.15,0.4,1e-06,12,1e-06,256,1827,3000,2.1380678708264913e-12,2880,477,987,10711,7711,7200,24.0,2716,1.3703498420124732e-124,3.128404535857549e-14,1.0314577682097038e-08,3.128404535857549e-14,1.0314640250187755e-08,0.004824281020695815,129600,True,controle a posteriori 7200/2880
0.15,0.4,1e-06,12,1e-09,1,1827,3000,5.473453749315818e-13,500,500,1036,3212,212,212,0.71,500,5.903851126885579e-40,6.08906245099244e-15,2.672245918929191e-13,6.08906245099244e-15,2.7940271679490395e-13,5.104687635842896e-10,45744,True,b=b_min
0.15,0.4,1e-06,12,1e-09,1,1827,3000,5.473453749315818e-13,2880,500,1036,10790,7790,7200,24.0,2690,1.3703498420124732e-124,6.08906245099244e-15,1.148985870248779e-08,6.08906245099244e-15,1.1489870880612692e-08,2.099199409887939e-05,129600,True,controle a posteriori 7200/2880
0.15,0.4,1e-06,12,1e-09,256,1827,3000,2.1380678708264916e-15,596,596,1234,3801,801,801,2.67,596,4.340444635616275e-47,4.48986199781461e-17,1.0156006304941985e-15,4.48986199781461e-17,1.1053978704504906e-15,5.170078487841398e-10,52812,True,b=b_min
0.15,0.4,1e-06,12,1e-09,256,1827,3000,2.1380678708264916e-15,2880,596,1234,11104,8104,7200,24.0,2591,1.3703498420124732e-124,4.489861997814677e-17,1.5871386383764447e-08,4.48986199781461e-17,1.5871386473561686e-08,0.007423237910322483,129600,True,controle a posteriori 7200/2880
0.15,0.4,0.0001,6,1e-06,1,3653,6000,2.737476047084588e-10,393,393,813,2553,1,1,0.0,1462,1.8629147588184492e-73,4.286812436235546e-12,4.78999701440658e-46,4.286812436235546e-12,8.573624872471093e-12,3.1319451659136905e-08,43206,True,b=b_min
0.15,0.4,0.0001,6,1e-06,1,3653,6000,2.737476047084588e-10,2880,393,813,10429,4429,7200,12.0,3777,2.8001028738925687e-160,4.286812436235546e-12,2.367954755527015e-34,4.286812436235546e-12,8.573624872471093e-12,3.1319451659136905e-08,86400,True,controle a posteriori 7200/2880
0.15,0.4,0.0001,6,1e-06,256,3653,6000,1.0693265808924171e-12,489,489,1012,3145,1,1,0.0,1368,1.8629147588184492e-73,1.3976997898719105e-14,4.9367975052452164e-42,1.3976997898719105e-14,2.795399579743821e-14,2.6141682341898696e-08,43206,True,b=b_min
0.15,0.4,0.0001,6,1e-06,256,3653,6000,1.0693265808924171e-12,2880,489,1012,10754,4754,7200,12.0,3668,2.8001028738925687e-160,1.3976997898719105e-14,3.790227552924574e-34,1.3976997898719105e-14,2.795399579743821e-14,2.6141682341898696e-08,86400,True,controle a posteriori 7200/2880
0.15,0.4,0.0001,6,1e-09,1,3653,6000,2.737476047084588e-13,513,513,1062,3291,1,1,0.0,1346,1.8629147588184492e-73,6.168337135879534e-15,4.383244461406655e-41,6.168337135879534e-15,1.2336674271759068e-14,4.506587111473588e-11,43206,True,b=b_min
0.15,0.4,0.0001,6,1e-09,1,3653,6000,2.737476047084588e-13,2880,513,1062,10832,4832,7200,12.0,3642,2.8001028738925687e-160,6.168337135879534e-15,4.052634305338872e-34,6.168337135879534e-15,1.2336674271759068e-14,4.506587111473588e-11,86400,True,controle a posteriori 7200/2880
0.15,0.4,0.0001,6,1e-09,256,3653,6000,1.0693265808924172e-15,610,610,1262,3886,1,1,0.0,1256,1.8629147588184492e-73,2.0111641567991864e-17,3.114659987850507e-37,2.0111641567991864e-17,4.022328313598373e-17,3.761552724371163e-11,43206,True,b=b_min
0.15,0.4,0.0001,6,1e-09,256,3653,6000,1.0693265808924172e-15,2880,610,1262,11147,5147,7200,12.0,3537,2.8001028738925687e-160,2.0111641567991864e-17,6.482869895560294e-34,2.0111641567991864e-17,4.022328313598373e-17,3.761552724371163e-11,86400,True,controle a posteriori 7200/2880
0.15,0.4,0.0001,8,1e-06,1,2740,4500,3.6496350364963504e-10,388,388,803,2523,1,1,0.0,995,2.2952739620385035e-55,4.286812436235546e-12,1.6088273095990608e-30,4.286812436235546e-12,8.573624872471093e-12,2.3491732150570794e-08,43208,True,b=b_min
0.15,0.4,0.0001,8,1e-06,1,2740,4500,3.6496350364963504e-10,2880,388,803,10412,5912,7200,16.0,3296,3.449971710756801e-142,4.286812436235546e-12,4.441525565206036e-21,4.286812436235546e-12,8.573624876912618e-12,2.3491732162740573e-08,100800,True,controle a posteriori 7200/2880
0.15,0.4,0.0001,8,1e-06,256,2740,4500,1.4256386861313869e-12,484,484,1002,3113,1,1,0.0,906,2.2952739620385035e-55,3.167084839193742e-14,8.978833327986215e-27,3.167084839193742e-14,6.334169678388382e-14,4.443039979208747e-08,43208,True,b=b_min
0.15,0.4,0.0001,8,1e-06,256,2740,4500,1.4256386861313869e-12,2880,484,1002,10737,6237,7200,16.0,3190,3.449971710756801e-142,3.167084839193742e-14,6.459094057542557e-21,3.167084839193742e-14,6.33417032429689e-14,4.44304043227481e-08,100800,True,controle a posteriori 7200/2880
0.15,0.4,0.0001,8,1e-09,1,2740,4500,3.6496350364963506e-13,508,508,1051,3261,1,1,0.0,884,2.2952739620385035e-55,6.168337135879534e-15,7.595181719538112e-26,6.168337135879534e-15,1.233667427183502e-14,3.3802487504827956e-11,43208,True,b=b_min
0.15,0.4,0.0001,8,1e-09,1,2740,4500,3.6496350364963506e-13,2880,508,1051,10816,6316,7200,16.0,3164,3.449971710756801e-142,6.168337135879534e-15,7.315003225487059e-21,6.168337135879534e-15,1.2336681586762294e-14,3.380250754772869e-11,100800,True,controle a posteriori 7200/2880
0.15,0.4,0.0001,8,1e-09,256,2740,4500,1.425638686131387e-15,605,605,1252,3856,1,1,0.0,799,2.2952739620385035e-55,2.0111641567991864e-17,3.078506073904779e-22,2.0111641567991864e-17,4.022359098659112e-17,2.8214435661634475e-11,43208,True,b=b_min
0.15,0.4,0.0001,8,1e-09,256,2740,4500,1.425638686131387e-15,2880,605,1252,11132,6632,7200,16.0,3061,3.449971710756801e-142,2.0111641567991864e-17,1.131086185628732e-20,2.0111641567991864e-17,4.023459399784002e-17,2.8222153613844903e-11,100800,True,controle a posteriori 7200/2880
0.15,0.4,0.0001,10,1e-06,1,2192,3600,4.5620437956204375e-10,384,384,795,2497,1,1,0.0,719,1.641419006604713e-44,9.713601428324605e-12,1.9606081040761123e-21,9.713601428324605e-12,1.942720285860982e-11,4.2584428666072726e-08,43210,True,b=b_min
0.15,0.4,0.0001,10,1e-06,1,2192,3600,4.5620437956204375e-10,2880,384,795,10398,6798,7200,20.0,3010,2.4671778759060193e-131,9.713601428324605e-12,1.3932360636440159e-13,9.713601428324605e-12,1.9566526463013612e-11,4.288982600692584e-08,115200,True,controle a posteriori 7200/2880
0.15,0.4,0.0001,10,1e-06,256,2192,3600,1.7820483576642334e-12,480,480,994,3089,1,1,0.0,634,1.641419006604713e-44,3.167084839193742e-14,7.7939776757161e-18,3.167084839193742e-14,6.334949076155056e-14,3.554869343982562e-08,43210,True,b=b_min
0.15,0.4,0.0001,10,1e-06,256,2192,3600,1.7820483576642334e-12,2880,480,994,10724,7124,7200,20.0,2904,2.4671778759060193e-131,3.167084839193742e-14,2.0916260815038897e-13,3.167084839193742e-14,2.725043049342638e-13,1.5291633572247198e-07,115200,True,controle a posteriori 7200/2880
0.15,0.4,0.0001,10,1e-09,1,2192,3600,4.562043795620439e-13,504,504,1043,3237,1,1,0.0,613,1.641419006604713e-44,6.168337135879534e-15,5.887168632993603e-17,6.168337135879534e-15,1.2395545958089003e-14,2.7171036740131096e-11,43210,True,b=b_min
0.15,0.4,0.0001,10,1e-09,1,2192,3600,4.562043795620439e-13,2880,504,1043,10804,7204,7200,20.0,2879,2.4671778759060193e-131,6.168337135879534e-15,2.348837215039744e-13,6.168337135879534e-15,2.4722039577573347e-13,5.419071075404078e-10,115200,True,controle a posteriori 7200/2880
0.15,0.4,0.0001,10,1e-09,256,2192,3600,1.782048357664234e-15,601,601,1244,3832,232,232,0.64,601,2.6869566499594585e-47,2.0111641567991864e-17,8.647375422036849e-16,2.0111641567991864e-17,9.049608253396686e-16,5.078205770610057e-10,45520,True,b=b_min
0.15,0.4,0.0001,10,1e-09,256,2192,3600,1.782048357664234e-15,2880,601,1244,11120,7520,7200,20.0,2778,2.4671778759060193e-131,2.0111641567991864e-17,3.521644724168174e-13,2.0111641567991864e-17,3.5220469569995333e-13,1.9764036940142022e-07,115200,True,controle a posteriori 7200/2880
0.15,0.4,0.0001,12,1e-06,1,1827,3000,5.473453749315818e-10,381,381,789,2479,1,1,0.0,538,2.827978325832393e-37,9.713601428324605e-12,1.8085642716802453e-15,9.713601428324605e-12,1.9429011420920893e-11,3.549680386602247e-08,43212,True,b=b_min
0.15,0.4,0.0001,12,1e-06,1,1827,3000,5.473453749315818e-10,2880,381,789,10387,7387,7200,24.0,2819,4.250666972272886e-124,9.713601428324605e-12,7.267401086469783e-09,9.713601428324605e-12,7.286828289326432e-09,1.3313035284599391e-05,129600,True,controle a posteriori 7200/2880
0.15,0.4,0.0001,12,1e-06,256,1827,3000,2.1380678708264913e-12,477,477,988,3071,71,71,0.24,477,4.048052513602857e-38,3.167084839193742e-14,1.0250973439549278e-12,3.167084839193742e-14,1.0884390407388025e-12,5.090760006220268e-07,44052,True,b=b_min
0.15,0.4,0.0001,12,1e-06,256,1827,3000,2.1380678708264913e-12,2880,477,988,10714,7714,7200,24.0,2715,4.250666972272886e-124,3.167084839193742e-14,1.060990988405376e-08,3.167084839193742e-14,1.0609973225750545e-08,0.004962411797362239,129600,True,controle a posteriori 7200/2880
0.15,0.4,0.0001,12,1e-09,1,1827,3000,5.473453749315818e-13,501,501,1037,3219,219,219,0.73,501,6.642060674498772e-40,6.168337135879534e-15,2.6263560106498496e-13,6.168337135879534e-15,2.7497227533674404e-13,5.023743470402314e-10,45828,True,b=b_min
0.15,0.4,0.0001,12,1e-09,1,1827,3000,5.473453749315818e-13,2880,501,1037,10794,7794,7200,24.0,2689,4.250666972272886e-124,6.168337135879534e-15,1.1817039813909757e-08,6.168337135879534e-15,1.181705215058403e-08,2.1589754279117023e-05,129600,True,controle a posteriori 7200/2880
0.15,0.4,0.0001,12,1e-09,256,1827,3000,2.1380678708264916e-15,598,598,1237,3812,812,812,2.71,598,4.682407575653372e-47,4.557149937550103e-17,1.0034511796206022e-15,4.557149937550103e-17,1.0945941783716043e-15,5.119548323545398e-10,52944,True,b=b_min
0.15,0.4,0.0001,12,1e-09,256,1827,3000,2.1380678708264916e-15,2880,598,1237,11108,8108,7200,24.0,2590,4.250666972272886e-124,4.5571499375501754e-17,1.6318858346712214e-08,4.557149937550103e-17,1.6318858437855216e-08,0.007632525917686139,129600,True,controle a posteriori 7200/2880
0.15,0.4,0.001,6,1e-06,1,3653,6000,2.737476047084588e-10,396,396,819,2572,1,1,0.0,1458,3.738591446974208e-73,4.709388300340209e-12,1.0061985573613853e-45,4.709388300340209e-12,9.418776600680419e-12,3.440679092228557e-08,43206,True,b=b_min
0.15,0.4,0.001,6,1e-06,1,3653,6000,2.737476047084588e-10,2880,396,819,10445,4445,7200,12.0,3771,1.1971489455907635e-159,4.709388300340209e-12,3.8401112009554165e-34,4.709388300340209e-12,9.418776600680419e-12,3.440679092228557e-08,86400,True,controle a posteriori 7200/2880
0.15,0.4,0.001,6,1e-06,256,3653,6000,1.0693265808924171e-12,493,493,1020,3168,1,1,0.0,1364,3.738591446974208e-73,1.567384273908427e-14,1.086726629929424e-41,1.567384273908427e-14,3.134768547816854e-14,2.931535233324792e-08,43206,True,b=b_min
0.15,0.4,0.001,6,1e-06,256,3653,6000,1.0693265808924171e-12,2880,493,1020,10770,4770,7200,12.0,3662,1.1971489455907635e-159,1.567384273908427e-14,6.137187859170095e-34,1.567384273908427e-14,3.134768547816854e-14,2.931535233324792e-08,86400,True,controle a posteriori 7200/2880
0.15,0.4,0.001,6,1e-09,1,3653,6000,2.737476047084588e-13,516,516,1069,3312,1,1,0.0,1341,3.738591446974208e-73,3.0706885268236264e-15,9.552899233137934e-41,3.0706885268236264e-15,6.141377053647253e-15,2.2434450376973415e-11,43206,True,b=b_min
0.15,0.4,0.001,6,1e-09,1,3653,6000,2.737476047084588e-13,2880,516,1069,10850,4850,7200,12.0,3635,1.1971489455907635e-159,3.0706885268236264e-15,7.015484885658625e-34,3.0706885268236264e-15,6.141377053647253e-15,2.2434450376973415e-11,86400,True,controle a posteriori 7200/2880
0.15,0.4,0.001,6,1e-09,256,3653,6000,1.0693265808924172e-15,613,613,1269,3906,1,1,0.0,1252,3.738591446974208e-73,2.308961067686465e-17,5.999209232123262e-37,2.308961067686465e-17,4.61792213537293e-17,4.318533007492433e-11,43206,True,b=b_min
0.15,0.4,0.001,6,1e-09,256,3653,6000,1.0693265808924172e-15,2880,613,1269,11165,5165,7200,12.0,3531,1.1971489455907635e-159,2.308961067686465e-17,1.0480356695117964e-33,2.308961067686465e-17,4.61792213537293e-17,4.318533007492433e-11,86400,True,controle a posteriori 7200/2880
0.15,0.4,0.001,8,1e-06,1,2740,4500,3.6496350364963504e-10,391,391,809,2542,1,1,0.0,991,3.93469482833803e-55,4.709388300340209e-12,2.9249575663779478e-30,4.709388300340209e-12,9.418776600680419e-12,2.5807447885864346e-08,43208,True,b=b_min
0.15,0.4,0.001,8,1e-06,1,2740,4500,3.6496350364963504e-10,2880,391,809,10428,5928,7200,16.0,3291,1.2599439740276425e-141,4.709388300340209e-12,6.406428789302043e-21,4.709388300340209e-12,9.418776607086847e-12,2.580744790341796e-08,100800,True,controle a posteriori 7200/2880
0.15,0.4,0.001,8,1e-06,256,2740,4500,1.4256386861313869e-12,488,488,1009,3136,1,1,0.0,903,3.93469482833803e-55,3.541158324303155e-14,1.7036150477366783e-26,3.541158324303155e-14,7.082316648608013e-14,4.967820189999604e-08,43208,True,b=b_min
0.15,0.4,0.001,8,1e-06,256,2740,4500,1.4256386861313869e-12,2880,488,1009,10753,6253,7200,16.0,3184,1.2599439740276425e-141,3.541158324303155e-14,9.30488149558435e-21,3.541158324303155e-14,7.08231757909446e-14,4.967820842680018e-08,100800,True,controle a posteriori 7200/2880
0.15,0.4,0.001,8,1e-09,1,2740,4500,3.6496350364963506e-13,511,511,1059,3280,1,1,0.0,881,3.93469482833803e-55,6.937542004928249e-15,1.3148742800133804e-25,6.937542004928249e-15,1.3875084009987986e-14,3.801773018736708e-11,43208,True,b=b_min
0.15,0.4,0.001,8,1e-09,1,2740,4500,3.6496350364963506e-13,2880,511,1059,10832,6332,7200,16.0,3158,1.2599439740276425e-141,6.937542004928249e-15,1.0534045286382587e-20,6.937542004928249e-15,1.3875094543901785e-14,3.801775905029089e-11,100800,True,controle a posteriori 7200/2880
0.15,0.4,0.001,8,1e-09,256,2740,4500,1.425638686131387e-15,608,608,1259,3876,1,1,0.0,796,3.93469482833803e-55,2.308961067686465e-17,5.138830147226279e-22,2.308961067686465e-17,4.617973523674403e-17,3.239231348446173e-11,43208,True,b=b_min
0.15,0.4,0.001,8,1e-09,256,2740,4500,1.425638686131387e-15,2880,608,1259,11149,6649,7200,16.0,3056,1.2599439740276425e-141,2.308961067686465e-17,1.6266123771170647e-20,2.308961067686465e-17,4.619548747750047e-17,3.240336273621793e-11,100800,True,controle a posteriori 7200/2880
0.15,0.4,0.001,10,1e-06,1,2192,3600,4.5620437956204375e-10,387,387,801,2516,1,1,0.0,716,2.5599582488473457e-44,1.0639821937565222e-11,3.26195549895583e-21,1.0639821937565222e-11,2.1279643878392402e-11,4.664497938143614e-08,43210,True,b=b_min
0.15,0.4,0.001,10,1e-06,1,2192,3600,4.5620437956204375e-10,2880,387,801,10414,6814,7200,20.0,3004,8.197342132273934e-131,1.0639821937565222e-11,1.87335474118415e-13,1.0639821937565222e-11,2.146697934924886e-11,4.70556187335535e-08,115200,True,controle a posteriori 7200/2880
0.15,0.4,0.001,10,1e-06,256,2192,3600,1.7820483576642334e-12,484,484,1001,3112,1,1,0.0,631,2.5599582488473457e-44,3.541158324303155e-14,1.3474124505598573e-17,3.541158324303155e-14,7.08366406105687e-14,3.975012255190185e-08,43210,True,b=b_min
0.15,0.4,0.001,10,1e-06,256,2192,3600,1.7820483576642334e-12,2880,484,1001,10740,7140,7200,20.0,2899,8.197342132273934e-131,3.541158324303155e-14,2.80853354858185e-13,3.541158324303155e-14,3.516765213442481e-13,1.9734398330536752e-07,115200,True,controle a posteriori 7200/2880
0.15,0.4,0.001,10,1e-09,1,2192,3600,4.562043795620439e-13,508,508,1051,3260,1,1,0.0,610,2.5599582488473457e-44,6.937542004928249e-15,1.007720052779661e-16,6.937542004928249e-15,1.3975856015134464e-14,3.0635076385174744e-11,43210,True,b=b_min
0.15,0.4,0.001,10,1e-09,1,2192,3600,4.562043795620439e-13,2880,508,1051,10820,7220,7200,20.0,2873,8.197342132273934e-131,6.937542004928249e-15,3.1523591634209394e-13,6.937542004928249e-15,3.291110003519505e-13,7.214113127714754e-10,115200,True,controle a posteriori 7200/2880
0.15,0.4,0.001,10,1e-09,256,2192,3600,1.782048357664234e-15,604,604,1251,3852,252,252,0.7,604,2.4689800035357534e-47,2.308961067686465e-17,8.665373506192874e-16,2.308961067686465e-17,9.127165719730167e-16,5.121727297958023e-10,45720,True,b=b_min
0.15,0.4,0.001,10,1e-09,256,2192,3600,1.782048357664234e-15,2880,604,1251,11137,7537,7200,20.0,2772,8.197342132273934e-131,2.308961067686465e-17,4.720579073473699e-13,2.308961067686465e-17,4.721040865687236e-13,2.649221523862124e-07,115200,True,controle a posteriori 7200/2880
0.15,0.4,0.001,12,1e-06,1,1827,3000,5.473453749315818e-10,384,384,794,2497,1,1,0.0,535,4.1410845800442635e-37,1.0639821937565222e-11,2.831888614225596e-15,1.0639821937565222e-11,2.128247576374467e-11,3.888308322036151e-08,43212,True,b=b_min
0.15,0.4,0.001,12,1e-06,1,1827,3000,5.473453749315818e-10,2880,384,794,10403,7403,7200,24.0,2814,1.3260328412227743e-123,1.0639821937565222e-11,9.39716985564661e-09,1.0639821937565222e-11,9.418449499521739e-09,1.7207507235626216e-05,129600,True,controle a posteriori 7200/2880
0.15,0.4,0.001,12,1e-06,256,1827,3000,2.1380678708264913e-12,481,481,995,3093,93,93,0.31,481,3.2490194710982756e-38,3.541158324303155e-14,1.0313587798007164e-12,3.541158324303155e-14,1.1021819462867795e-12,5.155037224616822e-07,44316,True,b=b_min
0.15,0.4,0.001,12,1e-06,256,1827,3000,2.1380678708264913e-12,2880,481,995,10730,7730,7200,24.0,2710,1.3260328412227743e-123,3.541158324303155e-14,1.3686226278376996e-08,3.541158324303155e-14,1.3686297101543482e-08,0.0064012453899571055,129600,True,controle a posteriori 7200/2880
0.15,0.4,0.001,12,1e-09,1,1827,3000,5.473453749315818e-13,504,504,1044,3238,238,238,0.79,504,5.8830971422369616e-40,6.937542004928249e-15,2.6214871504669525e-13,6.937542004928249e-15,2.760237990565518e-13,5.042954808763201e-10,46056,True,b=b_min
0.15,0.4,0.001,12,1e-09,1,1827,3000,5.473453749315818e-13,2880,504,1044,10810,7810,7200,24.0,2684,1.3260328412227743e-123,6.937542004928249e-15,1.5235425669430927e-08,6.937542004928249e-15,1.523543954451494e-08,2.7835148047828795e-05,129600,True,controle a posteriori 7200/2880
0.15,0.4,0.001,12,1e-09,256,1827,3000,2.1380678708264916e-15,601,601,1244,3832,832,832,2.77,601,4.2935212151831617e-47,5.2165871774004575e-17,1.0041275846951812e-15,5.2165871774004575e-17,1.1084593282431904e-15,5.18439729331279e-10,53184,True,b=b_min
0.15,0.4,0.001,12,1e-09,256,1827,3000,2.1380678708264916e-15,2880,601,1244,11125,8125,7200,24.0,2585,1.3260328412227743e-123,5.21658717740061e-17,2.099375094933482e-08,5.2165871774004575e-17,2.099375105366656e-08,0.009819029292812495,129600,True,controle a posteriori 7200/2880
0.15,0.4,0.01,6,1e-06,1,3653,6000,2.737476047084588e-10,427,427,882,2770,1,1,0.0,1419,4.710809881823681e-68,5.463502965166477e-12,2.0405818872876956e-41,5.463502965166477e-12,1.0927005930332954e-11,3.991635266350628e-08,43206,True,b=b_min
0.15,0.4,0.01,6,1e-06,1,3653,6000,2.737476047084588e-10,2880,427,882,10612,4612,7200,12.0,3709,1.9498043955193407e-148,5.463502965166477e-12,2.1839692451955575e-31,5.463502965166477e-12,1.0927005930332954e-11,3.991635266350628e-08,86400,True,controle a posteriori 7200/2880
0.15,0.4,0.01,6,1e-06,256,3653,6000,1.0693265808924171e-12,531,531,1098,3409,1,1,0.0,1321,4.710809881823681e-68,2.2307449522122282e-14,1.914836844142448e-37,2.2307449522122282e-14,4.4614899044244564e-14,4.17224259094081e-08,43206,True,b=b_min
0.15,0.4,0.01,6,1e-06,256,3653,6000,1.0693265808924171e-12,2880,531,1098,10954,4954,7200,12.0,3596,1.9498043955193407e-148,2.2307449522122282e-14,3.395256926439648e-31,2.2307449522122282e-14,4.4614899044244564e-14,4.17224259094081e-08,86400,True,controle a posteriori 7200/2880
0.15,0.4,0.01,6,1e-09,1,3653,6000,2.737476047084588e-13,557,557,1151,3568,1,1,0.0,1297,4.710809881823681e-68,4.633107903303346e-15,1.8104244187358573e-36,4.633107903303346e-15,9.266215806606692e-15,3.3849486341534246e-11,43206,True,b=b_min
0.15,0.4,0.01,6,1e-09,1,3653,6000,2.737476047084588e-13,2880,557,1151,11038,5038,7200,12.0,3568,1.9498043955193407e-148,4.633107903303346e-15,3.850902361470419e-31,4.633107903303346e-15,9.266215806606692e-15,3.3849486341534246e-11,86400,True,controle a posteriori 7200/2880
0.15,0.4,0.01,6,1e-09,256,3653,6000,1.0693265808924172e-15,661,661,1366,4207,1,1,0.0,1203,4.710809881823681e-68,1.8916951513054767e-17,1.0810595382162887e-32,1.8916951513054767e-17,3.7833903026109546e-17,3.538105542512081e-11,43206,True,b=b_min
0.15,0.4,0.01,6,1e-09,256,3653,6000,1.0693265808924172e-15,2880,661,1366,11371,5371,7200,12.0,3459,1.9498043955193407e-148,1.8916951513054767e-17,5.9824893323868185e-31,1.8916951513054767e-17,3.783390302611013e-17,3.538105542512136e-11,86400,True,controle a posteriori 7200/2880
0.15,0.4,0.01,8,1e-06,1,2740,4500,3.6496350364963504e-10,421,421,871,2736,1,1,0.0,957,2.6418120172530292e-51,5.463502965166477e-12,4.4909068881850956e-27,5.463502965166477e-12,1.0927005930332959e-11,2.9939996249112305e-08,43208,True,b=b_min
0.15,0.4,0.01,8,1e-06,1,2740,4500,3.6496350364963504e-10,2880,421,871,10594,6094,7200,16.0,3234,1.0934460979311698e-131,5.463502965166477e-12,5.092496209007066e-19,5.463502965166477e-12,1.0927006439582575e-11,2.9939997644456254e-08,100800,True,controle a posteriori 7200/2880
0.15,0.4,0.01,8,1e-06,256,2740,4500,1.4256386861313869e-12,525,525,1087,3375,1,1,0.0,864,2.6418120172530292e-51,2.2307449522122282e-14,2.4945639210657303e-23,2.2307449522122282e-14,4.46148990691902e-14,3.1294674803092774e-08,43208,True,b=b_min
0.15,0.4,0.01,8,1e-06,256,2740,4500,1.4256386861313869e-12,2880,525,1087,10937,6437,7200,16.0,3122,1.0934460979311698e-131,2.2307449522122282e-14,7.6684931339833725e-19,2.2307449522122282e-14,4.4615665893557964e-14,3.12952126843773e-08,100800,True,controle a posteriori 7200/2880
0.15,0.4,0.01,8,1e-09,1,2740,4500,3.6496350364963506e-13,551,551,1140,3534,1,1,0.0,842,2.6418120172530292e-51,4.633107903303346e-15,2.0590375943102868e-22,4.633107903303346e-15,9.266216012510451e-15,2.5389431874278635e-11,43208,True,b=b_min
0.15,0.4,0.01,8,1e-09,1,2740,4500,3.6496350364963506e-13,2880,551,1140,11021,6521,7200,16.0,3096,1.0934460979311698e-131,4.633107903303346e-15,8.618025561552112e-19,4.633107903303346e-15,9.267077609162847e-15,2.53917926491062e-11,100800,True,controle a posteriori 7200/2880
0.15,0.4,0.01,8,1e-09,256,2740,4500,1.425638686131387e-15,655,655,1355,4173,1,1,0.0,753,2.6418120172530292e-51,1.8916951513054767e-17,7.011915710499705e-19,1.8916951513054767e-17,3.85350945971595e-17,2.703005675423156e-11,43208,True,b=b_min
0.15,0.4,0.01,8,1e-09,256,2740,4500,1.425638686131387e-15,2880,655,1355,11355,6855,7200,16.0,2989,1.0934460979311698e-131,1.8916951513054767e-17,1.2966599576277475e-18,1.8916951513054767e-17,3.913056298373728e-17,2.744774209931268e-11,100800,True,controle a posteriori 7200/2880
0.15,0.4,0.01,10,1e-06,1,2192,3600,4.5620437956204375e-10,417,417,862,2711,1,1,0.0,685,2.959277634069335e-41,5.463502965166477e-12,1.2262401152482855e-18,5.463502965166477e-12,1.0927007156573069e-11,2.3951999687208168e-08,43210,True,b=b_min
0.15,0.4,0.01,10,1e-06,1,2192,3600,4.5620437956204375e-10,2880,417,862,10581,6981,7200,20.0,2950,1.224845129227932e-121,5.463502965166477e-12,5.114079082453192e-12,5.463502965166477e-12,1.6041085012786147e-11,3.5162058348027236e-08,115200,True,controle a posteriori 7200/2880
0.15,0.4,0.01,10,1e-06,256,2192,3600,1.7820483576642334e-12,521,521,1078,3350,1,1,0.0,596,2.959277634069335e-41,2.2307449522122282e-14,4.418750137284255e-15,2.2307449522122282e-14,4.903364918152882e-14,2.751533030551326e-08,43210,True,b=b_min
0.15,0.4,0.01,10,1e-06,256,2192,3600,1.7820483576642334e-12,2880,521,1078,10924,7324,7200,20.0,2840,1.224845129227932e-121,2.2307449522122282e-14,7.481437136953444e-12,2.2307449522122282e-14,7.526052035997688e-12,4.223259152104175e-06,115200,True,controle a posteriori 7200/2880
0.15,0.4,0.01,10,1e-09,1,2192,3600,4.562043795620439e-13,547,547,1131,3507,1,1,0.0,575,2.959277634069335e-41,1.0166258932541763e-14,3.023946249359034e-14,1.0166258932541763e-14,5.0571980358673864e-14,1.1085378094621311e-10,43210,True,b=b_min
0.15,0.4,0.01,10,1e-09,1,2192,3600,4.562043795620439e-13,2880,547,1131,11006,7406,7200,20.0,2814,1.224845129227932e-121,1.0166258932541763e-14,7.898709845614303e-12,1.0166258932541763e-14,7.919042363479386e-12,1.7358540860746813e-08,115200,True,controle a posteriori 7200/2880
0.15,0.4,0.01,10,1e-09,256,2192,3600,1.782048357664234e-15,651,651,1347,4146,546,546,1.52,651,2.4310062595910133e-47,4.15087736590237e-17,8.441837846286306e-16,4.15087736590237e-17,9.272013319466779e-16,5.203008818245422e-10,48660,True,b=b_min
0.15,0.4,0.01,10,1e-09,256,2192,3600,1.782048357664234e-15,2880,651,1347,11340,7740,7200,20.0,2709,1.224845129227932e-121,4.15087736590237e-17,1.154258065695594e-11,4.15087736590237e-17,1.1542663674503257e-11,6.477188806274852e-06,115200,True,controle a posteriori 7200/2880
0.15,0.4,0.01,12,1e-06,1,1827,3000,5.473453749315818e-10,414,414,855,2690,1,1,0.0,507,1.4815224790606056e-34,1.1988364394231006e-11,3.65061065860802e-13,1.1988364394231006e-11,2.4341789854322815e-11,4.447245006384778e-08,43212,True,b=b_min
0.15,0.4,0.01,12,1e-06,1,1827,3000,5.473453749315818e-10,2880,414,855,10568,7568,7200,24.0,2762,6.132022124006488e-115,1.1988364394231006e-11,1.1787534811353875e-07,1.1988364394231006e-11,1.1789932484232722e-07,0.00021540206648693183,129600,True,controle a posteriori 7200/2880
0.15,0.4,0.01,12,1e-06,256,1827,3000,2.1380678708264913e-12,518,518,1071,3329,329,329,1.1,518,3.2233138456622513e-38,4.894841922520444e-14,1.0074926277246963e-12,4.894841922520444e-14,1.105389466175105e-12,5.170039180036907e-07,47148,True,b=b_min
0.15,0.4,0.01,12,1e-06,256,1827,3000,2.1380678708264913e-12,2880,518,1071,10912,7912,7200,24.0,2653,6.132022124006488e-115,4.8948419225204834e-14,1.6768580084954067e-07,4.894841922520444e-14,1.6768589874637913e-07,0.07842870707446647,129600,True,controle a posteriori 7200/2880
0.15,0.4,0.01,12,1e-09,1,1827,3000,5.473453749315818e-13,543,543,1124,3485,485,485,1.62,543,5.840186754170783e-40,1.0166258932541763e-14,2.583375694714134e-13,1.0166258932541763e-14,2.78670087336497e-13,5.091302495637801e-10,49020,True,b=b_min
0.15,0.4,0.01,12,1e-09,1,1827,3000,5.473453749315818e-13,2880,543,1124,10996,7996,7200,24.0,2627,6.132022124006488e-115,1.0166258932542398e-14,1.8541179954691068e-07,1.0166258932541763e-14,1.8541181987942857e-07,0.000338747394919716,129600,True,controle a posteriori 7200/2880
0.15,0.4,0.01,12,1e-09,256,1827,3000,2.1380678708264916e-15,648,648,1340,4127,1127,1127,3.76,648,3.9622112249985263e-47,4.15087736590237e-17,1.016532565330095e-15,4.15087736590237e-17,1.0995501126481422e-15,5.142727822868879e-10,56724,True,b=b_min
0.15,0.4,0.01,12,1e-09,256,1827,3000,2.1380678708264916e-15,2880,648,1340,11330,8330,7200,24.0,2523,6.132022124006488e-115,4.150877366231835e-17,2.63338992893111e-07,4.15087736590237e-17,2.633389929761286e-07,0.12316680708285105,129600,True,controle a posteriori 7200/2880
0.15,0.5,0.0,6,1e-06,1,3653,6000,2.737476047084588e-10,241,241,427,1326,1,1,0.0,2072,4.962538536797377e-139,4.92672390684808e-12,7.796771048346646e-102,4.92672390684808e-12,9.85344781369616e-12,3.599464486343207e-08,43206,True,b=b_min
0.15,0.5,0.0,6,1e-06,1,3653,6000,2.737476047084588e-10,2880,241,427,8002,2002,7200,12.0,4999,1.6775313421223205e-304,4.92672390684808e-12,4.7715848379022633e-94,4.92672390684808e-12,9.85344781369616e-12,3.599464486343207e-08,86400,True,controle a posteriori 7200/2880
0.15,0.5,0.0,6,1e-06,256,3653,6000,1.0693265808924171e-12,300,300,531,1638,1,1,0.0,1998,4.962538536797377e-139,9.522965241358983e-15,2.2371302745654623e-97,9.522965241358983e-15,1.9045930482717966e-14,1.7811144717662395e-08,43206,True,b=b_min
0.15,0.5,0.0,6,1e-06,256,3653,6000,1.0693265808924171e-12,2880,300,531,8199,2199,7200,12.0,4909,1.6775313421223205e-304,9.522965241358983e-15,9.15764200224626e-94,9.522965241358983e-15,1.9045930482717966e-14,1.7811144717662395e-08,86400,True,controle a posteriori 7200/2880
0.15,0.5,0.0,6,1e-09,1,3653,6000,2.737476047084588e-13,314,314,557,1712,1,1,0.0,1980,4.962538536797377e-139,3.361046555773759e-15,2.2353958012745334e-96,3.361046555773759e-15,6.722093111547518e-15,2.455580613648308e-11,43206,True,b=b_min
0.15,0.5,0.0,6,1e-09,1,3653,6000,2.737476047084588e-13,2880,314,557,8246,2246,7200,12.0,4888,1.6775313421223205e-304,3.361046555773759e-15,1.0209017205839025e-93,3.361046555773759e-15,6.722093111547518e-15,2.455580613648308e-11,86400,True,controle a posteriori 7200/2880
0.15,0.5,0.0,6,1e-09,256,3653,6000,1.0693265808924172e-15,373,373,662,2022,1,1,0.0,1910,4.962538536797377e-139,1.840713397032008e-17,3.2990942732532406e-92,1.840713397032008e-17,3.681426794064016e-17,3.442752532151258e-11,43206,True,b=b_min
0.15,0.5,0.0,6,1e-09,256,3653,6000,1.0693265808924172e-15,2880,373,662,8434,2434,7200,12.0,4804,1.6775313421223205e-304,1.840713397032008e-17,1.758069237101905e-93,1.840713397032008e-17,3.681426794064016e-17,3.442752532151258e-11,86400,True,controle a posteriori 7200/2880
0.15,0.5,0.0,8,1e-06,1,2740,4500,3.6496350364963504e-10,238,238,421,1311,1,1,0.0,1476,1.4915039893694016e-104,4.92672390684808e-12,4.862071646223146e-72,4.92672390684808e-12,9.85344781369616e-12,2.6998447009527478e-08,43208,True,b=b_min
0.15,0.5,0.0,8,1e-06,1,2740,4500,3.6496350364963504e-10,2880,238,421,7992,3492,7200,16.0,4390,5.0418645024414595e-270,4.92672390684808e-12,3.6761895455198386e-68,4.92672390684808e-12,9.85344781369616e-12,2.6998447009527478e-08,100800,True,controle a posteriori 7200/2880
0.15,0.5,0.0,8,1e-06,256,2740,4500,1.4256386861313869e-12,297,297,526,1620,1,1,0.0,1406,1.4915039893694016e-104,2.6981734850517118e-14,6.615010701827216e-68,2.6981734850517118e-14,5.3963469701034236e-14,3.7852136187093455e-08,43208,True,b=b_min
0.15,0.5,0.0,8,1e-06,256,2740,4500,1.4256386861313869e-12,2880,297,526,8188,3688,7200,16.0,4303,5.0418645024414595e-270,2.6981734850517118e-14,6.156337991248055e-68,2.6981734850517118e-14,5.3963469701034236e-14,3.7852136187093455e-08,100800,True,controle a posteriori 7200/2880
0.15,0.5,0.0,8,1e-09,1,2740,4500,3.6496350364963506e-13,311,311,552,1697,1,1,0.0,1389,1.4915039893694016e-104,3.361046555773759e-15,6.67612632351055e-67,3.361046555773759e-15,6.722093111547518e-15,1.84185351256402e-11,43208,True,b=b_min
0.15,0.5,0.0,8,1e-09,1,2740,4500,3.6496350364963506e-13,2880,311,552,8236,3736,7200,16.0,4282,5.0418645024414595e-270,3.361046555773759e-15,7.566666857295278e-68,3.361046555773759e-15,6.722093111547518e-15,1.84185351256402e-11,100800,True,controle a posteriori 7200/2880
0.15,0.5,0.0,8,1e-09,256,2740,4500,1.425638686131387e-15,370,370,657,2006,1,1,0.0,1323,1.4915039893694016e-104,1.840713397032008e-17,5.565740094860141e-63,1.840713397032008e-17,3.681426794064016e-17,2.5823000104282632e-11,43208,True,b=b_min
0.15,0.5,0.0,8,1e-09,256,2740,4500,1.425638686131387e-15,2880,370,657,8425,3925,7200,16.0,4200,5.0418645024414595e-270,1.840713397032008e-17,1.2673563047228718e-67,1.840713397032008e-17,3.681426794064016e-17,2.5823000104282632e-11,100800,True,controle a posteriori 7200/2880
0.15,0.5,0.0,10,1e-06,1,2192,3600,4.5620437956204375e-10,235,235,417,1297,1,1,0.0,1122,7.250646559943418e-84,4.92672390684808e-12,2.044213640751918e-54,4.92672390684808e-12,9.85344781369616e-12,2.1598757607621982e-08,43210,True,b=b_min
0.15,0.5,0.0,10,1e-06,1,2192,3600,4.5620437956204375e-10,2880,235,417,7984,4384,7200,20.0,4025,2.4510009876531443e-249,4.92672390684808e-12,4.342913092574334e-53,4.92672390684808e-12,9.85344781369616e-12,2.1598757607621982e-08,115200,True,controle a posteriori 7200/2880
0.15,0.5,0.0,10,1e-06,256,2192,3600,1.7820483576642334e-12,294,294,522,1607,1,1,0.0,1055,7.250646559943418e-84,2.6981734850517118e-14,1.7988084173098476e-50,2.6981734850517118e-14,5.3963469701034236e-14,3.0281708949674764e-08,43210,True,b=b_min
0.15,0.5,0.0,10,1e-06,256,2192,3600,1.7820483576642334e-12,2880,294,522,8180,4580,7200,20.0,3940,2.4510009876531443e-249,2.6981734850517118e-14,7.128121114472588e-53,2.6981734850517118e-14,5.3963469701034236e-14,3.0281708949674764e-08,115200,True,controle a posteriori 7200/2880
0.15,0.5,0.0,10,1e-09,1,2192,3600,4.562043795620439e-13,309,309,548,1684,1,1,0.0,1039,7.250646559943418e-84,9.522965241358983e-15,1.6318760804302624e-49,9.522965241358983e-15,1.9045930482717966e-14,4.174867961811778e-11,43210,True,b=b_min
0.15,0.5,0.0,10,1e-09,1,2192,3600,4.562043795620439e-13,2880,309,548,8227,4627,7200,20.0,3920,2.4510009876531443e-249,9.522965241358983e-15,7.870634193682846e-53,9.522965241358983e-15,1.9045930482717966e-14,4.174867961811778e-11,115200,True,controle a posteriori 7200/2880
0.15,0.5,0.0,10,1e-09,256,2192,3600,1.782048357664234e-15,368,368,652,1995,1,1,0.0,975,7.250646559943418e-84,1.840713397032008e-17,1.0080767892981057e-45,1.840713397032008e-17,3.681426794064016e-17,2.0658400083426105e-11,43210,True,b=b_min
0.15,0.5,0.0,10,1e-09,256,2192,3600,1.782048357664234e-15,2880,368,652,8418,4818,7200,20.0,3839,2.4510009876531443e-249,1.840713397032008e-17,1.4259046713585877e-52,1.840713397032008e-17,3.681426794064016e-17,2.0658400083426105e-11,115200,True,controle a posteriori 7200/2880
0.15,0.5,0.0,12,1e-06,1,1827,3000,5.473453749315818e-10,233,233,414,1287,1,1,0.0,888,4.4827544084733114e-70,4.92672390684808e-12,8.92550680931128e-43,4.92672390684808e-12,9.85344781369616e-12,1.8002249155622883e-08,43212,True,b=b_min
0.15,0.5,0.0,12,1e-06,1,1827,3000,5.473453749315818e-10,2880,233,414,7978,4978,7200,24.0,3783,1.5153456166618489e-235,4.92672390684808e-12,2.6670434743707572e-43,4.92672390684808e-12,9.85344781369616e-12,1.8002249155622883e-08,129600,True,controle a posteriori 7200/2880
0.15,0.5,0.0,12,1e-06,256,1827,3000,2.1380678708264913e-12,292,292,518,1597,1,1,0.0,824,4.4827544084733114e-70,2.6981734850517118e-14,5.520913575254364e-39,2.6981734850517118e-14,5.3963469701034236e-14,2.5239362340810123e-08,43212,True,b=b_min
0.15,0.5,0.0,12,1e-06,256,1827,3000,2.1380678708264913e-12,2880,292,518,8174,5174,7200,24.0,3699,1.5153456166618489e-235,2.6981734850517118e-14,4.30651068309676e-43,2.6981734850517118e-14,5.3963469701034236e-14,2.5239362340810123e-08,129600,True,controle a posteriori 7200/2880
0.15,0.5,0.0,12,1e-09,1,1827,3000,5.473453749315818e-13,307,307,544,1674,1,1,0.0,809,4.4827544084733114e-70,9.522965241358983e-15,4.5882409273894305e-38,9.522965241358983e-15,1.9045930482717966e-14,3.4796914991925723e-11,43212,True,b=b_min
0.15,0.5,0.0,12,1e-09,1,1827,3000,5.473453749315818e-13,2880,307,544,8221,5221,7200,24.0,3679,1.5153456166618489e-235,9.522965241358983e-15,4.739010969374743e-43,9.522965241358983e-15,1.9045930482717966e-14,3.4796914991925723e-11,129600,True,controle a posteriori 7200/2880
0.15,0.5,0.0,12,1e-09,256,1827,3000,2.1380678708264916e-15,366,366,649,1983,1,1,0.0,747,4.4827544084733114e-70,5.2153546249240225e-17,1.7474651560174345e-34,5.2153546249240225e-17,1.0430709249848045e-16,4.878567884664929e-11,43212,True,b=b_min
0.15,0.5,0.0,12,1e-09,256,1827,3000,2.1380678708264916e-15,2880,366,649,8410,5410,7200,24.0,3600,1.5153456166618489e-235,5.2153546249240225e-17,7.646973938104564e-43,5.2153546249240225e-17,1.0430709249848045e-16,4.878567884664929e-11,129600,True,controle a posteriori 7200/2880
0.15,0.5,1e-06,6,1e-06,1,3653,6000,2.737476047084588e-10,241,241,427,1326,1,1,0.0,2072,4.973896506937292e-139,4.927196073413949e-12,7.809156236866572e-102,4.927196073413949e-12,9.854392146827897e-12,3.599809451236231e-08,43206,True,b=b_min
0.15,0.5,1e-06,6,1e-06,1,3653,6000,2.737476047084588e-10,2880,241,427,8002,2002,7200,12.0,4999,1.6859850613181085e-304,4.927196073413949e-12,4.7792090615555195e-94,4.927196073413949e-12,9.854392146827897e-12,3.599809451236231e-08,86400,True,controle a posteriori 7200/2880
0.15,0.5,1e-06,6,1e-06,256,3653,6000,1.0693265808924171e-12,300,300,531,1638,1,1,0.0,1998,4.973896506937292e-139,9.524096953265634e-15,2.2404581336715092e-97,9.524096953265634e-15,1.9048193906531268e-14,1.7813261399183033e-08,43206,True,b=b_min
0.15,0.5,1e-06,6,1e-06,256,3653,6000,1.0693265808924171e-12,2880,300,531,8199,2199,7200,12.0,4909,1.6859850613181085e-304,9.524096953265634e-15,9.172252046938102e-94,9.524096953265634e-15,1.9048193906531268e-14,1.7813261399183033e-08,86400,True,controle a posteriori 7200/2880
0.15,0.5,1e-06,6,1e-09,1,3653,6000,2.737476047084588e-13,314,314,557,1712,1,1,0.0,1980,4.973896506937292e-139,3.3614588690613405e-15,2.2387369086311757e-96,3.3614588690613405e-15,6.722917738122681e-15,2.4558818497362153e-11,43206,True,b=b_min
0.15,0.5,1e-06,6,1e-09,1,3653,6000,2.737476047084588e-13,2880,314,557,8246,2246,7200,12.0,4888,1.6859850613181085e-304,3.3614588690613405e-15,1.0225300527201456e-93,3.3614588690613405e-15,6.722917738122681e-15,2.4558818497362153e-11,86400,True,controle a posteriori 7200/2880
0.15,0.5,1e-06,6,1e-09,256,3653,6000,1.0693265808924172e-15,373,373,662,2022,1,1,0.0,1910,4.973896506937292e-139,1.8409744898248757e-17,3.3037926846200086e-92,1.8409744898248757e-17,3.6819489796497514e-17,3.443240863401099e-11,43206,True,b=b_min
0.15,0.5,1e-06,6,1e-09,256,3653,6000,1.0693265808924172e-15,2880,373,662,8434,2434,7200,12.0,4804,1.6859850613181085e-304,1.8409744898248757e-17,1.760869889366615e-93,1.8409744898248757e-17,3.6819489796497514e-17,3.443240863401099e-11,86400,True,controle a posteriori 7200/2880
0.15,0.5,1e-06,8,1e-06,1,2740,4500,3.6496350364963504e-10,238,238,421,1311,1,1,0.0,1476,1.494064246919566e-104,4.927196073413949e-12,4.867543205204864e-72,4.927196073413949e-12,9.854392146827897e-12,2.7001034482308437e-08,43208,True,b=b_min
0.15,0.5,1e-06,8,1e-06,1,2740,4500,3.6496350364963504e-10,2880,238,421,7992,3492,7200,16.0,4390,5.064379601470538e-270,4.927196073413949e-12,3.6806638084764024e-68,4.927196073413949e-12,9.854392146827897e-12,2.7001034482308437e-08,100800,True,controle a posteriori 7200/2880
0.15,0.5,1e-06,8,1e-06,256,2740,4500,1.4256386861313869e-12,297,297,526,1620,1,1,0.0,1406,1.494064246919566e-104,2.6984837925603808e-14,6.621933818931703e-68,2.6984837925603808e-14,5.3969675851207616e-14,3.785648942907107e-08,43208,True,b=b_min
0.15,0.5,1e-06,8,1e-06,256,2740,4500,1.4256386861313869e-12,2880,297,526,8188,3688,7200,16.0,4303,5.064379601470538e-270,2.6984837925603808e-14,6.1637957055480835e-68,2.6984837925603808e-14,5.3969675851207616e-14,3.785648942907107e-08,100800,True,controle a posteriori 7200/2880
0.15,0.5,1e-06,8,1e-09,1,2740,4500,3.6496350364963506e-13,311,311,552,1697,1,1,0.0,1389,1.494064246919566e-104,3.3614588690613405e-15,6.683076881924632e-67,3.3614588690613405e-15,6.722917738122681e-15,1.8420794602456147e-11,43208,True,b=b_min
0.15,0.5,1e-06,8,1e-09,1,2740,4500,3.6496350364963506e-13,2880,311,552,8236,3736,7200,16.0,4282,5.064379601470538e-270,3.3614588690613405e-15,7.575815621641446e-68,3.3614588690613405e-15,6.722917738122681e-15,1.8420794602456147e-11,100800,True,controle a posteriori 7200/2880
0.15,0.5,1e-06,8,1e-09,256,2740,4500,1.425638686131387e-15,370,370,657,2006,1,1,0.0,1323,1.494064246919566e-104,1.8409744898248757e-17,5.571171669761186e-63,1.8409744898248757e-17,3.6819489796497514e-17,2.5826662922855216e-11,43208,True,b=b_min
0.15,0.5,1e-06,8,1e-09,256,2740,4500,1.425638686131387e-15,2880,370,657,8425,3925,7200,16.0,4200,5.064379601470538e-270,1.8409744898248757e-17,1.2688813074267724e-67,1.8409744898248757e-17,3.6819489796497514e-17,2.5826662922855216e-11,100800,True,controle a posteriori 7200/2880
0.15,0.5,1e-06,10,1e-06,1,2192,3600,4.5620437956204375e-10,235,235,417,1297,1,1,0.0,1122,7.260604664619546e-84,4.927196073413949e-12,2.0459360852436902e-54,4.927196073413949e-12,9.854392146827897e-12,2.1600827585846752e-08,43210,True,b=b_min
0.15,0.5,1e-06,10,1e-06,1,2192,3600,4.5620437956204375e-10,2880,235,417,7984,4384,7200,20.0,4025,2.4611028765096026e-249,4.927196073413949e-12,4.3471848725810905e-53,4.927196073413949e-12,9.854392146827897e-12,2.1600827585846752e-08,115200,True,controle a posteriori 7200/2880
0.15,0.5,1e-06,10,1e-06,256,2192,3600,1.7820483576642334e-12,294,294,522,1607,1,1,0.0,1055,7.260604664619546e-84,2.6984837925603808e-14,1.800241300296561e-50,2.6984837925603808e-14,5.3969675851207616e-14,3.028519154325686e-08,43210,True,b=b_min
0.15,0.5,1e-06,10,1e-06,256,2192,3600,1.7820483576642334e-12,2880,294,522,8180,4580,7200,20.0,3940,2.4611028765096026e-249,2.6984837925603808e-14,7.135143596179468e-53,2.6984837925603808e-14,5.3969675851207616e-14,3.028519154325686e-08,115200,True,controle a posteriori 7200/2880
0.15,0.5,1e-06,10,1e-09,1,2192,3600,4.562043795620439e-13,309,309,548,1684,1,1,0.0,1039,7.260604664619546e-84,9.524096953265634e-15,1.633137236727871e-49,9.524096953265634e-15,1.9048193906531268e-14,4.175364104311654e-11,43210,True,b=b_min
0.15,0.5,1e-06,10,1e-09,1,2192,3600,4.562043795620439e-13,2880,309,548,8227,4627,7200,20.0,3920,2.4611028765096026e-249,9.524096953265634e-15,7.87837059902673e-53,9.524096953265634e-15,1.9048193906531268e-14,4.175364104311654e-11,115200,True,controle a posteriori 7200/2880
0.15,0.5,1e-06,10,1e-09,256,2192,3600,1.782048357664234e-15,368,368,652,1995,1,1,0.0,975,7.260604664619546e-84,1.8409744898248757e-17,1.0088057954318637e-45,1.8409744898248757e-17,3.6819489796497514e-17,2.0661330338284173e-11,43210,True,b=b_min
0.15,0.5,1e-06,10,1e-09,256,2192,3600,1.782048357664234e-15,2880,368,652,8418,4818,7200,20.0,3839,2.4611028765096026e-249,1.8409744898248757e-17,1.4273051757336392e-52,1.8409744898248757e-17,3.6819489796497514e-17,2.0661330338284173e-11,115200,True,controle a posteriori 7200/2880
0.15,0.5,1e-06,12,1e-06,1,1827,3000,5.473453749315818e-10,233,233,414,1287,1,1,0.0,888,4.4878858472628373e-70,4.927196073413949e-12,8.931561245221984e-43,4.927196073413949e-12,9.854392146827897e-12,1.800397445225457e-08,43212,True,b=b_min
0.15,0.5,1e-06,12,1e-06,1,1827,3000,5.473453749315818e-10,2880,233,414,7978,4978,7200,24.0,3783,1.5212436537094367e-235,4.927196073413949e-12,2.6692902576441967e-43,4.927196073413949e-12,9.854392146827897e-12,1.800397445225457e-08,129600,True,controle a posteriori 7200/2880
0.15,0.5,1e-06,12,1e-06,256,1827,3000,2.1380678708264913e-12,292,292,518,1597,1,1,0.0,824,4.4878858472628373e-70,2.6984837925603808e-14,5.524305960093473e-39,2.6984837925603808e-14,5.3969675851207616e-14,2.5242265031720018e-08,43212,True,b=b_min
0.15,0.5,1e-06,12,1e-06,256,1827,3000,2.1380678708264913e-12,2880,292,518,8174,5174,7200,24.0,3699,1.5212436537094367e-235,2.6984837925603808e-14,4.310128778959939e-43,2.6984837925603808e-14,5.3969675851207616e-14,2.5242265031720018e-08,129600,True,controle a posteriori 7200/2880
0.15,0.5,1e-06,12,1e-09,1,1827,3000,5.473453749315818e-13,307,307,544,1674,1,1,0.0,809,4.4878858472628373e-70,9.524096953265634e-15,4.5910034465645156e-38,9.524096953265634e-15,1.9048193906531268e-14,3.480105026723263e-11,43212,True,b=b_min
0.15,0.5,1e-06,12,1e-09,1,1827,3000,5.473453749315818e-13,2880,307,544,8221,5221,7200,24.0,3679,1.5212436537094367e-235,9.524096953265634e-15,4.742977231590721e-43,9.524096953265634e-15,1.9048193906531268e-14,3.480105026723263e-11,129600,True,controle a posteriori 7200/2880
0.15,0.5,1e-06,12,1e-09,256,1827,3000,2.1380678708264916e-15,366,366,649,1983,1,1,0.0,747,4.4878858472628373e-70,5.2160743928653133e-17,1.748435770730785e-34,5.2160743928653133e-17,1.0432148785730627e-16,4.879241172871643e-11,43212,True,b=b_min
0.15,0.5,1e-06,12,1e-09,256,1827,3000,2.1380678708264916e-15,2880,366,649,8410,5410,7200,24.0,3600,1.5212436537094367e-235,5.2160743928653133e-17,7.65335524151785e-43,5.2160743928653133e-17,1.0432148785730627e-16,4.879241172871643e-11,129600,True,controle a posteriori 7200/2880
0.15,0.5,0.0001,6,1e-06,1,3653,6000,2.737476047084588e-10,241,241,427,1327,1,1,0.0,2072,9.579025889015447e-139,4.97416093588734e-12,1.1984596338964525e-101,4.97416093588734e-12,9.94832187177468e-12,3.6341219797592906e-08,43206,True,b=b_min
0.15,0.5,0.0001,6,1e-06,1,3653,6000,2.737476047084588e-10,2880,241,427,8003,2003,7200,12.0,4998,7.361763940911025e-304,4.97416093588734e-12,6.966655517911936e-94,4.97416093588734e-12,9.94832187177468e-12,3.6341219797592906e-08,86400,True,controle a posteriori 7200/2880
0.15,0.5,0.0001,6,1e-06,256,3653,6000,1.0693265808924171e-12,300,300,532,1639,1,1,0.0,1997,9.579025889015447e-139,9.636794374071218e-15,3.3664797036045293e-97,9.636794374071218e-15,1.9273588748142436e-14,1.8024043442422865e-08,43206,True,b=b_min
0.15,0.5,0.0001,6,1e-06,256,3653,6000,1.0693265808924171e-12,2880,300,532,8201,2201,7200,12.0,4909,7.361763940911025e-304,9.636794374071218e-15,1.3345875371251524e-93,9.636794374071218e-15,1.9273588748142436e-14,1.8024043442422865e-08,86400,True,controle a posteriori 7200/2880
0.15,0.5,0.0001,6,1e-09,1,3653,6000,2.737476047084588e-13,314,314,558,1713,1,1,0.0,1980,9.579025889015447e-139,3.402525475774826e-15,3.346641456669693e-96,3.402525475774826e-15,6.805050951549652e-15,2.485885112601088e-11,43206,True,b=b_min
0.15,0.5,0.0001,6,1e-09,1,3653,6000,2.737476047084588e-13,2880,314,558,8247,2247,7200,12.0,4888,7.361763940911025e-304,3.402525475774826e-15,1.4873567202720836e-93,3.402525475774826e-15,6.805050951549652e-15,2.485885112601088e-11,86400,True,controle a posteriori 7200/2880
0.15,0.5,0.0001,6,1e-09,256,3653,6000,1.0693265808924172e-15,374,374,663,2026,1,1,0.0,1909,9.579025889015447e-139,1.8670044456767058e-17,5.606761777761658e-92,1.8670044456767058e-17,3.7340088913534116e-17,3.4919256269091874e-11,43206,True,b=b_min
0.15,0.5,0.0001,6,1e-09,256,3653,6000,1.0693265808924172e-15,2880,374,663,8436,2436,7200,12.0,4803,7.361763940911025e-304,1.8670044456767058e-17,2.5574676721452635e-93,1.8670044456767058e-17,3.7340088913534116e-17,3.4919256269091874e-11,86400,True,controle a posteriori 7200/2880
0.15,0.5,0.0001,8,1e-06,1,2740,4500,3.6496350364963504e-10,238,238,422,1311,1,1,0.0,1475,2.4261650677285814e-104,4.97416093588734e-12,6.5361570798572e-72,4.97416093588734e-12,9.94832187177468e-12,2.7258401928662625e-08,43208,True,b=b_min
0.15,0.5,0.0001,8,1e-06,1,2740,4500,3.6496350364963504e-10,2880,238,422,7993,3493,7200,16.0,4389,1.8645794172855633e-269,4.97416093588734e-12,4.810699922574793e-68,4.97416093588734e-12,9.94832187177468e-12,2.7258401928662625e-08,100800,True,controle a posteriori 7200/2880
0.15,0.5,0.0001,8,1e-06,256,2740,4500,1.4256386861313869e-12,297,297,526,1621,1,1,0.0,1406,2.4261650677285814e-104,2.7293787061794958e-14,8.719266621218452e-68,2.7293787061794958e-14,5.4587574123589916e-14,3.828990799325091e-08,43208,True,b=b_min
0.15,0.5,0.0001,8,1e-06,256,2740,4500,1.4256386861313869e-12,2880,297,526,8189,3689,7200,16.0,4302,1.8645794172855633e-269,2.7293787061794958e-14,8.054753844327198e-68,2.7293787061794958e-14,5.4587574123589916e-14,3.828990799325091e-08,100800,True,controle a posteriori 7200/2880
0.15,0.5,0.0001,8,1e-09,1,2740,4500,3.6496350364963506e-13,311,311,552,1698,1,1,0.0,1388,2.4261650677285814e-104,3.402525475774826e-15,8.772283471702566e-67,3.402525475774826e-15,6.805050951549652e-15,1.8645839607246048e-11,43208,True,b=b_min
0.15,0.5,0.0001,8,1e-09,1,2740,4500,3.6496350364963506e-13,2880,311,552,8238,3738,7200,16.0,4281,1.8645794172855633e-269,3.402525475774826e-15,9.895150476909977e-68,3.402525475774826e-15,6.805050951549652e-15,1.8645839607246048e-11,100800,True,controle a posteriori 7200/2880
0.15,0.5,0.0001,8,1e-09,256,2740,4500,1.425638686131387e-15,371,371,657,2010,1,1,0.0,1322,2.4261650677285814e-104,1.8670044456767058e-17,8.232499548690487e-63,1.8670044456767058e-17,3.7340088913534116e-17,2.619183196750937e-11,43208,True,b=b_min
0.15,0.5,0.0001,8,1e-09,256,2740,4500,1.425638686131387e-15,2880,371,657,8427,3927,7200,16.0,4199,1.8645794172855633e-269,1.8670044456767058e-17,1.6553189888006014e-67,1.8670044456767058e-17,3.7340088913534116e-17,2.619183196750937e-11,100800,True,controle a posteriori 7200/2880
0.15,0.5,0.0001,10,1e-06,1,2192,3600,4.5620437956204375e-10,235,235,417,1297,1,1,0.0,1121,1.0643384323442248e-83,4.97416093588734e-12,2.540825537409933e-54,4.97416093588734e-12,9.94832187177468e-12,2.18067215429301e-08,43210,True,b=b_min
0.15,0.5,0.0001,10,1e-06,1,2192,3600,4.5620437956204375e-10,2880,235,417,7985,4385,7200,20.0,4025,8.179754792335665e-249,4.97416093588734e-12,5.340843190939806e-53,4.97416093588734e-12,9.94832187177468e-12,2.18067215429301e-08,115200,True,controle a posteriori 7200/2880
0.15,0.5,0.0001,10,1e-06,256,2192,3600,1.7820483576642334e-12,294,294,522,1607,1,1,0.0,1055,1.0643384323442248e-83,2.7293787061794958e-14,2.1943280450731047e-50,2.7293787061794958e-14,5.4587574123589916e-14,3.063192639460073e-08,43210,True,b=b_min
0.15,0.5,0.0001,10,1e-06,256,2192,3600,1.7820483576642334e-12,2880,294,522,8182,4582,7200,20.0,3940,8.179754792335665e-249,2.7293787061794958e-14,8.766899695517334e-53,2.7293787061794958e-14,5.4587574123589916e-14,3.063192639460073e-08,115200,True,controle a posteriori 7200/2880
0.15,0.5,0.0001,10,1e-09,1,2192,3600,4.562043795620439e-13,309,309,548,1685,1,1,0.0,1039,1.0643384323442248e-83,9.636794374071218e-15,1.9826180192222227e-49,9.636794374071218e-15,1.9273588748142436e-14,4.224770653592822e-11,43210,True,b=b_min
0.15,0.5,0.0001,10,1e-09,1,2192,3600,4.562043795620439e-13,2880,309,548,8229,4629,7200,20.0,3919,8.179754792335665e-249,9.636794374071218e-15,9.674985433511244e-53,9.636794374071218e-15,1.9273588748142436e-14,4.224770653592822e-11,115200,True,controle a posteriori 7200/2880
0.15,0.5,0.0001,10,1e-09,256,2192,3600,1.782048357664234e-15,368,368,653,1997,1,1,0.0,975,1.0643384323442248e-83,1.8670044456767058e-17,1.2060131626726393e-45,1.8670044456767058e-17,3.7340088913534116e-17,2.0953465574007497e-11,43210,True,b=b_min
0.15,0.5,0.0001,10,1e-09,256,2192,3600,1.782048357664234e-15,2880,368,653,8420,4820,7200,20.0,3838,8.179754792335665e-249,1.8670044456767058e-17,1.7514762979851587e-52,1.8670044456767058e-17,3.7340088913534116e-17,2.0953465574007497e-11,115200,True,controle a posteriori 7200/2880
0.15,0.5,0.0001,12,1e-06,1,1827,3000,5.473453749315818e-10,233,233,414,1287,1,1,0.0,888,6.144964012067656e-70,4.97416093588734e-12,1.0520939050302315e-42,4.97416093588734e-12,9.94832187177468e-12,1.8175584059732343e-08,43212,True,b=b_min
0.15,0.5,0.0001,12,1e-06,1,1827,3000,5.473453749315818e-10,2880,233,414,7979,4979,7200,24.0,3783,4.7225860965793696e-235,4.97416093588734e-12,3.153521262383877e-43,4.97416093588734e-12,9.94832187177468e-12,1.8175584059732343e-08,129600,True,controle a posteriori 7200/2880
0.15,0.5,0.0001,12,1e-06,256,1827,3000,2.1380678708264913e-12,293,293,519,1600,1,1,0.0,823,6.144964012067656e-70,2.7293787061794958e-14,7.319303569196888e-39,2.7293787061794958e-14,5.4587574123589916e-14,2.5531263468492487e-08,43212,True,b=b_min
0.15,0.5,0.0001,12,1e-06,256,1827,3000,2.1380678708264913e-12,2880,293,519,8176,5176,7200,24.0,3699,4.7225860965793696e-235,2.7293787061794958e-14,5.087208283653643e-43,2.7293787061794958e-14,5.4587574123589916e-14,2.5531263468492487e-08,129600,True,controle a posteriori 7200/2880
0.15,0.5,0.0001,12,1e-09,1,1827,3000,5.473453749315818e-13,307,307,544,1675,1,1,0.0,808,6.144964012067656e-70,9.636794374071218e-15,5.302969593489228e-38,9.636794374071218e-15,1.9273588748142436e-14,3.521284664285623e-11,43212,True,b=b_min
0.15,0.5,0.0001,12,1e-09,1,1827,3000,5.473453749315818e-13,2880,307,544,8223,5223,7200,24.0,3679,4.7225860965793696e-235,9.636794374071218e-15,5.600331962488205e-43,9.636794374071218e-15,1.9273588748142436e-14,3.521284664285623e-11,129600,True,controle a posteriori 7200/2880
0.15,0.5,0.0001,12,1e-09,256,1827,3000,2.1380678708264916e-15,366,366,650,1985,1,1,0.0,747,6.144964012067656e-70,5.287818729517695e-17,1.9864244044372084e-34,5.287818729517695e-17,1.057563745903539e-16,4.9463525472403606e-11,43212,True,b=b_min
0.15,0.5,0.0001,12,1e-09,256,1827,3000,2.1380678708264916e-15,2880,366,650,8412,5412,7200,24.0,3599,4.7225860965793696e-235,5.287818729517695e-17,9.028568832975944e-43,5.287818729517695e-17,1.057563745903539e-16,4.9463525472403606e-11,129600,True,controle a posteriori 7200/2880
0.15,0.5,0.001,6,1e-06,1,3653,6000,2.737476047084588e-10,242,242,430,1333,1,1,0.0,2068,1.2532040823979085e-137,5.421756979161535e-12,8.040497750110653e-101,5.421756979161535e-12,1.084351395832307e-11,3.961135648975417e-08,43206,True,b=b_min
0.15,0.5,0.001,6,1e-06,1,3653,6000,2.737476047084588e-10,2880,242,430,8013,2013,7200,12.0,4992,2.1875796722857755e-301,5.421756979161535e-12,3.8082880870812276e-93,5.421756979161535e-12,1.084351395832307e-11,3.961135648975417e-08,86400,True,controle a posteriori 7200/2880
0.15,0.5,0.001,6,1e-06,256,3653,6000,1.0693265808924171e-12,302,302,535,1649,1,1,0.0,1993,1.2532040823979085e-137,1.0723428453055861e-14,2.4132665096502658e-96,1.0723428453055861e-14,2.1446856906111722e-14,2.0056414279174688e-08,43206,True,b=b_min
0.15,0.5,0.001,6,1e-06,256,3653,6000,1.0693265808924171e-12,2880,302,535,8212,2212,7200,12.0,4902,2.1875796722857755e-301,1.0723428453055861e-14,7.2608152323426665e-93,1.0723428453055861e-14,2.1446856906111722e-14,2.0056414279174688e-08,86400,True,controle a posteriori 7200/2880
0.15,0.5,0.001,6,1e-09,1,3653,6000,2.737476047084588e-13,317,317,561,1727,1,1,0.0,1976,1.2532040823979085e-137,3.7992621446173896e-15,2.7382750573077616e-95,3.7992621446173896e-15,7.598524289234779e-15,2.7757409228574647e-11,43206,True,b=b_min
0.15,0.5,0.001,6,1e-09,1,3653,6000,2.737476047084588e-13,2880,317,561,8259,2259,7200,12.0,4881,2.1875796722857755e-301,3.7992621446173896e-15,8.085606489861013e-93,3.7992621446173896e-15,7.598524289234779e-15,2.7757409228574647e-11,86400,True,controle a posteriori 7200/2880
0.15,0.5,0.001,6,1e-09,256,3653,6000,1.0693265808924172e-15,377,377,668,2041,1,1,0.0,1905,1.2532040823979085e-137,2.1209345647504717e-17,4.1969593721585265e-91,2.1209345647504717e-17,4.2418691295009435e-17,3.966860270097138e-11,43206,True,b=b_min
0.15,0.5,0.001,6,1e-09,256,3653,6000,1.0693265808924172e-15,2880,377,668,8449,2449,7200,12.0,4796,2.1875796722857755e-301,2.1209345647504717e-17,1.3849026871908566e-92,2.1209345647504717e-17,4.2418691295009435e-17,3.966860270097138e-11,86400,True,controle a posteriori 7200/2880
0.15,0.5,0.001,8,1e-06,1,2740,4500,3.6496350364963504e-10,239,239,424,1318,1,1,0.0,1473,1.6558572577008867e-103,5.421756979161535e-12,2.5946502500443438e-71,5.421756979161535e-12,1.084351395832307e-11,2.971122824580521e-08,43208,True,b=b_min
0.15,0.5,0.001,8,1e-06,1,2740,4500,3.6496350364963504e-10,2880,239,424,8003,3503,7200,16.0,4383,2.890446758059074e-267,5.421756979161535e-12,1.70740788292612e-67,5.421756979161535e-12,1.084351395832307e-11,2.971122824580521e-08,100800,True,controle a posteriori 7200/2880
0.15,0.5,0.001,8,1e-06,256,2740,4500,1.4256386861313869e-12,299,299,530,1632,1,1,0.0,1402,1.6558572577008867e-103,3.0266907997049636e-14,3.691764615907877e-67,3.0266907997049636e-14,6.053381599409927e-14,4.246083989090099e-08,43208,True,b=b_min
0.15,0.5,0.001,8,1e-06,256,2740,4500,1.4256386861313869e-12,2880,299,530,8201,3701,7200,16.0,4296,2.890446758059074e-267,3.0266907997049636e-14,2.848563132958445e-67,3.0266907997049636e-14,6.053381599409927e-14,4.246083989090099e-08,100800,True,controle a posteriori 7200/2880
0.15,0.5,0.001,8,1e-09,1,2740,4500,3.6496350364963506e-13,313,313,556,1709,1,1,0.0,1385,1.6558572577008867e-103,3.7992621446173896e-15,3.6392647209147903e-66,3.7992621446173896e-15,7.598524289234779e-15,2.0819956552503295e-11,43208,True,b=b_min
0.15,0.5,0.001,8,1e-09,1,2740,4500,3.6496350364963506e-13,2880,313,556,8250,3750,7200,16.0,4275,2.890446758059074e-267,3.7992621446173896e-15,3.494647512020249e-67,3.7992621446173896e-15,7.598524289234779e-15,2.0819956552503295e-11,100800,True,controle a posteriori 7200/2880
0.15,0.5,0.001,8,1e-09,256,2740,4500,1.425638686131387e-15,373,373,662,2023,1,1,0.0,1318,1.6558572577008867e-103,2.1209345647504717e-17,3.1584387041882658e-62,2.1209345647504717e-17,4.2418691295009435e-17,2.975416682197142e-11,43208,True,b=b_min
0.15,0.5,0.001,8,1e-09,256,2740,4500,1.425638686131387e-15,2880,373,662,8440,3940,7200,16.0,4193,2.890446758059074e-267,2.1209345647504717e-17,5.825895753679229e-67,2.1209345647504717e-17,4.2418691295009435e-17,2.975416682197142e-11,100800,True,controle a posteriori 7200/2880
0.15,0.5,0.001,10,1e-06,1,2192,3600,4.5620437956204375e-10,237,237,420,1307,1,1,0.0,1119,4.916132199034089e-83,5.421756979161535e-12,8.5350949381008e-54,5.421756979161535e-12,1.084351395832307e-11,2.3768982596644168e-08,43210,True,b=b_min
0.15,0.5,0.001,10,1e-06,1,2192,3600,4.5620437956204375e-10,2880,237,420,7996,4396,7200,20.0,4020,8.581547902636648e-247,5.421756979161535e-12,1.4764247649478129e-52,5.421756979161535e-12,1.084351395832307e-11,2.3768982596644168e-08,115200,True,controle a posteriori 7200/2880
0.15,0.5,0.001,10,1e-06,256,2192,3600,1.7820483576642334e-12,296,296,526,1618,1,1,0.0,1052,4.916132199034089e-83,3.0266907997049636e-14,6.794586446750191e-50,3.0266907997049636e-14,6.053381599409927e-14,3.39686719127208e-08,43210,True,b=b_min
0.15,0.5,0.001,10,1e-06,256,2192,3600,1.7820483576642334e-12,2880,296,526,8193,4593,7200,20.0,3934,8.581547902636648e-247,3.0266907997049636e-14,2.4132672430690853e-52,3.0266907997049636e-14,6.053381599409927e-14,3.39686719127208e-08,115200,True,controle a posteriori 7200/2880
0.15,0.5,0.001,10,1e-09,1,2192,3600,4.562043795620439e-13,311,311,552,1696,1,1,0.0,1036,4.916132199034089e-83,1.0723428453055861e-14,6.031615518944497e-49,1.0723428453055861e-14,2.1446856906111722e-14,4.70115103381969e-11,43210,True,b=b_min
0.15,0.5,0.001,10,1e-09,1,2192,3600,4.562043795620439e-13,2880,311,552,8241,4641,7200,20.0,3914,8.581547902636648e-247,1.0723428453055861e-14,2.6623589060934136e-52,1.0723428453055861e-14,2.1446856906111722e-14,4.70115103381969e-11,115200,True,controle a posteriori 7200/2880
0.15,0.5,0.001,10,1e-09,256,2192,3600,1.782048357664234e-15,371,371,658,2011,1,1,0.0,971,4.916132199034089e-83,2.1209345647504717e-17,3.8720185867774214e-45,2.1209345647504717e-17,4.2418691295009435e-17,2.3803333457577134e-11,43210,True,b=b_min
0.15,0.5,0.001,10,1e-09,256,2192,3600,1.782048357664234e-15,2880,371,658,8432,4832,7200,20.0,3832,8.581547902636648e-247,2.1209345647504717e-17,4.799587496398876e-52,2.1209345647504717e-17,4.2418691295009435e-17,2.3803333457577134e-11,115200,True,controle a posteriori 7200/2880
0.15,0.5,0.001,12,1e-06,1,1827,3000,5.473453749315818e-10,235,235,417,1297,1,1,0.0,885,2.1878824817058994e-69,5.421756979161535e-12,2.8599140639472612e-42,5.421756979161535e-12,1.084351395832307e-11,1.981110000185625e-08,43212,True,b=b_min
0.15,0.5,0.001,12,1e-06,1,1827,3000,5.473453749315818e-10,2880,235,417,7989,4989,7200,24.0,3778,3.8191443114131497e-233,5.421756979161535e-12,7.411810446993599e-43,5.421756979161535e-12,1.084351395832307e-11,1.981110000185625e-08,129600,True,controle a posteriori 7200/2880
0.15,0.5,0.001,12,1e-06,256,1827,3000,2.1380678708264913e-12,294,294,522,1608,1,1,0.0,821,2.1878824817058994e-69,3.0266907997049636e-14,1.6120381294734363e-38,3.0266907997049636e-14,6.053381599409927e-14,2.831239214623216e-08,43212,True,b=b_min
0.15,0.5,0.001,12,1e-06,256,1827,3000,2.1380678708264913e-12,2880,294,522,8187,5187,7200,24.0,3693,3.8191443114131497e-233,3.0266907997049636e-14,1.1918621928037204e-42,3.0266907997049636e-14,6.053381599409927e-14,2.831239214623216e-08,129600,True,controle a posteriori 7200/2880
0.15,0.5,0.001,12,1e-09,1,1827,3000,5.473453749315818e-13,309,309,548,1686,1,1,0.0,805,2.1878824817058994e-69,1.0723428453055861e-14,1.31052569734927e-37,1.0723428453055861e-14,2.1446856906111722e-14,3.918340756746612e-11,43212,True,b=b_min
0.15,0.5,0.001,12,1e-09,1,1827,3000,5.473453749315818e-13,2880,309,548,8235,5235,7200,24.0,3673,3.8191443114131497e-233,1.0723428453055861e-14,1.3111055674789202e-42,1.0723428453055861e-14,2.1446856906111722e-14,3.918340756746612e-11,129600,True,controle a posteriori 7200/2880
0.15,0.5,0.001,12,1e-09,256,1827,3000,2.1380678708264916e-15,369,369,655,2001,1,1,0.0,743,2.1878824817058994e-69,2.1209345647504717e-17,5.87185912344871e-34,2.1209345647504717e-17,4.2418691295009435e-17,1.9839730942971454e-11,43212,True,b=b_min
0.15,0.5,0.001,12,1e-09,256,1827,3000,2.1380678708264916e-15,2880,369,655,8426,5426,7200,24.0,3593,3.8191443114131497e-233,2.1209345647504717e-17,2.3168826907999375e-42,2.1209345647504717e-17,4.2418691295009435e-17,1.9839730942971454e-11,129600,True,controle a posteriori 7200/2880
0.15,0.5,0.01,6,1e-06,1,3653,6000,2.737476047084588e-10,259,259,459,1425,1,1,0.0,2033,4.7999633508338937e-129,4.669036290031664e-12,1.035580165973416e-93,4.669036290031664e-12,9.338072580063328e-12,3.4111979134971336e-08,43206,True,b=b_min
0.15,0.5,0.01,6,1e-06,1,3653,6000,2.737476047084588e-10,2880,259,459,8121,2121,7200,12.0,4929,1.6031740634222659e-282,4.669036290031664e-12,4.481698963658424e-87,4.669036290031664e-12,9.338072580063328e-12,3.4111979134971336e-08,86400,True,controle a posteriori 7200/2880
0.15,0.5,0.01,6,1e-06,256,3653,6000,1.0693265808924171e-12,323,323,572,1762,1,1,0.0,1956,4.7999633508338937e-129,1.1335313551041571e-14,2.6977671743541695e-89,1.1335313551041571e-14,2.2670627102083142e-14,2.1200845005800888e-08,43206,True,b=b_min
0.15,0.5,0.01,6,1e-06,256,3653,6000,1.0693265808924171e-12,2880,323,572,8328,2328,7200,12.0,4837,1.6031740634222659e-282,1.1335313551041571e-14,8.266121022119879e-87,1.1335313551041571e-14,2.2670627102083142e-14,2.1200845005800888e-08,86400,True,controle a posteriori 7200/2880
0.15,0.5,0.01,6,1e-09,1,3653,6000,2.737476047084588e-13,339,339,600,1844,1,1,0.0,1937,4.7999633508338937e-129,4.155608117048514e-15,2.981239953884338e-88,4.155608117048514e-15,8.311216234097028e-15,3.0360872903156446e-11,43206,True,b=b_min
0.15,0.5,0.01,6,1e-09,1,3653,6000,2.737476047084588e-13,2880,339,600,8377,2377,7200,12.0,4815,1.6031740634222659e-282,4.155608117048514e-15,9.153587722638183e-87,4.155608117048514e-15,8.311216234097028e-15,3.0360872903156446e-11,86400,True,controle a posteriori 7200/2880
0.15,0.5,0.01,6,1e-09,256,3653,6000,1.0693265808924172e-15,403,403,713,2180,1,1,0.0,1864,4.7999633508338937e-129,1.0088831629466498e-17,4.660412833391279e-84,1.0088831629466498e-17,2.0177663258932996e-17,1.8869504994529852e-11,43206,True,b=b_min
0.15,0.5,0.01,6,1e-09,256,3653,6000,1.0693265808924172e-15,2880,403,713,8577,2577,7200,12.0,4727,1.6031740634222659e-282,1.0088831629466498e-17,1.6890219074089395e-86,1.0088831629466498e-17,2.0177663258932996e-17,1.8869504994529852e-11,86400,True,controle a posteriori 7200/2880
0.15,0.5,0.01,8,1e-06,1,2740,4500,3.6496350364963504e-10,256,256,453,1410,1,1,0.0,1443,4.5698259682703715e-97,4.669036290031664e-12,5.474295950048304e-66,4.669036290031664e-12,9.338072580063328e-12,2.5586318869373518e-08,43208,True,b=b_min
0.15,0.5,0.01,8,1e-06,1,2740,4500,3.6496350364963504e-10,2880,256,453,8111,3611,7200,16.0,4326,1.526308834298215e-250,4.669036290031664e-12,6.964185870048857e-63,4.669036290031664e-12,9.338072580063328e-12,2.5586318869373518e-08,100800,True,controle a posteriori 7200/2880
0.15,0.5,0.01,8,1e-06,256,2740,4500,1.4256386861313869e-12,320,320,566,1744,1,1,0.0,1371,4.5698259682703715e-97,3.091950195527223e-14,6.936759655765293e-62,3.091950195527223e-14,6.183900391054446e-14,4.3376350903012306e-08,43208,True,b=b_min
0.15,0.5,0.01,8,1e-06,256,2740,4500,1.4256386861313869e-12,2880,320,566,8316,3816,7200,16.0,4237,1.526308834298215e-250,3.091950195527223e-14,1.13128694099244e-62,3.091950195527223e-14,6.183900391054446e-14,4.3376350903012306e-08,100800,True,controle a posteriori 7200/2880
0.15,0.5,0.01,8,1e-09,1,2740,4500,3.6496350364963506e-13,335,335,594,1825,1,1,0.0,1353,4.5698259682703715e-97,4.155608117048514e-15,6.67118948576057e-61,4.155608117048514e-15,8.311216234097028e-15,2.2772732481425856e-11,43208,True,b=b_min
0.15,0.5,0.01,8,1e-09,1,2740,4500,3.6496350364963506e-13,2880,335,594,8367,3867,7200,16.0,4215,1.526308834298215e-250,4.155608117048514e-15,1.3734652376933568e-62,4.155608117048514e-15,8.311216234097028e-15,2.2772732481425856e-11,100800,True,controle a posteriori 7200/2880
0.15,0.5,0.01,8,1e-09,256,2740,4500,1.425638686131387e-15,399,399,707,2160,1,1,0.0,1284,4.5698259682703715e-97,2.751945483369873e-17,5.220792708320892e-57,2.751945483369873e-17,5.503890966739746e-17,3.860649279709927e-11,43208,True,b=b_min
0.15,0.5,0.01,8,1e-09,256,2740,4500,1.425638686131387e-15,2880,399,707,8565,4065,7200,16.0,4130,1.526308834298215e-250,2.751945483369873e-17,2.2302030632324324e-62,2.751945483369873e-17,5.503890966739746e-17,3.860649279709927e-11,100800,True,controle a posteriori 7200/2880
0.15,0.5,0.01,10,1e-06,1,2192,3600,4.5620437956204375e-10,253,253,449,1395,1,1,0.0,1093,7.032288916881795e-78,4.669036290031664e-12,1.3478896045309218e-49,4.669036290031664e-12,9.338072580063328e-12,2.0469055095498813e-08,43210,True,b=b_min
0.15,0.5,0.01,10,1e-06,1,2192,3600,4.5620437956204375e-10,2880,253,449,8103,4503,7200,20.0,3966,2.3487644329779082e-231,4.669036290031664e-12,8.495110988844803e-49,4.669036290031664e-12,9.338072580063328e-12,2.0469055095498813e-08,115200,True,controle a posteriori 7200/2880
0.15,0.5,0.01,10,1e-06,256,2192,3600,1.7820483576642334e-12,317,317,561,1729,1,1,0.0,1024,7.032288916881795e-78,3.091950195527223e-14,1.1119016984729643e-45,3.091950195527223e-14,6.183900391054446e-14,3.470108072240984e-08,43210,True,b=b_min
0.15,0.5,0.01,10,1e-06,256,2192,3600,1.7820483576642334e-12,2880,317,561,8309,4709,7200,20.0,3878,2.3487644329779082e-231,3.091950195527223e-14,1.353626867009668e-48,3.091950195527223e-14,6.183900391054446e-14,3.470108072240984e-08,115200,True,controle a posteriori 7200/2880
0.15,0.5,0.01,10,1e-09,1,2192,3600,4.562043795620439e-13,333,333,589,1812,1,1,0.0,1007,7.032288916881795e-78,1.1335313551041571e-14,9.628301689120948e-45,1.1335313551041571e-14,2.2670627102083142e-14,4.9694014607766246e-11,43210,True,b=b_min
0.15,0.5,0.01,10,1e-09,1,2192,3600,4.562043795620439e-13,2880,333,589,8358,4758,7200,20.0,3857,2.3487644329779082e-231,1.1335313551041571e-14,1.4857859089704056e-48,1.1335313551041571e-14,2.2670627102083142e-14,4.9694014607766246e-11,115200,True,controle a posteriori 7200/2880
0.15,0.5,0.01,10,1e-09,256,2192,3600,1.782048357664234e-15,397,397,703,2148,1,1,0.0,941,7.032288916881795e-78,2.751945483369873e-17,5.559754003717091e-41,2.751945483369873e-17,5.503890966739746e-17,3.088519423767942e-11,43210,True,b=b_min
0.15,0.5,0.01,10,1e-09,256,2192,3600,1.782048357664234e-15,2880,397,703,8558,4958,7200,20.0,3773,2.3487644329779082e-231,2.751945483369873e-17,2.5992379791301718e-48,2.751945483369873e-17,5.503890966739746e-17,3.088519423767942e-11,115200,True,controle a posteriori 7200/2880
0.15,0.5,0.01,12,1e-06,1,1827,3000,5.473453749315818e-10,251,251,445,1383,1,1,0.0,863,4.350722673049201e-65,1.2735799150929158e-11,7.821421361348779e-39,1.2735799150929158e-11,2.5471598301858315e-11,4.653661009749514e-08,43212,True,b=b_min
0.15,0.5,0.01,12,1e-06,1,1827,3000,5.473453749315818e-10,2880,251,445,8095,5095,7200,24.0,3727,1.4531289588625536e-218,1.2735799150929158e-11,1.0891281402171398e-39,1.2735799150929158e-11,2.5471598301858315e-11,4.653661009749514e-08,129600,True,controle a posteriori 7200/2880
0.15,0.5,0.01,12,1e-06,256,1827,3000,2.1380678708264913e-12,315,315,558,1719,1,1,0.0,795,4.350722673049201e-65,3.091950195527223e-14,5.192963895571328e-35,3.091950195527223e-14,6.183900391054446e-14,2.8922844197008568e-08,43212,True,b=b_min
0.15,0.5,0.01,12,1e-06,256,1827,3000,2.1380678708264913e-12,2880,315,558,8302,5302,7200,24.0,3640,1.4531289588625536e-218,3.091950195527223e-14,1.8704396927910133e-39,3.091950195527223e-14,6.183900391054446e-14,2.8922844197008568e-08,129600,True,controle a posteriori 7200/2880
0.15,0.5,0.01,12,1e-09,1,1827,3000,5.473453749315818e-13,331,331,585,1802,1,1,0.0,779,4.350722673049201e-65,1.1335313551041571e-14,4.1295641335026676e-34,1.1335313551041571e-14,2.2670627102083142e-14,4.14192357155059e-11,43212,True,b=b_min
0.15,0.5,0.01,12,1e-09,1,1827,3000,5.473453749315818e-13,2880,331,585,8352,5352,7200,24.0,3619,1.4531289588625536e-218,1.1335313551041571e-14,2.0461849926268723e-39,1.1335313551041571e-14,2.2670627102083142e-14,4.14192357155059e-11,129600,True,controle a posteriori 7200/2880
0.15,0.5,0.01,12,1e-09,256,1827,3000,2.1380678708264916e-15,395,395,699,2138,1,1,0.0,715,4.350722673049201e-65,2.751945483369873e-17,1.6656330257648207e-30,2.751945483369873e-17,5.5038909667399124e-17,2.574235851835858e-11,43212,True,b=b_min
0.15,0.5,0.01,12,1e-09,256,1827,3000,2.1380678708264916e-15,2880,395,699,8552,5552,7200,24.0,3536,1.4531289588625536e-218,2.751945483369873e-17,3.511058805569869e-39,2.751945483369873e-17,5.503890966739746e-17,2.57423585183578e-11,129600,True,controle a posteriori 7200/2880
0.15,0.7,0.0,6,1e-06,1,3653,6000,2.737476047084588e-10,138,138,189,575,1,1,0.0,3175,3.87649155248456e-310,4.2649267170401934e-12,5.103792848613582e-247,4.2649267170401934e-12,8.529853434080387e-12,3.115955459469565e-08,43206,True,b=b_min
0.15,0.7,0.0,6,1e-06,1,3653,6000,2.737476047084588e-10,2880,138,189,5486,1,7200,12.0,7330,0.0,4.2649267170401934e-12,1.7957516155476876e-292,4.2649267170401934e-12,8.529853434080387e-12,3.115955459469565e-08,86400,True,controle a posteriori 7200/2880
0.15,0.7,0.0,6,1e-06,256,3653,6000,1.0693265808924171e-12,172,172,236,711,1,1,0.0,3116,3.87649155248456e-310,1.7226964014744202e-14,4.503133300914066e-242,1.7226964014744202e-14,3.4453928029488404e-14,3.222021096748061e-08,43206,True,b=b_min
0.15,0.7,0.0,6,1e-06,256,3653,6000,1.0693265808924171e-12,2880,172,236,5587,1,7200,12.0,7256,0.0,1.7226964014744202e-14,3.797796847873528e-292,1.7226964014744202e-14,3.4453928029488404e-14,3.222021096748061e-08,86400,True,controle a posteriori 7200/2880
0.15,0.7,0.0,6,1e-09,1,3653,6000,2.737476047084588e-13,181,181,248,746,1,1,0.0,3102,3.87649155248456e-310,4.342932104557362e-15,8.280791246419232e-241,4.342932104557362e-15,8.685864209114723e-15,3.172946195589608e-11,43206,True,b=b_min
0.15,0.7,0.0,6,1e-09,1,3653,6000,2.737476047084588e-13,2880,181,248,5612,1,7200,12.0,7239,0.0,4.342932104557362e-15,4.602629630155823e-292,4.342932104557362e-15,8.685864209114723e-15,3.172946195589608e-11,86400,True,controle a posteriori 7200/2880
0.15,0.7,0.0,6,1e-09,256,3653,6000,1.0693265808924172e-15,215,215,295,883,1,1,0.0,3046,3.87649155248456e-310,1.7542044693234032e-17,4.034644910640582e-236,1.7542044693234032e-17,3.5084089386468064e-17,3.280951770336457e-11,43206,True,b=b_min
0.15,0.7,0.0,6,1e-09,256,3653,6000,1.0693265808924172e-15,2880,215,295,5708,1,7200,12.0,7170,0.0,1.7542044693234032e-17,9.747574595595375e-292,1.7542044693234032e-17,3.5084089386468064e-17,3.280951770336457e-11,86400,True,controle a posteriori 7200/2880
0.15,0.7,0.0,8,1e-06,1,2740,4500,3.6496350364963504e-10,137,137,187,569,1,1,0.0,2321,6.609363776111594e-233,4.2649267170401934e-12,1.9591876006405905e-180,4.2649267170401934e-12,8.529853434080387e-12,2.337179840938026e-08,43208,True,b=b_min
0.15,0.7,0.0,8,1e-06,1,2740,4500,3.6496350364963504e-10,2880,137,187,5481,981,7200,16.0,6464,0.0,4.2649267170401934e-12,8.44793878725994e-233,4.2649267170401934e-12,8.529853434080387e-12,2.337179840938026e-08,100800,True,controle a posteriori 7200/2880
0.15,0.7,0.0,8,1e-06,256,2740,4500,1.4256386861313869e-12,171,171,234,706,1,1,0.0,2266,6.609363776111594e-233,1.7226964014744202e-14,8.717922211828002e-176,1.7226964014744202e-14,3.4453928029488404e-14,2.4167363277004345e-08,43208,True,b=b_min
0.15,0.7,0.0,8,1e-06,256,2740,4500,1.4256386861313869e-12,2880,171,234,5582,1082,7200,16.0,6393,0.0,1.7226964014744202e-14,1.7524560075986744e-232,1.7226964014744202e-14,3.4453928029488404e-14,2.4167363277004345e-08,100800,True,controle a posteriori 7200/2880
0.15,0.7,0.0,8,1e-09,1,2740,4500,3.6496350364963506e-13,179,179,245,739,1,1,0.0,2252,6.609363776111594e-233,4.342932104557362e-15,1.020290575789409e-174,4.342932104557362e-15,8.685864209114723e-15,2.3799267932974342e-11,43208,True,b=b_min
0.15,0.7,0.0,8,1e-09,1,2740,4500,3.6496350364963506e-13,2880,179,245,5607,1107,7200,16.0,6376,0.0,4.342932104557362e-15,2.091661324415004e-232,4.342932104557362e-15,8.685864209114723e-15,2.3799267932974342e-11,100800,True,controle a posteriori 7200/2880
0.15,0.7,0.0,8,1e-09,256,2740,4500,1.425638686131387e-15,213,213,292,876,1,1,0.0,2200,6.609363776111594e-233,1.7542044693234032e-17,2.6082863290181818e-170,1.7542044693234032e-17,3.5084089386468064e-17,2.4609383659244158e-11,43208,True,b=b_min
0.15,0.7,0.0,8,1e-09,256,2740,4500,1.425638686131387e-15,2880,213,292,5704,1204,7200,16.0,6310,0.0,1.7542044693234032e-17,4.327890867358328e-232,1.7542044693234032e-17,3.5084089386468064e-17,2.4609383659244158e-11,100800,True,controle a posteriori 7200/2880
0.15,0.7,0.0,10,1e-06,1,2192,3600,4.5620437956204375e-10,135,135,185,563,1,1,0.0,1812,1.4427535256533295e-186,4.2649267170401934e-12,7.303979502662037e-141,4.2649267170401934e-12,8.529853434080387e-12,1.8697438727504206e-08,43210,True,b=b_min
0.15,0.7,0.0,10,1e-06,1,2192,3600,4.5620437956204375e-10,2880,135,185,5477,1877,7200,20.0,5946,0.0,4.2649267170401934e-12,1.5221426188197967e-197,4.2649267170401934e-12,8.529853434080387e-12,1.8697438727504206e-08,115200,True,controle a posteriori 7200/2880
0.15,0.7,0.0,10,1e-06,256,2192,3600,1.7820483576642334e-12,169,169,232,700,1,1,0.0,1759,1.4427535256533295e-186,1.7226964014744202e-14,1.991503056024911e-136,1.7226964014744202e-14,3.4453928029488404e-14,1.9333890621603477e-08,43210,True,b=b_min
0.15,0.7,0.0,10,1e-06,256,2192,3600,1.7820483576642334e-12,2880,169,232,5578,1978,7200,20.0,5876,0.0,1.7226964014744202e-14,3.091609212538398e-197,1.7226964014744202e-14,3.4453928029488404e-14,1.9333890621603477e-08,115200,True,controle a posteriori 7200/2880
0.15,0.7,0.0,10,1e-09,1,2192,3600,4.562043795620439e-13,178,178,243,735,1,1,0.0,1747,1.4427535256533295e-186,4.342932104557362e-15,2.710972658944892e-135,4.342932104557362e-15,8.685864209114723e-15,1.9039414346379475e-11,43210,True,b=b_min
0.15,0.7,0.0,10,1e-09,1,2192,3600,4.562043795620439e-13,2880,178,243,5603,2003,7200,20.0,5860,0.0,4.342932104557362e-15,3.705600608981952e-197,4.342932104557362e-15,8.685864209114723e-15,1.9039414346379475e-11,115200,True,controle a posteriori 7200/2880
0.15,0.7,0.0,10,1e-09,256,2192,3600,1.782048357664234e-15,212,212,290,871,1,1,0.0,1697,1.4427535256533295e-186,1.7542044693234032e-17,4.354083971699258e-131,1.7542044693234032e-17,3.5084089386468064e-17,1.9687506927395327e-11,43210,True,b=b_min
0.15,0.7,0.0,10,1e-09,256,2192,3600,1.782048357664234e-15,2880,212,290,5700,2100,7200,20.0,5794,0.0,1.7542044693234032e-17,7.518679720917555e-197,1.7542044693234032e-17,3.5084089386468064e-17,1.9687506927395327e-11,115200,True,controle a posteriori 7200/2880
0.15,0.7,0.0,12,1e-06,1,1827,3000,5.473453749315818e-10,134,134,184,559,1,1,0.0,1474,1.1268872621941535e-155,4.2649267170401934e-12,1.4619819848251423e-114,4.2649267170401934e-12,8.529853434080387e-12,1.5584042224064867e-08,43212,True,b=b_min
0.15,0.7,0.0,12,1e-06,1,1827,3000,5.473453749315818e-10,2880,134,184,5473,2473,7200,24.0,5601,0.0,4.2649267170401934e-12,2.523009155773946e-174,4.2649267170401934e-12,8.529853434080387e-12,1.5584042224064867e-08,129600,True,controle a posteriori 7200/2880
0.15,0.7,0.0,12,1e-06,256,1827,3000,2.1380678708264913e-12,168,168,230,696,1,1,0.0,1424,1.1268872621941535e-155,1.7226964014744202e-14,2.716784151608529e-110,1.7226964014744202e-14,3.4453928029488404e-14,1.611451558652808e-08,43212,True,b=b_min
0.15,0.7,0.0,12,1e-06,256,1827,3000,2.1380678708264913e-12,2880,168,230,5575,2575,7200,24.0,5532,0.0,1.7226964014744202e-14,5.059825777572454e-174,1.7226964014744202e-14,3.4453928029488404e-14,1.611451558652808e-08,129600,True,controle a posteriori 7200/2880
0.15,0.7,0.0,12,1e-09,1,1827,3000,5.473453749315818e-13,176,176,242,729,1,1,0.0,1412,1.1268872621941535e-155,4.342932104557362e-15,2.6058331698424993e-109,4.342932104557362e-15,8.685864209114723e-15,1.58690739100526e-11,43212,True,b=b_min
0.15,0.7,0.0,12,1e-09,1,1827,3000,5.473453749315818e-13,2880,176,242,5600,2600,7200,24.0,5516,0.0,4.342932104557362e-15,6.0105667174684415e-174,4.342932104557362e-15,8.685864209114723e-15,1.58690739100526e-11,129600,True,controle a posteriori 7200/2880
0.15,0.7,0.0,12,1e-09,256,1827,3000,2.1380678708264916e-15,211,211,289,867,1,1,0.0,1364,1.1268872621941535e-155,1.7542044693234032e-17,3.658553846388815e-105,1.7542044693234032e-17,3.5084089386468064e-17,1.640924961512375e-11,43212,True,b=b_min
0.15,0.7,0.0,12,1e-09,256,1827,3000,2.1380678708264916e-15,2880,211,289,5697,2697,7200,24.0,5452,0.0,1.7542044693234032e-17,1.202620994239067e-173,1.7542044693234032e-17,3.5084089386468064e-17,1.640924961512375e-11,129600,True,controle a posteriori 7200/2880
0.15,0.7,1e-06,6,1e-06,1,3653,6000,2.737476047084588e-10,138,138,189,575,1,1,0.0,3175,1.97382485210954e-310,4.265329202351344e-12,3.207267602274503e-247,4.265329202351344e-12,8.530658404702689e-12,3.1162495152378925e-08,43206,True,b=b_min
0.15,0.7,1e-06,6,1e-06,1,3653,6000,2.737476047084588e-10,2880,138,189,5486,1,7200,12.0,7330,0.0,4.265329202351344e-12,1.0897171724936977e-292,4.265329202351344e-12,8.530658404702689e-12,3.1162495152378925e-08,86400,True,controle a posteriori 7200/2880
0.15,0.7,1e-06,6,1e-06,256,3653,6000,1.0693265808924171e-12,172,172,236,711,1,1,0.0,3116,1.97382485210954e-310,1.7228932017751272e-14,2.860658519432124e-242,1.7228932017751272e-14,3.4457864035502545e-14,3.2223891794352844e-08,43206,True,b=b_min
0.15,0.7,1e-06,6,1e-06,256,3653,6000,1.0693265808924171e-12,2880,172,236,5587,1,7200,12.0,7256,0.0,1.7228932017751272e-14,2.3115213025951055e-292,1.7228932017751272e-14,3.4457864035502545e-14,3.2223891794352844e-08,86400,True,controle a posteriori 7200/2880
0.15,0.7,1e-06,6,1e-09,1,3653,6000,2.737476047084588e-13,181,181,248,746,1,1,0.0,3102,1.97382485210954e-310,4.343449812151059e-15,5.304274323405204e-241,4.343449812151059e-15,8.686899624302118e-15,3.1733244327575635e-11,43206,True,b=b_min
0.15,0.7,1e-06,6,1e-09,1,3653,6000,2.737476047084588e-13,2880,181,248,5611,1,7200,12.0,7239,0.0,4.343449812151059e-15,2.80128619876831e-292,4.343449812151059e-15,8.686899624302118e-15,3.1733244327575635e-11,86400,True,controle a posteriori 7200/2880
0.15,0.7,1e-06,6,1e-09,256,3653,6000,1.0693265808924172e-15,215,215,294,883,1,1,0.0,3046,1.97382485210954e-310,1.754448437293234e-17,2.6144795127887818e-236,1.754448437293234e-17,3.508896874586468e-17,3.281408072413278e-11,43206,True,b=b_min
0.15,0.7,1e-06,6,1e-09,256,3653,6000,1.0693265808924172e-15,2880,215,294,5708,1,7200,12.0,7170,0.0,1.754448437293234e-17,5.9346533940995505e-292,1.754448437293234e-17,3.508896874586468e-17,3.281408072413278e-11,86400,True,controle a posteriori 7200/2880
0.15,0.7,1e-06,8,1e-06,1,2740,4500,3.6496350364963504e-10,137,137,187,569,1,1,0.0,2321,4.0022888843461783e-233,4.265329202351344e-12,1.3997355311197742e-180,4.265329202351344e-12,8.530658404702689e-12,2.3374004028885368e-08,43208,True,b=b_min
0.15,0.7,1e-06,8,1e-06,1,2740,4500,3.6496350364963504e-10,2880,137,187,5481,981,7200,16.0,6464,0.0,4.265329202351344e-12,5.74516580393595e-233,4.265329202351344e-12,8.530658404702689e-12,2.3374004028885368e-08,100800,True,controle a posteriori 7200/2880
0.15,0.7,1e-06,8,1e-06,256,2740,4500,1.4256386861313869e-12,171,171,234,706,1,1,0.0,2266,4.0022888843461783e-233,1.7228932017751272e-14,6.2636897363630604e-176,1.7228932017751272e-14,3.4457864035502545e-14,2.4170124149062907e-08,43208,True,b=b_min
0.15,0.7,1e-06,8,1e-06,256,2740,4500,1.4256386861313869e-12,2880,171,234,5582,1082,7200,16.0,6393,0.0,1.7228932017751272e-14,1.1925362972152662e-232,1.7228932017751272e-14,3.4457864035502545e-14,2.4170124149062907e-08,100800,True,controle a posteriori 7200/2880
0.15,0.7,1e-06,8,1e-09,1,2740,4500,3.6496350364963506e-13,179,179,245,739,1,1,0.0,2252,4.0022888843461783e-233,4.343449812151059e-15,7.392520371823761e-175,4.343449812151059e-15,8.686899624302118e-15,2.38021049705878e-11,43208,True,b=b_min
0.15,0.7,1e-06,8,1e-09,1,2740,4500,3.6496350364963506e-13,2880,179,245,5607,1107,7200,16.0,6376,0.0,4.343449812151059e-15,1.4235311946080568e-232,4.343449812151059e-15,8.686899624302118e-15,2.38021049705878e-11,100800,True,controle a posteriori 7200/2880
0.15,0.7,1e-06,8,1e-09,256,2740,4500,1.425638686131387e-15,213,213,292,876,1,1,0.0,2200,4.0022888843461783e-233,1.754448437293234e-17,1.9233221177898366e-170,1.754448437293234e-17,3.508896874586468e-17,2.4612806237099323e-11,43208,True,b=b_min
0.15,0.7,1e-06,8,1e-09,256,2740,4500,1.425638686131387e-15,2880,213,292,5704,1204,7200,16.0,6310,0.0,1.754448437293234e-17,2.947307215560401e-232,1.754448437293234e-17,3.508896874586468e-17,2.4612806237099323e-11,100800,True,controle a posteriori 7200/2880
0.15,0.7,1e-06,10,1e-06,1,2192,3600,4.5620437956204375e-10,135,135,185,563,1,1,0.0,1812,9.694118510380006e-187,4.265329202351344e-12,5.669584881768722e-141,4.265329202351344e-12,8.530658404702689e-12,1.8699203223108292e-08,43210,True,b=b_min
0.15,0.7,1e-06,10,1e-06,1,2192,3600,4.5620437956204375e-10,2880,135,185,5477,1877,7200,20.0,5946,0.0,4.265329202351344e-12,1.1050221587305028e-197,4.265329202351344e-12,8.530658404702689e-12,1.8699203223108292e-08,115200,True,controle a posteriori 7200/2880
0.15,0.7,1e-06,10,1e-06,256,2192,3600,1.7820483576642334e-12,169,169,232,700,1,1,0.0,1759,9.694118510380006e-187,1.7228932017751272e-14,1.5663019513895436e-136,1.7228932017751272e-14,3.4457864035502545e-14,1.9336099319250325e-08,43210,True,b=b_min
0.15,0.7,1e-06,10,1e-06,256,2192,3600,1.7820483576642334e-12,2880,169,232,5578,1978,7200,20.0,5876,0.0,1.7228932017751272e-14,2.2460514273103964e-197,1.7228932017751272e-14,3.4457864035502545e-14,1.9336099319250325e-08,115200,True,controle a posteriori 7200/2880
0.15,0.7,1e-06,10,1e-09,1,2192,3600,4.562043795620439e-13,178,178,243,734,1,1,0.0,1747,9.694118510380006e-187,4.343449812151059e-15,2.1381827030711147e-135,4.343449812151059e-15,8.686899624302118e-15,1.9041683976470242e-11,43210,True,b=b_min
0.15,0.7,1e-06,10,1e-09,1,2192,3600,4.562043795620439e-13,2880,178,243,5603,2003,7200,20.0,5860,0.0,4.343449812151059e-15,2.685480842550342e-197,4.343449812151059e-15,8.686899624302118e-15,1.9041683976470242e-11,115200,True,controle a posteriori 7200/2880
0.15,0.7,1e-06,10,1e-09,256,2192,3600,1.782048357664234e-15,212,212,290,871,1,1,0.0,1697,9.694118510380006e-187,1.754448437293234e-17,3.426464215453524e-131,1.754448437293234e-17,3.508896874586468e-17,1.969024498967946e-11,43210,True,b=b_min
0.15,0.7,1e-06,10,1e-09,256,2192,3600,1.782048357664234e-15,2880,212,290,5700,2100,7200,20.0,5794,0.0,1.754448437293234e-17,5.452979242158002e-197,1.754448437293234e-17,3.508896874586468e-17,1.969024498967946e-11,115200,True,controle a posteriori 7200/2880
0.15,0.7,1e-06,12,1e-06,1,1827,3000,5.473453749315818e-10,134,134,184,559,1,1,0.0,1474,8.115368644101997e-156,4.265329202351344e-12,1.1865076061130229e-114,4.265329202351344e-12,8.530658404702689e-12,1.558551290539181e-08,43212,True,b=b_min
0.15,0.7,1e-06,12,1e-06,1,1827,3000,5.473453749315818e-10,2880,134,184,5473,2473,7200,24.0,5601,0.0,4.265329202351344e-12,1.9140148647950634e-174,4.265329202351344e-12,8.530658404702689e-12,1.558551290539181e-08,129600,True,controle a posteriori 7200/2880
0.15,0.7,1e-06,12,1e-06,256,1827,3000,2.1380678708264913e-12,168,168,230,696,1,1,0.0,1424,8.115368644101997e-156,1.7228932017751272e-14,2.222192715956737e-110,1.7228932017751272e-14,3.4457864035502545e-14,1.6116356503772966e-08,43212,True,b=b_min
0.15,0.7,1e-06,12,1e-06,256,1827,3000,2.1380678708264913e-12,2880,168,230,5575,2575,7200,24.0,5532,0.0,1.7228932017751272e-14,3.8450464534825094e-174,1.7228932017751272e-14,3.4457864035502545e-14,1.6116356503772966e-08,129600,True,controle a posteriori 7200/2880
0.15,0.7,1e-06,12,1e-09,1,1827,3000,5.473453749315818e-13,176,176,242,729,1,1,0.0,1412,8.115368644101997e-156,4.343449812151059e-15,2.1355756457678557e-109,4.343449812151059e-15,8.686899624302118e-15,1.5870965613599968e-11,43212,True,b=b_min
0.15,0.7,1e-06,12,1e-09,1,1827,3000,5.473453749315818e-13,2880,176,242,5600,2600,7200,24.0,5516,0.0,4.343449812151059e-15,4.551270691523852e-174,4.343449812151059e-15,8.686899624302118e-15,1.5870965613599968e-11,129600,True,controle a posteriori 7200/2880
0.15,0.7,1e-06,12,1e-09,256,1827,3000,2.1380678708264916e-15,211,211,289,867,1,1,0.0,1364,8.115368644101997e-156,1.754448437293234e-17,3.0627336199936593e-105,1.754448437293234e-17,3.508896874586468e-17,1.6411531750065863e-11,43212,True,b=b_min
0.15,0.7,1e-06,12,1e-09,256,1827,3000,2.1380678708264916e-15,2880,211,289,5697,2697,7200,24.0,5452,0.0,1.754448437293234e-17,9.122948650885176e-174,1.754448437293234e-17,3.508896874586468e-17,1.6411531750065863e-11,129600,True,controle a posteriori 7200/2880
0.15,0.7,0.0001,6,1e-06,1,3653,6000,2.737476047084588e-10,138,138,190,575,1,1,0.0,3174,3.1859171627106e-310,4.305357880082489e-12,4.5864529702660614e-247,4.305357880082489e-12,8.610715760164978e-12,3.145494467188266e-08,43206,True,b=b_min
0.15,0.7,0.0001,6,1e-06,1,3653,6000,2.737476047084588e-10,2880,138,190,5486,1,7200,12.0,7329,0.0,4.305357880082489e-12,1.693712595297269e-292,4.305357880082489e-12,8.610715760164978e-12,3.145494467188266e-08,86400,True,controle a posteriori 7200/2880
0.15,0.7,0.0001,6,1e-06,256,3653,6000,1.0693265808924171e-12,172,172,236,712,1,1,0.0,3115,3.1859171627106e-310,1.7424852137073834e-14,4.059550215785799e-242,1.7424852137073834e-14,3.484970427414767e-14,3.259032824664613e-08,43206,True,b=b_min
0.15,0.7,0.0001,6,1e-06,256,3653,6000,1.0693265808924171e-12,2880,172,236,5588,1,7200,12.0,7256,0.0,1.7424852137073834e-14,3.583802882872381e-292,1.7424852137073834e-14,3.484970427414767e-14,3.259032824664613e-08,86400,True,controle a posteriori 7200/2880
0.15,0.7,0.0001,6,1e-09,1,3653,6000,2.737476047084588e-13,181,181,248,747,1,1,0.0,3101,3.1859171627106e-310,4.395001851888097e-15,7.418387535052161e-241,4.395001851888097e-15,8.790003703776194e-15,3.2109883529894437e-11,43206,True,b=b_min
0.15,0.7,0.0001,6,1e-09,1,3653,6000,2.737476047084588e-13,2880,181,248,5612,1,7200,12.0,7238,0.0,4.395001851888097e-15,4.35282942903884e-292,4.395001851888097e-15,8.790003703776194e-15,3.2109883529894437e-11,86400,True,controle a posteriori 7200/2880
0.15,0.7,0.0001,6,1e-09,256,3653,6000,1.0693265808924172e-15,215,215,295,883,1,1,0.0,3045,3.1859171627106e-310,1.77876635449057e-17,3.632333628072891e-236,1.77876635449057e-17,3.55753270898114e-17,3.3268907483924744e-11,43206,True,b=b_min
0.15,0.7,0.0001,6,1e-09,256,3653,6000,1.0693265808924172e-15,2880,215,295,5709,1,7200,12.0,7170,0.0,1.77876635449057e-17,9.199414115577131e-292,1.77876635449057e-17,3.55753270898114e-17,3.3268907483924744e-11,86400,True,controle a posteriori 7200/2880
0.15,0.7,0.0001,8,1e-06,1,2740,4500,3.6496350364963504e-10,137,137,187,569,1,1,0.0,2320,5.731666514308801e-233,4.305357880082489e-12,1.817486542722789e-180,4.305357880082489e-12,8.610715760164978e-12,2.359336118285204e-08,43208,True,b=b_min
0.15,0.7,0.0001,8,1e-06,1,2740,4500,3.6496350364963504e-10,2880,137,187,5481,981,7200,16.0,6463,0.0,4.305357880082489e-12,8.191711012525526e-233,4.305357880082489e-12,8.610715760164978e-12,2.359336118285204e-08,100800,True,controle a posteriori 7200/2880
0.15,0.7,0.0001,8,1e-06,256,2740,4500,1.4256386861313869e-12,171,171,234,706,1,1,0.0,2265,5.731666514308801e-233,1.7424852137073834e-14,8.053640256710905e-176,1.7424852137073834e-14,3.484970427414767e-14,2.444497656605814e-08,43208,True,b=b_min
0.15,0.7,0.0001,8,1e-06,256,2740,4500,1.4256386861313869e-12,2880,171,234,5583,1083,7200,16.0,6392,0.0,1.7424852137073834e-14,1.6991778300277098e-232,1.7424852137073834e-14,3.484970427414767e-14,2.444497656605814e-08,100800,True,controle a posteriori 7200/2880
0.15,0.7,0.0001,8,1e-09,1,2740,4500,3.6496350364963506e-13,179,179,245,739,1,1,0.0,2252,5.731666514308801e-233,4.395001851888097e-15,9.521496624384863e-175,4.395001851888097e-15,8.790003703776194e-15,2.4084610148346773e-11,43208,True,b=b_min
0.15,0.7,0.0001,8,1e-09,1,2740,4500,3.6496350364963506e-13,2880,179,245,5607,1107,7200,16.0,6375,0.0,4.395001851888097e-15,2.0302714710114217e-232,4.395001851888097e-15,8.790003703776194e-15,2.4084610148346773e-11,100800,True,controle a posteriori 7200/2880
0.15,0.7,0.0001,8,1e-09,256,2740,4500,1.425638686131387e-15,213,213,292,876,1,1,0.0,2200,5.731666514308801e-233,1.77876635449057e-17,2.4398389685066026e-170,1.77876635449057e-17,3.55753270898114e-17,2.4953957433877307e-11,43208,True,b=b_min
0.15,0.7,0.0001,8,1e-09,256,2740,4500,1.425638686131387e-15,2880,213,292,5704,1204,7200,16.0,6309,0.0,1.77876635449057e-17,4.200682995173472e-232,1.77876635449057e-17,3.55753270898114e-17,2.4953957433877307e-11,100800,True,controle a posteriori 7200/2880
0.15,0.7,0.0001,10,1e-06,1,2192,3600,4.5620437956204375e-10,135,135,185,563,1,1,0.0,1811,1.2921376306690392e-186,4.305357880082489e-12,6.910311765900211e-141,4.305357880082489e-12,8.610715760164978e-12,1.8874688946281632e-08,43210,True,b=b_min
0.15,0.7,0.0001,10,1e-06,1,2192,3600,4.5620437956204375e-10,2880,135,185,5477,1877,7200,20.0,5945,0.0,4.305357880082489e-12,1.5010645659455566e-197,4.305357880082489e-12,8.610715760164978e-12,1.8874688946281632e-08,115200,True,controle a posteriori 7200/2880
0.15,0.7,0.0001,10,1e-06,256,2192,3600,1.7820483576642334e-12,169,169,232,700,1,1,0.0,1759,1.2921376306690392e-186,1.7424852137073834e-14,1.8952174709572676e-136,1.7424852137073834e-14,3.484970427414767e-14,1.9555981252846512e-08,43210,True,b=b_min
0.15,0.7,0.0001,10,1e-06,256,2192,3600,1.7820483576642334e-12,2880,169,232,5579,1979,7200,20.0,5875,0.0,1.7424852137073834e-14,3.0498500586721056e-197,1.7424852137073834e-14,3.484970427414767e-14,1.9555981252846512e-08,115200,True,controle a posteriori 7200/2880
0.15,0.7,0.0001,10,1e-09,1,2192,3600,4.562043795620439e-13,178,178,244,735,1,1,0.0,1747,1.2921376306690392e-186,4.395001851888097e-15,2.5830314245151836e-135,4.395001851888097e-15,8.790003703776194e-15,1.9267688118677417e-11,43210,True,b=b_min
0.15,0.7,0.0001,10,1e-09,1,2192,3600,4.562043795620439e-13,2880,178,244,5604,2004,7200,20.0,5859,0.0,4.395001851888097e-15,3.646099128826085e-197,4.395001851888097e-15,8.790003703776194e-15,1.9267688118677417e-11,115200,True,controle a posteriori 7200/2880
0.15,0.7,0.0001,10,1e-09,256,2192,3600,1.782048357664234e-15,212,212,290,872,1,1,0.0,1697,1.2921376306690392e-186,1.77876635449057e-17,4.1363996204074567e-131,1.77876635449057e-17,3.55753270898114e-17,1.9963165947101845e-11,43210,True,b=b_min
0.15,0.7,0.0001,10,1e-09,256,2192,3600,1.782048357664234e-15,2880,212,290,5701,2101,7200,20.0,5794,0.0,1.77876635449057e-17,7.400778841775731e-197,1.77876635449057e-17,3.55753270898114e-17,1.9963165947101845e-11,115200,True,controle a posteriori 7200/2880
0.15,0.7,0.0001,12,1e-06,1,1827,3000,5.473453749315818e-10,134,134,184,559,1,1,0.0,1474,1.031163063991912e-155,4.305357880082489e-12,1.3984820467085533e-114,4.305357880082489e-12,8.610715760164978e-12,1.5731777693821416e-08,43212,True,b=b_min
0.15,0.7,0.0001,12,1e-06,1,1827,3000,5.473453749315818e-10,2880,134,184,5474,2474,7200,24.0,5600,0.0,4.305357880082489e-12,2.516202305751925e-174,4.305357880082489e-12,8.610715760164978e-12,1.5731777693821416e-08,129600,True,controle a posteriori 7200/2880
0.15,0.7,0.0001,12,1e-06,256,1827,3000,2.1380678708264913e-12,168,168,231,696,1,1,0.0,1424,1.031163063991912e-155,1.7424852137073834e-14,2.607459731320787e-110,1.7424852137073834e-14,3.484970427414767e-14,1.6299624885470154e-08,43212,True,b=b_min
0.15,0.7,0.0001,12,1e-06,256,1827,3000,2.1380678708264913e-12,2880,168,231,5576,2576,7200,24.0,5532,0.0,1.7424852137073834e-14,5.052003808226534e-174,1.7424852137073834e-14,3.484970427414767e-14,1.6299624885470154e-08,129600,True,controle a posteriori 7200/2880
0.15,0.7,0.0001,12,1e-09,1,1827,3000,5.473453749315818e-13,177,177,242,731,1,1,0.0,1412,1.031163063991912e-155,4.395001851888097e-15,3.205440498250571e-109,4.395001851888097e-15,8.790003703776194e-15,1.6059336766799105e-11,43212,True,b=b_min
0.15,0.7,0.0001,12,1e-09,1,1827,3000,5.473453749315818e-13,2880,177,242,5600,2600,7200,24.0,5515,0.0,4.395001851888097e-15,5.982531817601623e-174,4.395001851888097e-15,8.790003703776194e-15,1.6059336766799105e-11,129600,True,controle a posteriori 7200/2880
0.15,0.7,0.0001,12,1e-09,256,1827,3000,2.1380678708264916e-15,211,211,289,868,1,1,0.0,1364,1.031163063991912e-155,1.77876635449057e-17,3.549923606124826e-105,1.77876635449057e-17,3.55753270898114e-17,1.663900738382987e-11,43212,True,b=b_min
0.15,0.7,0.0001,12,1e-09,256,1827,3000,2.1380678708264916e-15,2880,211,289,5698,2698,7200,24.0,5451,0.0,1.77876635449057e-17,1.1985174921702207e-173,1.77876635449057e-17,3.55753270898114e-17,1.663900738382987e-11,129600,True,controle a posteriori 7200/2880
0.15,0.7,0.001,6,1e-06,1,3653,6000,2.737476047084588e-10,139,139,191,579,1,1,0.0,3170,6.132667124480671e-308,4.686340910462227e-12,2.79104667011325e-245,4.686340910462227e-12,9.372681820924454e-12,3.423840669183703e-08,43206,True,b=b_min
0.15,0.7,0.001,6,1e-06,1,3653,6000,2.737476047084588e-10,2880,139,191,5493,1,7200,12.0,7321,0.0,4.686340910462227e-12,1.7763929934275023e-290,4.686340910462227e-12,9.372681820924454e-12,3.423840669183703e-08,86400,True,controle a posteriori 7200/2880
0.15,0.7,0.001,6,1e-06,256,3653,6000,1.0693265808924171e-12,174,174,238,718,1,1,0.0,3111,6.132667124480671e-308,1.9308399404676566e-14,3.016002445127998e-240,1.9308399404676566e-14,3.861679880935313e-14,3.611319450894515e-08,43206,True,b=b_min
0.15,0.7,0.001,6,1e-06,256,3653,6000,1.0693265808924171e-12,2880,174,238,5595,1,7200,12.0,7248,0.0,1.9308399404676566e-14,3.7567614446414395e-290,1.9308399404676566e-14,3.861679880935313e-14,3.611319450894515e-08,86400,True,controle a posteriori 7200/2880
0.15,0.7,0.001,6,1e-09,1,3653,6000,2.737476047084588e-13,182,182,249,751,1,1,0.0,3097,6.132667124480671e-308,4.891863978848206e-15,4.065305295125707e-239,4.891863978848206e-15,9.783727957696412e-15,3.5739958229464993e-11,43206,True,b=b_min
0.15,0.7,0.001,6,1e-09,1,3653,6000,2.737476047084588e-13,2880,182,249,5619,1,7200,12.0,7230,0.0,4.891863978848206e-15,4.5356307601580525e-290,4.891863978848206e-15,9.783727957696412e-15,3.5739958229464993e-11,86400,True,controle a posteriori 7200/2880
0.15,0.7,0.001,6,1e-09,256,3653,6000,1.0693265808924172e-15,216,216,297,888,1,1,0.0,3041,6.132667124480671e-308,2.015518404264686e-17,1.8299529548370572e-234,2.015518404264686e-17,4.031036808529372e-17,3.7696966301587954e-11,43206,True,b=b_min
0.15,0.7,0.001,6,1e-09,256,3653,6000,1.0693265808924172e-15,2880,216,297,5717,1,7200,12.0,7161,0.0,2.015518404264686e-17,9.581197941802172e-290,2.015518404264686e-17,4.031036808529372e-17,3.7696966301587954e-11,86400,True,controle a posteriori 7200/2880
0.15,0.7,0.001,8,1e-06,1,2740,4500,3.6496350364963504e-10,137,137,188,571,1,1,0.0,2317,2.9452868687494496e-231,4.686340910462227e-12,2.9055924536358744e-179,4.686340910462227e-12,9.372681820924454e-12,2.5681148189333004e-08,43208,True,b=b_min
0.15,0.7,0.001,8,1e-06,1,2740,4500,3.6496350364963504e-10,2880,137,188,5488,988,7200,16.0,6456,0.0,4.686340910462227e-12,3.496594912855627e-231,4.686340910462227e-12,9.372681820924454e-12,2.5681148189333004e-08,100800,True,controle a posteriori 7200/2880
0.15,0.7,0.001,8,1e-06,256,2740,4500,1.4256386861313869e-12,172,172,235,710,1,1,0.0,2262,2.9452868687494496e-231,1.9308399404676566e-14,1.5854769312760132e-174,1.9308399404676566e-14,3.861679880935313e-14,2.708736735683266e-08,43208,True,b=b_min
0.15,0.7,0.001,8,1e-06,256,2740,4500,1.4256386861313869e-12,2880,172,235,5590,1090,7200,16.0,6385,0.0,1.9308399404676566e-14,7.188799085674548e-231,1.9308399404676566e-14,3.861679880935313e-14,2.708736735683266e-08,100800,True,controle a posteriori 7200/2880
0.15,0.7,0.001,8,1e-09,1,2740,4500,3.6496350364963506e-13,180,180,247,744,1,1,0.0,2249,2.9452868687494496e-231,4.891863978848206e-15,1.8408420278207904e-173,4.891863978848206e-15,9.783727957696412e-15,2.6807414604088168e-11,43208,True,b=b_min
0.15,0.7,0.001,8,1e-09,1,2740,4500,3.6496350364963506e-13,2880,180,247,5614,1114,7200,16.0,6368,0.0,4.891863978848206e-15,8.58997382535469e-231,4.891863978848206e-15,9.783727957696412e-15,2.6807414604088168e-11,100800,True,controle a posteriori 7200/2880
0.15,0.7,0.001,8,1e-09,256,2740,4500,1.425638686131387e-15,215,215,294,883,1,1,0.0,2196,2.9452868687494496e-231,2.015518404264686e-17,5.660187247705985e-169,2.015518404264686e-17,4.031036808529372e-17,2.8275304589748426e-11,43208,True,b=b_min
0.15,0.7,0.001,8,1e-09,256,2740,4500,1.425638686131387e-15,2880,215,294,5712,1212,7200,16.0,6301,0.0,2.015518404264686e-17,1.7718727627750084e-230,2.015518404264686e-17,4.031036808529372e-17,2.8275304589748426e-11,100800,True,controle a posteriori 7200/2880
0.15,0.7,0.001,10,1e-06,1,2192,3600,4.5620437956204375e-10,136,136,186,567,1,1,0.0,1809,3.006176853021311e-185,4.686340910462227e-12,7.985346654839698e-140,4.686340910462227e-12,9.372681820924454e-12,2.0544918551466402e-08,43210,True,b=b_min
0.15,0.7,0.001,10,1e-06,1,2192,3600,4.5620437956204375e-10,2880,136,186,5484,1884,7200,20.0,5938,0.0,4.686340910462227e-12,3.749828075627747e-196,4.686340910462227e-12,9.372681820924454e-12,2.0544918551466402e-08,115200,True,controle a posteriori 7200/2880
0.15,0.7,0.001,10,1e-06,256,2192,3600,1.7820483576642334e-12,170,170,233,704,1,1,0.0,1756,3.006176853021311e-185,1.9308399404676566e-14,2.0114201138415597e-135,1.9308399404676566e-14,3.861679880935313e-14,2.1669893885466128e-08,43210,True,b=b_min
0.15,0.7,0.001,10,1e-06,256,2192,3600,1.7820483576642334e-12,2880,170,233,5586,1986,7200,20.0,5869,0.0,1.9308399404676566e-14,7.586632157566848e-196,1.9308399404676566e-14,3.861679880935313e-14,2.1669893885466128e-08,115200,True,controle a posteriori 7200/2880
0.15,0.7,0.001,10,1e-09,1,2192,3600,4.562043795620439e-13,179,179,245,739,1,1,0.0,1744,3.006176853021311e-185,4.891863978848206e-15,2.6852344946291854e-134,4.891863978848206e-15,9.783727957696412e-15,2.1445931683270535e-11,43210,True,b=b_min
0.15,0.7,0.001,10,1e-09,1,2192,3600,4.562043795620439e-13,2880,179,245,5610,2010,7200,20.0,5852,0.0,4.891863978848206e-15,9.021454543575956e-196,4.891863978848206e-15,9.783727957696412e-15,2.1445931683270535e-11,115200,True,controle a posteriori 7200/2880
0.15,0.7,0.001,10,1e-09,256,2192,3600,1.782048357664234e-15,213,213,292,876,1,1,0.0,1694,3.006176853021311e-185,2.015518404264686e-17,3.972455180925626e-130,2.015518404264686e-17,4.031036808529372e-17,2.262024367179874e-11,43210,True,b=b_min
0.15,0.7,0.001,10,1e-09,256,2192,3600,1.782048357664234e-15,2880,213,292,5708,2108,7200,20.0,5787,0.0,2.015518404264686e-17,1.823801948077317e-195,2.015518404264686e-17,4.031036808529372e-17,2.262024367179874e-11,115200,True,controle a posteriori 7200/2880
0.15,0.7,0.001,12,1e-06,1,1827,3000,5.473453749315818e-10,135,135,185,563,1,1,0.0,1472,1.4145093094324e-154,4.686340910462227e-12,1.06336948668453e-113,4.686340910462227e-12,9.372681820924454e-12,1.7123889686828976e-08,43212,True,b=b_min
0.15,0.7,0.001,12,1e-06,1,1827,3000,5.473453749315818e-10,2880,135,185,5480,2480,7200,24.0,5594,0.0,4.686340910462227e-12,4.4059091608362786e-173,4.686340910462227e-12,9.372681820924454e-12,1.7123889686828976e-08,129600,True,controle a posteriori 7200/2880
0.15,0.7,0.001,12,1e-06,256,1827,3000,2.1380678708264913e-12,169,169,232,700,1,1,0.0,1421,1.4145093094324e-154,1.9308399404676566e-14,1.8170086099737936e-109,1.9308399404676566e-14,3.861679880935313e-14,1.8061540204720173e-08,43212,True,b=b_min
0.15,0.7,0.001,12,1e-06,256,1827,3000,2.1380678708264913e-12,2880,169,232,5583,2583,7200,24.0,5525,0.0,1.9308399404676566e-14,8.799297086752067e-173,1.9308399404676566e-14,3.861679880935313e-14,1.8061540204720173e-08,129600,True,controle a posteriori 7200/2880
0.15,0.7,0.001,12,1e-09,1,1827,3000,5.473453749315818e-13,178,178,244,735,1,1,0.0,1409,1.4145093094324e-154,4.891863978848206e-15,2.20926988627593e-108,4.891863978848206e-15,9.783727957696412e-15,1.7874870978711346e-11,43212,True,b=b_min
0.15,0.7,0.001,12,1e-09,1,1827,3000,5.473453749315818e-13,2880,178,244,5607,2607,7200,24.0,5509,0.0,4.891863978848206e-15,1.0445007003053886e-172,4.891863978848206e-15,9.783727957696412e-15,1.7874870978711346e-11,129600,True,controle a posteriori 7200/2880
0.15,0.7,0.001,12,1e-09,256,1827,3000,2.1380678708264916e-15,212,212,291,872,1,1,0.0,1361,1.4145093094324e-154,2.015518404264686e-17,2.259028028656159e-104,2.015518404264686e-17,4.031036808529372e-17,1.8853642877908895e-11,43212,True,b=b_min
0.15,0.7,0.001,12,1e-09,256,1827,3000,2.1380678708264916e-15,2880,212,291,5705,2705,7200,24.0,5444,0.0,2.015518404264686e-17,2.08134807208991e-172,2.015518404264686e-17,4.031036808529372e-17,1.8853642877908895e-11,129600,True,controle a posteriori 7200/2880
0.15,0.7,0.01,6,1e-06,1,3653,6000,2.737476047084588e-10,148,148,203,616,1,1,0.0,3130,9.358917936050739e-290,2.8619653758134933e-12,1.1559491860391328e-230,2.8619653758134933e-12,5.7239307516269866e-12,2.090951903569338e-08,43206,True,b=b_min
0.15,0.7,0.01,6,1e-06,1,3653,6000,2.737476047084588e-10,2880,148,203,5559,1,7200,12.0,7242,0.0,2.8619653758134933e-12,1.1838658434811765e-273,2.8619653758134933e-12,5.7239307516269866e-12,2.090951903569338e-08,86400,True,controle a posteriori 7200/2880
0.15,0.7,0.01,6,1e-06,256,3653,6000,1.0693265808924171e-12,185,185,253,763,1,1,0.0,3069,9.358917936050739e-290,1.4060386222377282e-14,1.0193533318256483e-225,1.4060386222377282e-14,2.8120772444754563e-14,2.6297646525616235e-08,43206,True,b=b_min
0.15,0.7,0.01,6,1e-06,256,3653,6000,1.0693265808924171e-12,2880,185,253,5665,1,7200,12.0,7167,0.0,1.4060386222377282e-14,2.417329123973205e-273,1.4060386222377282e-14,2.8120772444754563e-14,2.6297646525616235e-08,86400,True,controle a posteriori 7200/2880
0.15,0.7,0.01,6,1e-09,1,3653,6000,2.737476047084588e-13,194,194,265,799,1,1,0.0,3055,9.358917936050739e-290,3.722463681147164e-15,1.5183360788864854e-224,3.722463681147164e-15,7.444927362294328e-15,2.7196319654461183e-11,43206,True,b=b_min
0.15,0.7,0.01,6,1e-09,1,3653,6000,2.737476047084588e-13,2880,194,265,5690,1,7200,12.0,7149,0.0,3.722463681147164e-15,2.8873191597886644e-273,3.722463681147164e-15,7.444927362294328e-15,2.7196319654461183e-11,86400,True,controle a posteriori 7200/2880
0.15,0.7,0.01,6,1e-09,256,3653,6000,1.0693265808924172e-15,231,231,315,947,1,1,0.0,2997,9.358917936050739e-290,1.8287879195891508e-17,7.462928328730068e-220,1.8287879195891508e-17,3.6575758391783015e-17,3.420447882372694e-11,43206,True,b=b_min
0.15,0.7,0.01,6,1e-09,256,3653,6000,1.0693265808924172e-15,2880,231,315,5791,1,7200,12.0,7079,0.0,1.8287879195891508e-17,5.887284051594154e-273,1.8287879195891508e-17,3.6575758391783015e-17,3.420447882372694e-11,86400,True,controle a posteriori 7200/2880
0.15,0.7,0.01,8,1e-06,1,2740,4500,3.6496350364963504e-10,146,146,200,609,1,1,0.0,2285,1.2893664796145336e-217,2.8619653758134933e-12,2.6493556855983335e-168,2.8619653758134933e-12,5.7239307516269866e-12,1.5683570259457943e-08,43208,True,b=b_min
0.15,0.7,0.01,8,1e-06,1,2740,4500,3.6496350364963504e-10,2880,146,200,5554,1054,7200,16.0,6385,0.0,2.8619653758134933e-12,1.5190670982010655e-217,2.8619653758134933e-12,5.7239307516269866e-12,1.5683570259457943e-08,100800,True,controle a posteriori 7200/2880
0.15,0.7,0.01,8,1e-06,256,2740,4500,1.4256386861313869e-12,183,183,250,756,1,1,0.0,2229,1.2893664796145336e-217,1.4060386222377282e-14,1.1965417302505858e-163,1.4060386222377282e-14,2.8120772444754563e-14,1.972503462364864e-08,43208,True,b=b_min
0.15,0.7,0.01,8,1e-06,256,2740,4500,1.4256386861313869e-12,2880,183,250,5660,1160,7200,16.0,6312,0.0,1.4060386222377282e-14,3.0182728096109183e-217,1.4060386222377282e-14,2.8120772444754563e-14,1.972503462364864e-08,100800,True,controle a posteriori 7200/2880
0.15,0.7,0.01,8,1e-09,1,2740,4500,3.6496350364963506e-13,192,192,263,792,1,1,0.0,2215,1.2893664796145336e-217,3.722463681147164e-15,1.514883978831065e-162,3.722463681147164e-15,7.444927362294328e-15,2.039910097268646e-11,43208,True,b=b_min
0.15,0.7,0.01,8,1e-09,1,2740,4500,3.6496350364963506e-13,2880,192,263,5685,1185,7200,16.0,6295,0.0,3.722463681147164e-15,3.6011102291860922e-217,3.722463681147164e-15,7.444927362294328e-15,2.039910097268646e-11,100800,True,controle a posteriori 7200/2880
0.15,0.7,0.01,8,1e-09,256,2740,4500,1.425638686131387e-15,229,229,313,939,1,1,0.0,2161,1.2893664796145336e-217,1.8287879195891508e-17,3.922269879142946e-158,1.8287879195891508e-17,3.6575758391783015e-17,2.5655699966332277e-11,43208,True,b=b_min
0.15,0.7,0.01,8,1e-09,256,2740,4500,1.425638686131387e-15,2880,229,313,5786,1286,7200,16.0,6227,0.0,1.8287879195891508e-17,7.139071768544602e-217,1.8287879195891508e-17,3.6575758391783015e-17,2.5655699966332277e-11,100800,True,controle a posteriori 7200/2880
0.15,0.7,0.01,10,1e-06,1,2192,3600,4.5620437956204375e-10,145,145,198,602,1,1,0.0,1782,2.476662436016315e-174,1.0810135970650453e-11,3.564411917714224e-131,1.0810135970650453e-11,2.1620271941300906e-11,4.739163609533159e-08,43210,True,b=b_min
0.15,0.7,0.01,10,1e-06,1,2192,3600,4.5620437956204375e-10,2880,145,198,5549,1949,7200,20.0,5873,0.0,1.0810135970650453e-11,1.8266526765581383e-184,1.0810135970650453e-11,2.1620271941300906e-11,4.739163609533159e-08,115200,True,controle a posteriori 7200/2880
0.15,0.7,0.01,10,1e-06,256,2192,3600,1.7820483576642334e-12,182,182,248,751,1,1,0.0,1728,2.476662436016315e-174,1.4060386222377282e-14,1.2593260178566204e-126,1.4060386222377282e-14,2.8120772444754563e-14,1.578002769891891e-08,43210,True,b=b_min
0.15,0.7,0.01,10,1e-06,256,2192,3600,1.7820483576642334e-12,2880,182,248,5656,2056,7200,20.0,5801,0.0,1.4060386222377282e-14,4.2052858951123115e-184,1.4060386222377282e-14,2.8120772444754563e-14,1.578002769891891e-08,115200,True,controle a posteriori 7200/2880
0.15,0.7,0.01,10,1e-09,1,2192,3600,4.562043795620439e-13,191,191,261,787,1,1,0.0,1715,2.476662436016315e-174,3.722463681147164e-15,1.4187378971586978e-125,3.722463681147164e-15,7.444927362294328e-15,1.6319280778149168e-11,43210,True,b=b_min
0.15,0.7,0.01,10,1e-09,1,2192,3600,4.562043795620439e-13,2880,191,261,5681,2081,7200,20.0,5784,0.0,3.722463681147164e-15,4.99352518937217e-184,3.722463681147164e-15,7.444927362294328e-15,1.6319280778149168e-11,115200,True,controle a posteriori 7200/2880
0.15,0.7,0.01,10,1e-09,256,2192,3600,1.782048357664234e-15,227,227,311,932,1,1,0.0,1664,2.476662436016315e-174,1.8287879195891508e-17,1.835706964843451e-121,1.8287879195891508e-17,3.6575758391783015e-17,2.0524559973065823e-11,43210,True,b=b_min
0.15,0.7,0.01,10,1e-09,256,2192,3600,1.782048357664234e-15,2880,227,311,5783,2183,7200,20.0,5717,0.0,1.8287879195891508e-17,9.749494459939145e-184,1.8287879195891508e-17,3.6575758391783015e-17,2.0524559973065823e-11,115200,True,controle a posteriori 7200/2880
0.15,0.7,0.01,12,1e-06,1,1827,3000,5.473453749315818e-10,144,144,197,598,1,1,0.0,1449,1.77634415657138e-145,1.0810135970650453e-11,1.6660760381199466e-106,1.0810135970650453e-11,2.1620271941300906e-11,3.9500236836756756e-08,43212,True,b=b_min
0.15,0.7,0.01,12,1e-06,1,1827,3000,5.473453749315818e-10,2880,144,197,5545,2545,7200,24.0,5532,0.0,1.0810135970650453e-11,1.2466660294920683e-162,1.0810135970650453e-11,2.1620271941300906e-11,3.9500236836756756e-08,129600,True,controle a posteriori 7200/2880
0.15,0.7,0.01,12,1e-06,256,1827,3000,2.1380678708264913e-12,180,180,247,743,1,1,0.0,1397,1.77634415657138e-145,5.3108499546594015e-14,2.4773172569954593e-102,5.3108499546594015e-14,1.0621699909318803e-13,4.967896507987316e-08,43212,True,b=b_min
0.15,0.7,0.01,12,1e-06,256,1827,3000,2.1380678708264913e-12,2880,180,247,5651,2651,7200,24.0,5461,0.0,5.3108499546594015e-14,2.4031766282749113e-162,5.3108499546594015e-14,1.0621699909318803e-13,4.967896507987316e-08,129600,True,controle a posteriori 7200/2880
0.15,0.7,0.01,12,1e-09,1,1827,3000,5.473453749315818e-13,189,189,259,781,1,1,0.0,1384,1.77634415657138e-145,3.722463681147164e-15,3.2460235267140745e-101,3.722463681147164e-15,7.444927362294328e-15,1.3601882290911739e-11,43212,True,b=b_min
0.15,0.7,0.01,12,1e-09,1,1827,3000,5.473453749315818e-13,2880,189,259,5678,2678,7200,24.0,5444,0.0,3.722463681147164e-15,3.336384525835095e-162,3.722463681147164e-15,7.444927362294328e-15,1.3601882290911739e-11,129600,True,controle a posteriori 7200/2880
0.15,0.7,0.01,12,1e-09,256,1827,3000,2.1380678708264916e-15,226,226,309,928,1,1,0.0,1334,1.77634415657138e-145,1.8287879195891508e-17,3.663011087288136e-97,1.8287879195891508e-17,3.6575758391783015e-17,1.7106921108937618e-11,43212,True,b=b_min
0.15,0.7,0.01,12,1e-09,256,1827,3000,2.1380678708264916e-15,2880,226,309,5780,2780,7200,24.0,5378,0.0,1.8287879195891508e-17,6.429954069266349e-162,1.8287879195891508e-17,3.6575758391783015e-17,1.7106921108937618e-11,129600,True,controle a posteriori 7200/2880
0.15,1.0,0.0,6,1e-06,1,3653,6000,2.737476047084588e-10,89,89,89,255,1,1,0.0,4818,0.0,5.01285335598158e-12,0.0,5.01285335598158e-12,1.002570671196316e-11,3.662390661880142e-08,43206,True,b=b_min
0.15,1.0,0.0,6,1e-06,1,3653,6000,2.737476047084588e-10,2880,89,89,3672,1,7200,12.0,10846,0.0,5.01285335598158e-12,0.0,5.01285335598158e-12,1.002570671196316e-11,3.662390661880142e-08,86400,True,controle a posteriori 7200/2880
0.15,1.0,0.0,6,1e-06,256,3653,6000,1.0693265808924171e-12,111,111,111,317,1,1,0.0,4774,0.0,4.861545262083884e-15,0.0,4.861545262083884e-15,9.723090524167767e-15,9.092723119304923e-09,43206,True,b=b_min
0.15,1.0,0.0,6,1e-06,256,3653,6000,1.0693265808924171e-12,2880,111,111,3720,1,7200,12.0,10791,0.0,4.861545262083884e-15,0.0,4.861545262083884e-15,9.723090524167767e-15,9.092723119304923e-09,86400,True,controle a posteriori 7200/2880
0.15,1.0,0.0,6,1e-09,1,3653,6000,2.737476047084588e-13,117,117,117,332,1,1,0.0,4764,0.0,4.861545262083884e-15,0.0,4.861545262083884e-15,9.723090524167767e-15,3.5518449684784857e-11,43206,True,b=b_min
0.15,1.0,0.0,6,1e-09,1,3653,6000,2.737476047084588e-13,2880,117,117,3731,1,7200,12.0,10779,0.0,4.861545262083884e-15,0.0,4.861545262083884e-15,9.723090524167767e-15,3.5518449684784857e-11,86400,True,controle a posteriori 7200/2880
0.15,1.0,0.0,6,1e-09,256,3653,6000,1.0693265808924172e-15,139,139,139,394,1,1,0.0,4723,0.0,2.6717224114851392e-17,0.0,2.6717224114851392e-17,5.3434448229702784e-17,4.9970186082074696e-11,43206,True,b=b_min
0.15,1.0,0.0,6,1e-09,256,3653,6000,1.0693265808924172e-15,2880,139,139,3776,1,7200,12.0,10728,0.0,2.6717224114851392e-17,0.0,2.6717224114851392e-17,5.3434448229702784e-17,4.9970186082074696e-11,86400,True,controle a posteriori 7200/2880
0.15,1.0,0.0,8,1e-06,1,2740,4500,3.6496350364963504e-10,88,88,88,252,1,1,0.0,3570,0.0,5.01285335598158e-12,0.0,5.01285335598158e-12,1.002570671196316e-11,2.7470436390779058e-08,43208,True,b=b_min
0.15,1.0,0.0,8,1e-06,1,2740,4500,3.6496350364963504e-10,2880,88,88,3670,1,7200,16.0,9590,0.0,5.01285335598158e-12,0.0,5.01285335598158e-12,1.002570671196316e-11,2.7470436390779058e-08,100800,True,controle a posteriori 7200/2880
0.15,1.0,0.0,8,1e-06,256,2740,4500,1.4256386861313869e-12,110,110,110,313,1,1,0.0,3530,0.0,2.7548756485142007e-14,0.0,2.7548756485142007e-14,5.5097512970284013e-14,3.864759949787602e-08,43208,True,b=b_min
0.15,1.0,0.0,8,1e-06,256,2740,4500,1.4256386861313869e-12,2880,110,110,3717,1,7200,16.0,9538,0.0,2.7548756485142007e-14,0.0,2.7548756485142007e-14,5.5097512970284013e-14,3.864759949787602e-08,100800,True,controle a posteriori 7200/2880
0.15,1.0,0.0,8,1e-09,1,2740,4500,3.6496350364963506e-13,116,116,116,329,1,1,0.0,3520,0.0,4.861545262083884e-15,0.0,4.861545262083884e-15,9.723090524167767e-15,2.6641268036219683e-11,43208,True,b=b_min
0.15,1.0,0.0,8,1e-09,1,2740,4500,3.6496350364963506e-13,2880,116,116,3728,1,7200,16.0,9525,0.0,4.861545262083884e-15,0.0,4.861545262083884e-15,9.723090524167767e-15,2.6641268036219683e-11,100800,True,controle a posteriori 7200/2880
0.15,1.0,0.0,8,1e-09,256,2740,4500,1.425638686131387e-15,138,138,138,391,1,1,0.0,3481,0.0,2.6717224114851392e-17,0.0,2.6717224114851392e-17,5.3434448229702784e-17,3.748105936624272e-11,43208,True,b=b_min
0.15,1.0,0.0,8,1e-09,256,2740,4500,1.425638686131387e-15,2880,138,138,3773,1,7200,16.0,9476,0.0,2.6717224114851392e-17,0.0,2.6717224114851392e-17,5.3434448229702784e-17,3.748105936624272e-11,100800,True,controle a posteriori 7200/2880
0.15,1.0,0.0,10,1e-06,1,2192,3600,4.5620437956204375e-10,87,87,87,249,1,1,0.0,2824,0.0,5.01285335598158e-12,0.0,5.01285335598158e-12,1.002570671196316e-11,2.1976349112623244e-08,43210,True,b=b_min
0.15,1.0,0.0,10,1e-06,1,2192,3600,4.5620437956204375e-10,2880,87,87,3668,68,7200,20.0,8837,0.0,5.01285335598158e-12,0.0,5.01285335598158e-12,1.002570671196316e-11,2.1976349112623244e-08,115200,True,controle a posteriori 7200/2880
0.15,1.0,0.0,10,1e-06,256,2192,3600,1.7820483576642334e-12,109,109,109,311,1,1,0.0,2785,0.0,2.7548756485142007e-14,2.82e-320,2.7548756485142007e-14,5.5097512970284013e-14,3.091807959830082e-08,43210,True,b=b_min
0.15,1.0,0.0,10,1e-06,256,2192,3600,1.7820483576642334e-12,2880,109,109,3715,115,7200,20.0,8786,0.0,2.7548756485142007e-14,0.0,2.7548756485142007e-14,5.5097512970284013e-14,3.091807959830082e-08,115200,True,controle a posteriori 7200/2880
0.15,1.0,0.0,10,1e-09,1,2192,3600,4.562043795620439e-13,115,115,115,327,1,1,0.0,2776,0.0,4.861545262083884e-15,5.00913e-319,4.861545262083884e-15,9.723090524167767e-15,2.1313014428975746e-11,43210,True,b=b_min
0.15,1.0,0.0,10,1e-09,1,2192,3600,4.562043795620439e-13,2880,115,115,3727,127,7200,20.0,8774,0.0,4.861545262083884e-15,0.0,4.861545262083884e-15,9.723090524167767e-15,2.1313014428975746e-11,115200,True,controle a posteriori 7200/2880
0.15,1.0,0.0,10,1e-09,256,2192,3600,1.782048357664234e-15,137,137,137,388,1,1,0.0,2739,0.0,2.6717224114851392e-17,1.2422212263e-314,2.6717224114851392e-17,5.3434448229702784e-17,2.9984847492994174e-11,43210,True,b=b_min
0.15,1.0,0.0,10,1e-09,256,2192,3600,1.782048357664234e-15,2880,137,137,3772,172,7200,20.0,8726,0.0,2.6717224114851392e-17,0.0,2.6717224114851392e-17,5.3434448229702784e-17,2.9984847492994174e-11,115200,True,controle a posteriori 7200/2880
0.15,1.0,0.0,12,1e-06,1,1827,3000,5.473453749315818e-10,86,86,86,247,1,1,0.0,2328,0.0,5.01285335598158e-12,6.278484916402875e-268,5.01285335598158e-12,1.002570671196316e-11,1.8316966162756693e-08,43212,True,b=b_min
0.15,1.0,0.0,12,1e-06,1,1827,3000,5.473453749315818e-10,2880,86,86,3667,667,7200,24.0,8336,0.0,5.01285335598158e-12,0.0,5.01285335598158e-12,1.002570671196316e-11,1.8316966162756693e-08,129600,True,controle a posteriori 7200/2880
0.15,1.0,0.0,12,1e-06,256,1827,3000,2.1380678708264913e-12,109,109,109,310,1,1,0.0,2291,0.0,2.7548756485142007e-14,2.7194879412898248e-263,2.7548756485142007e-14,5.5097512970284013e-14,2.5769767986357476e-08,43212,True,b=b_min
0.15,1.0,0.0,12,1e-06,256,1827,3000,2.1380678708264913e-12,2880,109,109,3714,714,7200,24.0,8285,0.0,2.7548756485142007e-14,0.0,2.7548756485142007e-14,5.5097512970284013e-14,2.5769767986357476e-08,129600,True,controle a posteriori 7200/2880
0.15,1.0,0.0,12,1e-09,1,1827,3000,5.473453749315818e-13,114,114,114,325,1,1,0.0,2282,0.0,4.861545262083884e-15,2.877311766652758e-262,4.861545262083884e-15,9.723090524167767e-15,1.7764086387654512e-11,43212,True,b=b_min
0.15,1.0,0.0,12,1e-09,1,1827,3000,5.473453749315818e-13,2880,114,114,3725,725,7200,24.0,8273,0.0,4.861545262083884e-15,0.0,4.861545262083884e-15,9.723090524167767e-15,1.7764086387654512e-11,129600,True,controle a posteriori 7200/2880
0.15,1.0,0.0,12,1e-09,256,1827,3000,2.1380678708264916e-15,136,136,136,386,1,1,0.0,2246,0.0,2.6717224114851392e-17,5.125053902650103e-258,2.6717224114851392e-17,5.3434448229702784e-17,2.499193265041075e-11,43212,True,b=b_min
0.15,1.0,0.0,12,1e-09,256,1827,3000,2.1380678708264916e-15,2880,136,136,3770,770,7200,24.0,8226,0.0,2.6717224114851392e-17,0.0,2.6717224114851392e-17,5.3434448229702784e-17,2.499193265041075e-11,129600,True,controle a posteriori 7200/2880
0.15,1.0,1e-06,6,1e-06,1,3653,6000,2.737476047084588e-10,89,89,89,255,1,1,0.0,4818,0.0,5.0133546652124994e-12,0.0,5.0133546652124994e-12,1.0026709330424999e-11,3.662756918404252e-08,43206,True,b=b_min
0.15,1.0,1e-06,6,1e-06,1,3653,6000,2.737476047084588e-10,2880,89,89,3672,1,7200,12.0,10846,0.0,5.0133546652124994e-12,0.0,5.0133546652124994e-12,1.0026709330424999e-11,3.662756918404252e-08,86400,True,controle a posteriori 7200/2880
0.15,1.0,1e-06,6,1e-06,256,3653,6000,1.0693265808924171e-12,111,111,111,317,1,1,0.0,4774,0.0,4.862161095382089e-15,0.0,4.862161095382089e-15,9.724322190764177e-15,9.093874934492555e-09,43206,True,b=b_min
0.15,1.0,1e-06,6,1e-06,256,3653,6000,1.0693265808924171e-12,2880,111,111,3720,1,7200,12.0,10791,0.0,4.862161095382089e-15,0.0,4.862161095382089e-15,9.724322190764177e-15,9.093874934492555e-09,86400,True,controle a posteriori 7200/2880
0.15,1.0,1e-06,6,1e-09,1,3653,6000,2.737476047084588e-13,117,117,117,332,1,1,0.0,4764,0.0,4.862161095382089e-15,0.0,4.862161095382089e-15,9.724322190764177e-15,3.552294896286154e-11,43206,True,b=b_min
0.15,1.0,1e-06,6,1e-09,1,3653,6000,2.737476047084588e-13,2880,117,117,3731,1,7200,12.0,10779,0.0,4.862161095382089e-15,0.0,4.862161095382089e-15,9.724322190764177e-15,3.552294896286154e-11,86400,True,controle a posteriori 7200/2880
0.15,1.0,1e-06,6,1e-09,256,3653,6000,1.0693265808924172e-15,139,139,139,394,1,1,0.0,4723,0.0,2.6721142919282992e-17,0.0,2.6721142919282992e-17,5.3442285838565984e-17,4.997751556308007e-11,43206,True,b=b_min
0.15,1.0,1e-06,6,1e-09,256,3653,6000,1.0693265808924172e-15,2880,139,139,3776,1,7200,12.0,10728,0.0,2.6721142919282992e-17,0.0,2.6721142919282992e-17,5.3442285838565984e-17,4.997751556308007e-11,86400,True,controle a posteriori 7200/2880
0.15,1.0,1e-06,8,1e-06,1,2740,4500,3.6496350364963504e-10,88,88,88,252,1,1,0.0,3570,0.0,5.0133546652124994e-12,0.0,5.0133546652124994e-12,1.0026709330424999e-11,2.7473183565364498e-08,43208,True,b=b_min
0.15,1.0,1e-06,8,1e-06,1,2740,4500,3.6496350364963504e-10,2880,88,88,3670,1,7200,16.0,9590,0.0,5.0133546652124994e-12,0.0,5.0133546652124994e-12,1.0026709330424999e-11,2.7473183565364498e-08,100800,True,controle a posteriori 7200/2880
0.15,1.0,1e-06,8,1e-06,256,2740,4500,1.4256386861313869e-12,110,110,110,313,1,1,0.0,3530,0.0,2.7552062526564643e-14,0.0,2.7552062526564643e-14,5.5104125053129285e-14,3.865223747726701e-08,43208,True,b=b_min
0.15,1.0,1e-06,8,1e-06,256,2740,4500,1.4256386861313869e-12,2880,110,110,3717,1,7200,16.0,9538,0.0,2.7552062526564643e-14,0.0,2.7552062526564643e-14,5.5104125053129285e-14,3.865223747726701e-08,100800,True,controle a posteriori 7200/2880
0.15,1.0,1e-06,8,1e-09,1,2740,4500,3.6496350364963506e-13,116,116,116,329,1,1,0.0,3520,0.0,4.862161095382089e-15,0.0,4.862161095382089e-15,9.724322190764177e-15,2.6644642802693846e-11,43208,True,b=b_min
0.15,1.0,1e-06,8,1e-09,1,2740,4500,3.6496350364963506e-13,2880,116,116,3728,1,7200,16.0,9525,0.0,4.862161095382089e-15,0.0,4.862161095382089e-15,9.724322190764177e-15,2.6644642802693846e-11,100800,True,controle a posteriori 7200/2880
0.15,1.0,1e-06,8,1e-09,256,2740,4500,1.425638686131387e-15,138,138,138,391,1,1,0.0,3481,0.0,2.6721142919282992e-17,0.0,2.6721142919282992e-17,5.3442285838565984e-17,3.748655697860372e-11,43208,True,b=b_min
0.15,1.0,1e-06,8,1e-09,256,2740,4500,1.425638686131387e-15,2880,138,138,3773,1,7200,16.0,9476,0.0,2.6721142919282992e-17,0.0,2.6721142919282992e-17,5.3442285838565984e-17,3.748655697860372e-11,100800,True,controle a posteriori 7200/2880
0.15,1.0,1e-06,10,1e-06,1,2192,3600,4.5620437956204375e-10,87,87,87,249,1,1,0.0,2824,0.0,5.0133546652124994e-12,0.0,5.0133546652124994e-12,1.0026709330424999e-11,2.1978546852291598e-08,43210,True,b=b_min
0.15,1.0,1e-06,10,1e-06,1,2192,3600,4.5620437956204375e-10,2880,87,87,3668,68,7200,20.0,8837,0.0,5.0133546652124994e-12,0.0,5.0133546652124994e-12,1.0026709330424999e-11,2.1978546852291598e-08,115200,True,controle a posteriori 7200/2880
0.15,1.0,1e-06,10,1e-06,256,2192,3600,1.7820483576642334e-12,109,109,109,311,1,1,0.0,2785,0.0,2.7552062526564643e-14,2.6e-320,2.7552062526564643e-14,5.5104125053129285e-14,3.0921789981813604e-08,43210,True,b=b_min
0.15,1.0,1e-06,10,1e-06,256,2192,3600,1.7820483576642334e-12,2880,109,109,3715,115,7200,20.0,8786,0.0,2.7552062526564643e-14,0.0,2.7552062526564643e-14,5.5104125053129285e-14,3.0921789981813604e-08,115200,True,controle a posteriori 7200/2880
0.15,1.0,1e-06,10,1e-09,1,2192,3600,4.562043795620439e-13,115,115,115,327,1,1,0.0,2776,0.0,4.862161095382089e-15,4.6611e-319,4.862161095382089e-15,9.724322190764177e-15,2.1315714242155077e-11,43210,True,b=b_min
0.15,1.0,1e-06,10,1e-09,1,2192,3600,4.562043795620439e-13,2880,115,115,3727,127,7200,20.0,8774,0.0,4.862161095382089e-15,0.0,4.862161095382089e-15,9.724322190764177e-15,2.1315714242155077e-11,115200,True,controle a posteriori 7200/2880
0.15,1.0,1e-06,10,1e-09,256,2192,3600,1.782048357664234e-15,137,137,137,388,1,1,0.0,2739,0.0,2.6721142919282992e-17,1.1622753065e-314,2.6721142919282992e-17,5.3442285838565984e-17,2.998924558288298e-11,43210,True,b=b_min
0.15,1.0,1e-06,10,1e-09,256,2192,3600,1.782048357664234e-15,2880,137,137,3772,172,7200,20.0,8726,0.0,2.6721142919282992e-17,0.0,2.6721142919282992e-17,5.3442285838565984e-17,2.998924558288298e-11,115200,True,controle a posteriori 7200/2880
0.15,1.0,1e-06,12,1e-06,1,1827,3000,5.473453749315818e-10,86,86,86,247,1,1,0.0,2328,0.0,5.0133546652124994e-12,5.901495918540519e-268,5.0133546652124994e-12,1.0026709330424999e-11,1.8318797946686474e-08,43212,True,b=b_min
0.15,1.0,1e-06,12,1e-06,1,1827,3000,5.473453749315818e-10,2880,86,86,3667,667,7200,24.0,8336,0.0,5.0133546652124994e-12,0.0,5.0133546652124994e-12,1.0026709330424999e-11,1.8318797946686474e-08,129600,True,controle a posteriori 7200/2880
0.15,1.0,1e-06,12,1e-06,256,1827,3000,2.1380678708264913e-12,109,109,109,310,1,1,0.0,2291,0.0,2.7552062526564643e-14,2.5771979567553248e-263,2.7552062526564643e-14,5.5104125053129285e-14,2.5772860536849204e-08,43212,True,b=b_min
0.15,1.0,1e-06,12,1e-06,256,1827,3000,2.1380678708264913e-12,2880,109,109,3714,714,7200,24.0,8285,0.0,2.7552062526564643e-14,0.0,2.7552062526564643e-14,5.5104125053129285e-14,2.5772860536849204e-08,129600,True,controle a posteriori 7200/2880
0.15,1.0,1e-06,12,1e-09,1,1827,3000,5.473453749315818e-13,114,114,114,325,1,1,0.0,2282,0.0,4.862161095382089e-15,2.70093106029707e-262,4.862161095382089e-15,9.724322190764177e-15,1.7766336642526152e-11,43212,True,b=b_min
0.15,1.0,1e-06,12,1e-09,1,1827,3000,5.473453749315818e-13,2880,114,114,3725,725,7200,24.0,8273,0.0,4.862161095382089e-15,0.0,4.862161095382089e-15,9.724322190764177e-15,1.7766336642526152e-11,129600,True,controle a posteriori 7200/2880
0.15,1.0,1e-06,12,1e-09,256,1827,3000,2.1380678708264916e-15,136,136,136,386,1,1,0.0,2246,0.0,2.6721142919282992e-17,4.809751096111881e-258,2.6721142919282992e-17,5.3442285838565984e-17,2.4995598394127373e-11,43212,True,b=b_min
0.15,1.0,1e-06,12,1e-09,256,1827,3000,2.1380678708264916e-15,2880,136,136,3770,770,7200,24.0,8226,0.0,2.6721142919282992e-17,0.0,2.6721142919282992e-17,5.3442285838565984e-17,2.4995598394127373e-11,129600,True,controle a posteriori 7200/2880
0.15,1.0,0.0001,6,1e-06,1,3653,6000,2.737476047084588e-10,89,89,89,255,1,1,0.0,4817,0.0,5.063221560210165e-12,0.0,5.063221560210165e-12,1.012644312042033e-11,3.699189671889546e-08,43206,True,b=b_min
0.15,1.0,0.0001,6,1e-06,1,3653,6000,2.737476047084588e-10,2880,89,89,3673,1,7200,12.0,10844,0.0,5.063221560210165e-12,0.0,5.063221560210165e-12,1.012644312042033e-11,3.699189671889546e-08,86400,True,controle a posteriori 7200/2880
0.15,1.0,0.0001,6,1e-06,256,3653,6000,1.0693265808924171e-12,111,111,111,317,1,1,0.0,4773,0.0,4.923501945276868e-15,0.0,4.923501945276868e-15,9.847003890553736e-15,9.208602934321357e-09,43206,True,b=b_min
0.15,1.0,0.0001,6,1e-06,256,3653,6000,1.0693265808924171e-12,2880,111,111,3721,1,7200,12.0,10790,0.0,4.923501945276868e-15,0.0,4.923501945276868e-15,9.847003890553736e-15,9.208602934321357e-09,86400,True,controle a posteriori 7200/2880
0.15,1.0,0.0001,6,1e-09,1,3653,6000,2.737476047084588e-13,117,117,117,332,1,1,0.0,4763,0.0,4.923501945276868e-15,0.0,4.923501945276868e-15,9.847003890553736e-15,3.59711052121928e-11,43206,True,b=b_min
0.15,1.0,0.0001,6,1e-09,1,3653,6000,2.737476047084588e-13,2880,117,117,3731,1,7200,12.0,10778,0.0,4.923501945276868e-15,0.0,4.923501945276868e-15,9.847003890553736e-15,3.59711052121928e-11,86400,True,controle a posteriori 7200/2880
0.15,1.0,0.0001,6,1e-09,256,3653,6000,1.0693265808924172e-15,139,139,139,395,1,1,0.0,4721,0.0,4.787637893558604e-18,0.0,4.787637893558604e-18,9.575275787117208e-18,8.954491507286825e-12,43206,True,b=b_min
0.15,1.0,0.0001,6,1e-09,256,3653,6000,1.0693265808924172e-15,2880,139,139,3777,1,7200,12.0,10727,0.0,4.787637893558604e-18,0.0,4.787637893558604e-18,9.575275787117208e-18,8.954491507286825e-12,86400,True,controle a posteriori 7200/2880
0.15,1.0,0.0001,8,1e-06,1,2740,4500,3.6496350364963504e-10,88,88,88,252,1,1,0.0,3570,0.0,5.063221560210165e-12,0.0,5.063221560210165e-12,1.012644312042033e-11,2.7746454149951703e-08,43208,True,b=b_min
0.15,1.0,0.0001,8,1e-06,1,2740,4500,3.6496350364963504e-10,2880,88,88,3671,1,7200,16.0,9589,0.0,5.063221560210165e-12,0.0,5.063221560210165e-12,1.012644312042033e-11,2.7746454149951703e-08,100800,True,controle a posteriori 7200/2880
0.15,1.0,0.0001,8,1e-06,256,2740,4500,1.4256386861313869e-12,110,110,110,313,1,1,0.0,3529,0.0,2.7881254994303157e-14,0.0,2.7881254994303157e-14,5.5762509988606314e-14,3.911405500640801e-08,43208,True,b=b_min
0.15,1.0,0.0001,8,1e-06,256,2740,4500,1.4256386861313869e-12,2880,110,110,3717,1,7200,16.0,9536,0.0,2.7881254994303157e-14,0.0,2.7881254994303157e-14,5.5762509988606314e-14,3.911405500640801e-08,100800,True,controle a posteriori 7200/2880
0.15,1.0,0.0001,8,1e-09,1,2740,4500,3.6496350364963506e-13,116,116,116,330,1,1,0.0,3519,0.0,4.923501945276868e-15,0.0,4.923501945276868e-15,9.847003890553736e-15,2.698079066011724e-11,43208,True,b=b_min
0.15,1.0,0.0001,8,1e-09,1,2740,4500,3.6496350364963506e-13,2880,116,116,3729,1,7200,16.0,9524,0.0,4.923501945276868e-15,0.0,4.923501945276868e-15,9.847003890553736e-15,2.698079066011724e-11,100800,True,controle a posteriori 7200/2880
0.15,1.0,0.0001,8,1e-09,256,2740,4500,1.425638686131387e-15,138,138,138,391,1,1,0.0,3481,0.0,2.7111871674743385e-17,0.0,2.7111871674743385e-17,5.422374334948677e-17,3.8034702535064e-11,43208,True,b=b_min
0.15,1.0,0.0001,8,1e-09,256,2740,4500,1.425638686131387e-15,2880,138,138,3774,1,7200,16.0,9475,0.0,2.7111871674743385e-17,0.0,2.7111871674743385e-17,5.422374334948677e-17,3.8034702535064e-11,100800,True,controle a posteriori 7200/2880
0.15,1.0,0.0001,10,1e-06,1,2192,3600,4.5620437956204375e-10,87,87,87,249,1,1,0.0,2824,0.0,5.063221560210165e-12,0.0,5.063221560210165e-12,1.012644312042033e-11,2.2197163319961365e-08,43210,True,b=b_min
0.15,1.0,0.0001,10,1e-06,1,2192,3600,4.5620437956204375e-10,2880,87,87,3669,69,7200,20.0,8836,0.0,5.063221560210165e-12,0.0,5.063221560210165e-12,1.012644312042033e-11,2.2197163319961365e-08,115200,True,controle a posteriori 7200/2880
0.15,1.0,0.0001,10,1e-06,256,2192,3600,1.7820483576642334e-12,109,109,109,311,1,1,0.0,2785,0.0,2.7881254994303157e-14,5.255e-320,2.7881254994303157e-14,5.5762509988606314e-14,3.129124400512641e-08,43210,True,b=b_min
0.15,1.0,0.0001,10,1e-06,256,2192,3600,1.7820483576642334e-12,2880,109,109,3716,116,7200,20.0,8785,0.0,2.7881254994303157e-14,0.0,2.7881254994303157e-14,5.5762509988606314e-14,3.129124400512641e-08,115200,True,controle a posteriori 7200/2880
0.15,1.0,0.0001,10,1e-09,1,2192,3600,4.562043795620439e-13,115,115,115,327,1,1,0.0,2776,0.0,4.923501945276868e-15,9.0422e-319,4.923501945276868e-15,9.847003890553736e-15,2.158463252809379e-11,43210,True,b=b_min
0.15,1.0,0.0001,10,1e-09,1,2192,3600,4.562043795620439e-13,2880,115,115,3727,127,7200,20.0,8773,0.0,4.923501945276868e-15,0.0,4.923501945276868e-15,9.847003890553736e-15,2.158463252809379e-11,115200,True,controle a posteriori 7200/2880
0.15,1.0,0.0001,10,1e-09,256,2192,3600,1.782048357664234e-15,137,137,137,388,1,1,0.0,2739,0.0,2.7111871674743385e-17,2.1953695047e-314,2.7111871674743385e-17,5.422374334948677e-17,3.04277620280512e-11,43210,True,b=b_min
0.15,1.0,0.0001,10,1e-09,256,2192,3600,1.782048357664234e-15,2880,137,137,3772,172,7200,20.0,8725,0.0,2.7111871674743385e-17,0.0,2.7111871674743385e-17,5.422374334948677e-17,3.04277620280512e-11,115200,True,controle a posteriori 7200/2880
0.15,1.0,0.0001,12,1e-06,1,1827,3000,5.473453749315818e-10,87,87,87,248,1,1,0.0,2328,0.0,5.063221560210165e-12,1.6140335194141834e-267,5.063221560210165e-12,1.012644312042033e-11,1.850101158100794e-08,43212,True,b=b_min
0.15,1.0,0.0001,12,1e-06,1,1827,3000,5.473453749315818e-10,2880,87,87,3667,667,7200,24.0,8335,0.0,5.063221560210165e-12,0.0,5.063221560210165e-12,1.012644312042033e-11,1.850101158100794e-08,129600,True,controle a posteriori 7200/2880
0.15,1.0,0.0001,12,1e-06,256,1827,3000,2.1380678708264913e-12,109,109,109,310,1,1,0.0,2290,0.0,2.7881254994303157e-14,4.346137188408912e-263,2.7881254994303157e-14,5.5762509988606314e-14,2.6080795071791036e-08,43212,True,b=b_min
0.15,1.0,0.0001,12,1e-06,256,1827,3000,2.1380678708264913e-12,2880,109,109,3714,714,7200,24.0,8284,0.0,2.7881254994303157e-14,0.0,2.7881254994303157e-14,5.5762509988606314e-14,2.6080795071791036e-08,129600,True,controle a posteriori 7200/2880
0.15,1.0,0.0001,12,1e-09,1,1827,3000,5.473453749315818e-13,114,114,114,325,1,1,0.0,2281,0.0,4.923501945276868e-15,4.739681707675501e-262,4.923501945276868e-15,9.847003890553736e-15,1.7990476108041676e-11,43212,True,b=b_min
0.15,1.0,0.0001,12,1e-09,1,1827,3000,5.473453749315818e-13,2880,114,114,3726,726,7200,24.0,8272,0.0,4.923501945276868e-15,0.0,4.923501945276868e-15,9.847003890553736e-15,1.7990476108041676e-11,129600,True,controle a posteriori 7200/2880
0.15,1.0,0.0001,12,1e-09,256,1827,3000,2.1380678708264916e-15,136,136,136,386,1,1,0.0,2246,0.0,2.7111871674743385e-17,8.414356135735068e-258,2.7111871674743385e-17,5.422374334948677e-17,2.5361095449475158e-11,43212,True,b=b_min
0.15,1.0,0.0001,12,1e-09,256,1827,3000,2.1380678708264916e-15,2880,136,136,3771,771,7200,24.0,8225,0.0,2.7111871674743385e-17,0.0,2.7111871674743385e-17,5.422374334948677e-17,2.5361095449475158e-11,129600,True,controle a posteriori 7200/2880
0.15,1.0,0.001,6,1e-06,1,3653,6000,2.737476047084588e-10,90,90,90,257,1,1,0.0,4812,0.0,5.5387722614516386e-12,0.0,5.5387722614516386e-12,1.1077544522903277e-11,4.046627014216567e-08,43206,True,b=b_min
0.15,1.0,0.001,6,1e-06,1,3653,6000,2.737476047084588e-10,2880,90,90,3677,1,7200,12.0,10833,0.0,5.5387722614516386e-12,0.0,5.5387722614516386e-12,1.1077544522903277e-11,4.046627014216567e-08,86400,True,controle a posteriori 7200/2880
0.15,1.0,0.001,6,1e-06,256,3653,6000,1.0693265808924171e-12,112,112,112,320,1,1,0.0,4768,0.0,5.516417288006414e-15,0.0,5.516417288006414e-15,1.1032834576012828e-14,1.0317553844780764e-08,43206,True,b=b_min
0.15,1.0,0.001,6,1e-06,256,3653,6000,1.0693265808924171e-12,2880,112,112,3725,1,7200,12.0,10779,0.0,5.516417288006414e-15,0.0,5.516417288006414e-15,1.1032834576012828e-14,1.0317553844780764e-08,86400,True,controle a posteriori 7200/2880
0.15,1.0,0.001,6,1e-09,1,3653,6000,2.737476047084588e-13,118,118,118,335,1,1,0.0,4758,0.0,5.516417288006414e-15,0.0,5.516417288006414e-15,1.1032834576012828e-14,4.030294470617486e-11,43206,True,b=b_min
0.15,1.0,0.001,6,1e-09,1,3653,6000,2.737476047084588e-13,2880,118,118,3736,1,7200,12.0,10766,0.0,5.516417288006414e-15,0.0,5.516417288006414e-15,1.1032834576012828e-14,4.030294470617486e-11,86400,True,controle a posteriori 7200/2880
0.15,1.0,0.001,6,1e-09,256,3653,6000,1.0693265808924172e-15,140,140,140,398,1,1,0.0,4716,0.0,5.494152541206038e-18,0.0,5.494152541206038e-18,1.0988305082412076e-17,1.0275911287309137e-11,43206,True,b=b_min
0.15,1.0,0.001,6,1e-09,256,3653,6000,1.0693265808924172e-15,2880,140,140,3782,1,7200,12.0,10715,0.0,5.494152541206038e-18,0.0,5.494152541206038e-18,1.0988305082412076e-17,1.0275911287309137e-11,86400,True,controle a posteriori 7200/2880
0.15,1.0,0.001,8,1e-06,1,2740,4500,3.6496350364963504e-10,89,89,89,254,1,1,0.0,3566,0.0,5.5387722614516386e-12,0.0,5.5387722614516386e-12,1.1077544522903277e-11,3.035247199275498e-08,43208,True,b=b_min
0.15,1.0,0.001,8,1e-06,1,2740,4500,3.6496350364963504e-10,2880,89,89,3675,1,7200,16.0,9579,0.0,5.5387722614516386e-12,0.0,5.5387722614516386e-12,1.1077544522903277e-11,3.035247199275498e-08,100800,True,controle a posteriori 7200/2880
0.15,1.0,0.001,8,1e-06,256,2740,4500,1.4256386861313869e-12,111,111,111,316,1,1,0.0,3525,0.0,3.1052474246673164e-14,0.0,3.1052474246673164e-14,6.210494849334633e-14,4.356289507117285e-08,43208,True,b=b_min
0.15,1.0,0.001,8,1e-06,256,2740,4500,1.4256386861313869e-12,2880,111,111,3722,1,7200,16.0,9526,0.0,3.1052474246673164e-14,0.0,3.1052474246673164e-14,6.210494849334633e-14,4.356289507117285e-08,100800,True,controle a posteriori 7200/2880
0.15,1.0,0.001,8,1e-09,1,2740,4500,3.6496350364963506e-13,116,116,116,331,1,1,0.0,3515,0.0,5.516417288006414e-15,0.0,5.516417288006414e-15,1.1032834576012828e-14,3.0229966738275145e-11,43208,True,b=b_min
0.15,1.0,0.001,8,1e-09,1,2740,4500,3.6496350364963506e-13,2880,116,116,3734,1,7200,16.0,9514,0.0,5.516417288006414e-15,0.0,5.516417288006414e-15,1.1032834576012828e-14,3.0229966738275145e-11,100800,True,controle a posteriori 7200/2880
0.15,1.0,0.001,8,1e-09,256,2740,4500,1.425638686131387e-15,139,139,139,394,1,1,0.0,3476,0.0,3.092714372134642e-17,0.0,3.092714372134642e-17,6.185428744269284e-17,4.3387071383802467e-11,43208,True,b=b_min
0.15,1.0,0.001,8,1e-09,256,2740,4500,1.425638686131387e-15,2880,139,139,3779,1,7200,16.0,9465,0.0,3.092714372134642e-17,0.0,3.092714372134642e-17,6.185428744269284e-17,4.3387071383802467e-11,100800,True,controle a posteriori 7200/2880
0.15,1.0,0.001,10,1e-06,1,2192,3600,4.5620437956204375e-10,88,88,88,252,1,1,0.0,2820,0.0,5.5387722614516386e-12,1.43e-322,5.5387722614516386e-12,1.1077544522903277e-11,2.4281977594203983e-08,43210,True,b=b_min
0.15,1.0,0.001,10,1e-06,1,2192,3600,4.5620437956204375e-10,2880,88,88,3673,73,7200,20.0,8827,0.0,5.5387722614516386e-12,0.0,5.5387722614516386e-12,1.1077544522903277e-11,2.4281977594203983e-08,115200,True,controle a posteriori 7200/2880
0.15,1.0,0.001,10,1e-06,256,2192,3600,1.7820483576642334e-12,110,110,110,313,1,1,0.0,2781,0.0,3.1052474246673164e-14,5.425167e-318,3.1052474246673164e-14,6.210494849334633e-14,3.485031605693828e-08,43210,True,b=b_min
0.15,1.0,0.001,10,1e-06,256,2192,3600,1.7820483576642334e-12,2880,110,110,3720,120,7200,20.0,8776,0.0,3.1052474246673164e-14,0.0,3.1052474246673164e-14,6.210494849334633e-14,3.485031605693828e-08,115200,True,controle a posteriori 7200/2880
0.15,1.0,0.001,10,1e-09,1,2192,3600,4.562043795620439e-13,115,115,115,328,1,1,0.0,2772,0.0,5.516417288006414e-15,6.282405e-317,5.516417288006414e-15,1.1032834576012828e-14,2.4183973390620118e-11,43210,True,b=b_min
0.15,1.0,0.001,10,1e-09,1,2192,3600,4.562043795620439e-13,2880,115,115,3732,132,7200,20.0,8763,0.0,5.516417288006414e-15,0.0,5.516417288006414e-15,1.1032834576012828e-14,2.4183973390620118e-11,115200,True,controle a posteriori 7200/2880
0.15,1.0,0.001,10,1e-09,256,2192,3600,1.782048357664234e-15,138,138,138,391,1,1,0.0,2735,0.0,3.092714372134642e-17,2.15032653615e-312,3.092714372134642e-17,6.185428744269284e-17,3.470965710704198e-11,43210,True,b=b_min
0.15,1.0,0.001,10,1e-09,256,2192,3600,1.782048357664234e-15,2880,138,138,3777,177,7200,20.0,8715,0.0,3.092714372134642e-17,0.0,3.092714372134642e-17,6.185428744269284e-17,3.470965710704198e-11,115200,True,controle a posteriori 7200/2880
0.15,1.0,0.001,12,1e-06,1,1827,3000,5.473453749315818e-10,87,87,87,249,1,1,0.0,2325,0.0,5.5387722614516386e-12,5.534059129440625e-266,5.5387722614516386e-12,1.1077544522903277e-11,2.0238673843344286e-08,43212,True,b=b_min
0.15,1.0,0.001,12,1e-06,1,1827,3000,5.473453749315818e-10,2880,87,87,3671,671,7200,24.0,8326,0.0,5.5387722614516386e-12,0.0,5.5387722614516386e-12,1.1077544522903277e-11,2.0238673843344286e-08,129600,True,controle a posteriori 7200/2880
0.15,1.0,0.001,12,1e-06,256,1827,3000,2.1380678708264913e-12,109,109,109,311,1,1,0.0,2287,0.0,3.1052474246673164e-14,1.4851360627329623e-261,3.1052474246673164e-14,6.210494849334633e-14,2.904722966972e-08,43212,True,b=b_min
0.15,1.0,0.001,12,1e-06,256,1827,3000,2.1380678708264913e-12,2880,109,109,3719,719,7200,24.0,8276,0.0,3.1052474246673164e-14,0.0,3.1052474246673164e-14,6.210494849334633e-14,2.904722966972e-08,129600,True,controle a posteriori 7200/2880
0.15,1.0,0.001,12,1e-09,1,1827,3000,5.473453749315818e-13,115,115,115,327,1,1,0.0,2278,0.0,5.516417288006414e-15,2.349996880624346e-260,5.516417288006414e-15,1.1032834576012828e-14,2.0156988770375436e-11,43212,True,b=b_min
0.15,1.0,0.001,12,1e-09,1,1827,3000,5.473453749315818e-13,2880,115,115,3730,730,7200,24.0,8263,0.0,5.516417288006414e-15,0.0,5.516417288006414e-15,1.1032834576012828e-14,2.0156988770375436e-11,129600,True,controle a posteriori 7200/2880
0.15,1.0,0.001,12,1e-09,256,1827,3000,2.1380678708264916e-15,137,137,137,389,1,1,0.0,2242,0.0,3.092714372134642e-17,3.942970443807111e-256,3.092714372134642e-17,6.185428744269284e-17,2.8929992488396756e-11,43212,True,b=b_min
0.15,1.0,0.001,12,1e-09,256,1827,3000,2.1380678708264916e-15,2880,137,137,3776,776,7200,24.0,8216,0.0,3.092714372134642e-17,0.0,3.092714372134642e-17,6.185428744269284e-17,2.8929992488396756e-11,129600,True,controle a posteriori 7200/2880
0.15,1.0,0.01,6,1e-06,1,3653,6000,2.737476047084588e-10,96,96,96,275,1,1,0.0,4757,0.0,2.5095874847007063e-12,0.0,2.5095874847007063e-12,5.0191749694014126e-12,1.833504616322336e-08,43206,True,b=b_min
0.15,1.0,0.01,6,1e-06,1,3653,6000,2.737476047084588e-10,2880,96,96,3722,1,7200,12.0,10721,0.0,2.5095874847007063e-12,0.0,2.5095874847007063e-12,5.0191749694014126e-12,1.833504616322336e-08,86400,True,controle a posteriori 7200/2880
0.15,1.0,0.01,6,1e-06,256,3653,6000,1.0693265808924171e-12,120,120,120,341,1,1,0.0,4712,0.0,1.6769795962639945e-14,0.0,1.6769795962639945e-14,3.353959192527989e-14,3.1365153101580144e-08,43206,True,b=b_min
0.15,1.0,0.01,6,1e-06,256,3653,6000,1.0693265808924171e-12,2880,120,120,3771,1,7200,12.0,10665,0.0,1.6769795962639945e-14,0.0,1.6769795962639945e-14,3.353959192527989e-14,3.1365153101580144e-08,86400,True,controle a posteriori 7200/2880
0.15,1.0,0.01,6,1e-09,1,3653,6000,2.737476047084588e-13,125,125,125,357,1,1,0.0,4701,0.0,3.158660320948819e-15,0.0,3.158660320948819e-15,6.317320641897638e-15,2.3077172304852072e-11,43206,True,b=b_min
0.15,1.0,0.01,6,1e-09,1,3653,6000,2.737476047084588e-13,2880,125,125,3783,1,7200,12.0,10652,0.0,3.158660320948819e-15,0.0,3.158660320948819e-15,6.317320641897638e-15,2.3077172304852072e-11,86400,True,controle a posteriori 7200/2880
0.15,1.0,0.01,6,1e-09,256,3653,6000,1.0693265808924172e-15,149,149,149,423,1,1,0.0,4658,0.0,2.1107090077760613e-17,0.0,2.1107090077760613e-17,4.221418015552123e-17,3.9477350427678476e-11,43206,True,b=b_min
0.15,1.0,0.01,6,1e-09,256,3653,6000,1.0693265808924172e-15,2880,149,149,3830,1,7200,12.0,10600,0.0,2.1107090077760613e-17,0.0,2.1107090077760613e-17,4.221418015552123e-17,3.9477350427678476e-11,86400,True,controle a posteriori 7200/2880
0.15,1.0,0.01,8,1e-06,1,2740,4500,3.6496350364963504e-10,95,95,95,272,1,1,0.0,3522,0.0,2.5095874847007063e-12,0.0,2.5095874847007063e-12,5.0191749694014126e-12,1.3752539416159871e-08,43208,True,b=b_min
0.15,1.0,0.01,8,1e-06,1,2740,4500,3.6496350364963504e-10,2880,95,95,3719,1,7200,16.0,9478,0.0,2.5095874847007063e-12,0.0,2.5095874847007063e-12,5.0191749694014126e-12,1.3752539416159871e-08,100800,True,controle a posteriori 7200/2880
0.15,1.0,0.01,8,1e-06,256,2740,4500,1.4256386861313869e-12,118,118,118,337,1,1,0.0,3480,0.0,1.6769795962639945e-14,0.0,1.6769795962639945e-14,3.353959192527989e-14,2.3526011360068324e-08,43208,True,b=b_min
0.15,1.0,0.01,8,1e-06,256,2740,4500,1.4256386861313869e-12,2880,118,118,3769,1,7200,16.0,9424,0.0,1.6769795962639945e-14,0.0,1.6769795962639945e-14,3.353959192527989e-14,2.3526011360068324e-08,100800,True,controle a posteriori 7200/2880
0.15,1.0,0.01,8,1e-09,1,2740,4500,3.6496350364963506e-13,124,124,124,354,1,1,0.0,3470,0.0,3.158660320948819e-15,0.0,3.158660320948819e-15,6.317320641897638e-15,1.7309458558799527e-11,43208,True,b=b_min
0.15,1.0,0.01,8,1e-09,1,2740,4500,3.6496350364963506e-13,2880,124,124,3781,1,7200,16.0,9411,0.0,3.158660320948819e-15,0.0,3.158660320948819e-15,6.317320641897638e-15,1.7309458558799527e-11,100800,True,controle a posteriori 7200/2880
0.15,1.0,0.01,8,1e-09,256,2740,4500,1.425638686131387e-15,148,148,148,420,1,1,0.0,3430,0.0,2.1107090077760613e-17,0.0,2.1107090077760613e-17,4.221418015552123e-17,2.961071452828881e-11,43208,True,b=b_min
0.15,1.0,0.01,8,1e-09,256,2740,4500,1.425638686131387e-15,2880,148,148,3828,1,7200,16.0,9361,0.0,2.1107090077760613e-17,0.0,2.1107090077760613e-17,4.221418015552123e-17,2.961071452828881e-11,100800,True,controle a posteriori 7200/2880
0.15,1.0,0.01,10,1e-06,1,2192,3600,4.5620437956204375e-10,94,94,94,270,1,1,0.0,2784,0.0,2.5095874847007063e-12,2.5430216495081767e-302,2.5095874847007063e-12,5.0191749694014126e-12,1.1002031532927896e-08,43210,True,b=b_min
0.15,1.0,0.01,10,1e-06,1,2192,3600,4.5620437956204375e-10,2880,94,94,3717,117,7200,20.0,8733,0.0,2.5095874847007063e-12,0.0,2.5095874847007063e-12,5.0191749694014126e-12,1.1002031532927896e-08,115200,True,controle a posteriori 7200/2880
0.15,1.0,0.01,10,1e-06,256,2192,3600,1.7820483576642334e-12,117,117,117,335,1,1,0.0,2744,0.0,1.6769795962639945e-14,6.9843358422022225e-298,1.6769795962639945e-14,3.353959192527989e-14,1.882080908805466e-08,43210,True,b=b_min
0.15,1.0,0.01,10,1e-06,256,2192,3600,1.7820483576642334e-12,2880,117,117,3767,167,7200,20.0,8681,0.0,1.6769795962639945e-14,0.0,1.6769795962639945e-14,3.353959192527989e-14,1.882080908805466e-08,115200,True,controle a posteriori 7200/2880
0.15,1.0,0.01,10,1e-09,1,2192,3600,4.562043795620439e-13,123,123,123,351,1,1,0.0,2734,0.0,3.158660320948819e-15,1.0654803091075017e-296,3.158660320948819e-15,6.317320641897638e-15,1.3847566847039623e-11,43210,True,b=b_min
0.15,1.0,0.01,10,1e-09,1,2192,3600,4.562043795620439e-13,2880,123,123,3779,179,7200,20.0,8668,0.0,3.158660320948819e-15,0.0,3.158660320948819e-15,6.317320641897638e-15,1.3847566847039623e-11,115200,True,controle a posteriori 7200/2880
0.15,1.0,0.01,10,1e-09,256,2192,3600,1.782048357664234e-15,147,147,147,418,1,1,0.0,2696,0.0,2.1107090077760613e-17,2.6798218912143886e-292,2.1107090077760613e-17,4.221418015552123e-17,2.3688571622631048e-11,43210,True,b=b_min
0.15,1.0,0.01,10,1e-09,256,2192,3600,1.782048357664234e-15,2880,147,147,3826,226,7200,20.0,8618,0.0,2.1107090077760613e-17,0.0,2.1107090077760613e-17,4.221418015552123e-17,2.3688571622631048e-11,115200,True,controle a posteriori 7200/2880
0.15,1.0,0.01,12,1e-06,1,1827,3000,5.473453749315818e-10,93,93,93,266,1,1,0.0,2294,2.429528991353287e-306,1.3323772040224885e-11,2.8165236524226303e-249,1.3323772040224885e-11,2.664754408044977e-11,4.868506303498173e-08,43212,True,b=b_min
0.15,1.0,0.01,12,1e-06,1,1827,3000,5.473453749315818e-10,2880,93,93,3715,715,7200,24.0,8238,0.0,1.3323772040224885e-11,0.0,1.3323772040224885e-11,2.664754408044977e-11,4.868506303498173e-08,129600,True,controle a posteriori 7200/2880
0.15,1.0,0.01,12,1e-06,256,1827,3000,2.1380678708264913e-12,117,117,117,334,1,1,0.0,2255,2.429528991353287e-306,1.6769795962639945e-14,1.2578123224346098e-244,1.6769795962639945e-14,3.353959192527989e-14,1.5686869618556508e-08,43212,True,b=b_min
0.15,1.0,0.01,12,1e-06,256,1827,3000,2.1380678708264913e-12,2880,117,117,3765,765,7200,24.0,8185,0.0,1.6769795962639945e-14,0.0,1.6769795962639945e-14,3.353959192527989e-14,1.5686869618556508e-08,129600,True,controle a posteriori 7200/2880
0.15,1.0,0.01,12,1e-09,1,1827,3000,5.473453749315818e-13,122,122,122,349,1,1,0.0,2245,2.429528991353287e-306,3.158660320948819e-15,1.1296965073303192e-243,3.158660320948819e-15,6.317320641897638e-15,1.1541744812746985e-11,43212,True,b=b_min
0.15,1.0,0.01,12,1e-09,1,1827,3000,5.473453749315818e-13,2880,122,122,3778,778,7200,24.0,8173,0.0,3.158660320948819e-15,0.0,3.158660320948819e-15,6.317320641897638e-15,1.1541744812746985e-11,129600,True,controle a posteriori 7200/2880
0.15,1.0,0.01,12,1e-09,256,1827,3000,2.1380678708264916e-15,146,146,146,416,1,1,0.0,2209,2.429528991353287e-306,2.1107090077760613e-17,2.123486351151817e-239,2.1107090077760613e-17,4.221418015552123e-17,1.9744078628899144e-11,43212,True,b=b_min
0.15,1.0,0.01,12,1e-09,256,1827,3000,2.1380678708264916e-15,2880,146,146,3825,825,7200,24.0,8124,0.0,2.1107090077760613e-17,0.0,2.1107090077760613e-17,4.221418015552123e-17,1.9744078628899144e-11,129600,True,controle a posteriori 7200/2880
0.2,0.4,0.0,6,1e-06,1,3653,6000,2.737476047084588e-10,1241,1241,2397,7574,1574,1574,2.62,1241,2.5898309214016727e-32,5.934729841099816e-12,1.308484945697765e-10,5.934729841099816e-12,1.4271795425197614e-10,5.213486868824689e-07,52644,True,b=b_min
0.2,0.4,0.0,6,1e-06,1,3653,6000,2.737476047084588e-10,2880,1241,2397,13032,7032,7200,12.0,2931,1.366602620297925e-55,5.934729841099816e-12,3.4119364253308813e-11,5.934729841099816e-12,4.5988823935508444e-11,1.6799717383641236e-07,86400,True,controle a posteriori 7200/2880
0.2,0.4,0.0,6,1e-06,256,3653,6000,1.0693265808924171e-12,1542,1542,2979,9295,3295,3295,5.49,1542,1.961631123172535e-39,2.1084395886460797e-14,5.104538264963707e-13,2.1084395886460797e-14,5.526226182692923e-13,5.167949886816575e-07,62970,True,b=b_min
0.2,0.4,0.0,6,1e-06,256,3653,6000,1.0693265808924171e-12,2880,1542,2979,13764,7764,7200,12.0,2710,1.366602620297925e-55,2.1084395886460797e-14,4.6777667429080856e-11,2.1084395886460797e-14,4.6819836220853775e-11,4.378441259898338e-05,86400,True,controle a posteriori 7200/2880
0.2,0.4,0.0,6,1e-09,1,3653,6000,2.737476047084588e-13,1616,1616,3122,9718,3718,3718,6.2,1616,3.4869905553967824e-41,5.1475575894679646e-15,1.3081329047542375e-13,5.1475575894679646e-15,1.4110840565435966e-13,5.154690058553759e-10,65508,True,b=b_min
0.2,0.4,0.0,6,1e-09,1,3653,6000,2.737476047084588e-13,2880,1616,3122,13943,7943,7200,12.0,2656,1.366602620297925e-55,5.1475575894679646e-15,5.061423154342549e-11,5.1475575894679646e-15,5.0624526658604426e-11,1.8493139588388196e-07,86400,True,controle a posteriori 7200/2880
0.2,0.4,0.0,6,1e-09,256,3653,6000,1.0693265808924172e-15,1918,1918,3704,11441,5441,5441,9.07,1918,2.591323797278482e-48,1.8287798260516134e-17,5.161474931768316e-16,1.8287798260516134e-17,5.527230896978638e-16,5.168889463465719e-10,75846,True,b=b_min
0.2,0.4,0.0,6,1e-09,256,3653,6000,1.0693265808924172e-15,2880,1918,3704,14665,8665,7200,12.0,2441,1.366602620297925e-55,1.8287798260516134e-17,6.935059292430373e-11,1.8287798260516134e-17,6.935062949990025e-11,6.485448948816272e-05,86400,True,controle a posteriori 7200/2880
0.2,0.4,0.0,8,1e-06,1,2740,4500,3.6496350364963504e-10,1225,1225,2367,7485,2985,2985,6.63,1225,6.046579518732426e-32,5.934729841099816e-12,1.752626275438282e-10,5.934729841099816e-12,1.8713208722602785e-10,5.127419189993163e-07,67080,True,b=b_min
0.2,0.4,0.0,8,1e-06,1,2740,4500,3.6496350364963504e-10,2880,1225,2367,12994,8494,7200,16.0,2488,2.197387703684962e-49,5.934729841099816e-12,4.267149076358224e-06,5.934729841099816e-12,4.2671609458179065e-06,0.011692020991541064,100800,True,controle a posteriori 7200/2880
0.2,0.4,0.0,8,1e-06,256,2740,4500,1.4256386861313869e-12,1527,1527,2949,9207,4707,4707,10.46,1527,4.536471539552518e-39,3.373503341833728e-14,6.779789450717873e-13,3.373503341833728e-14,7.454490119084619e-13,5.228877549130715e-07,80856,True,b=b_min
0.2,0.4,0.0,8,1e-06,256,2740,4500,1.4256386861313869e-12,2880,1527,2949,13726,9226,7200,16.0,2270,2.197387703684962e-49,3.373503341833728e-14,5.608443985014572e-06,3.373503341833728e-14,5.608444052484639e-06,1.0,100800,True,controle a posteriori 7200/2880
0.2,0.4,0.0,8,1e-09,1,2740,4500,3.6496350364963506e-13,1601,1601,3092,9630,5130,5130,11.4,1601,8.064020409536922e-41,8.236092143148746e-15,1.7374672179070343e-13,8.236092143148746e-15,1.902189060770009e-13,5.211998026509825e-10,84240,True,b=b_min
0.2,0.4,0.0,8,1e-09,1,2740,4500,3.6496350364963506e-13,2880,1601,3092,13905,9405,7200,16.0,2217,2.197387703684962e-49,8.236092143148746e-15,6.0418036349625765e-06,8.236092143148746e-15,6.04180365143476e-06,0.01655454200493124,100800,True,controle a posteriori 7200/2880
0.2,0.4,0.0,8,1e-09,256,2740,4500,1.425638686131387e-15,1902,1902,3674,11350,6850,6850,15.22,1902,6.166447799684286e-48,2.926047721682582e-17,6.832981825873244e-16,2.926047721682582e-17,7.41819137020976e-16,5.203416154719934e-10,98000,True,b=b_min
0.2,0.4,0.0,8,1e-09,256,2740,4500,1.425638686131387e-15,2880,1902,3674,14627,10127,7200,16.0,2005,2.197387703684962e-49,2.926047721682582e-17,8.133177870885274e-06,2.926047721682582e-17,8.133177870943794e-06,1.0,100800,True,controle a posteriori 7200/2880
0.2,0.4,0.0,10,1e-06,1,2192,3600,4.5620437956204375e-10,1213,1213,2343,7415,3815,3815,10.6,1213,1.1779732884656917e-31,9.495567745759707e-12,2.179778251183529e-10,9.495567745759707e-12,2.3696896060987233e-10,5.194359616568401e-07,81350,True,b=b_min
0.2,0.4,0.0,10,1e-06,1,2192,3600,4.5620437956204375e-10,2880,1213,2343,12964,9364,7200,20.0,2225,1.1632293577138713e-45,9.495567745759707e-12,0.003450629067298986,9.495567745759707e-12,0.003450629086290122,1.0,115200,True,controle a posteriori 7200/2880
0.2,0.4,0.0,10,1e-06,256,2192,3600,1.7820483576642334e-12,1515,1515,2925,9139,5539,5539,15.39,1515,8.670993192044249e-39,3.373503341833728e-14,8.529323622222079e-13,3.373503341833728e-14,9.204024290588826e-13,5.164856638712501e-07,98590,True,b=b_min
0.2,0.4,0.0,10,1e-06,256,2192,3600,1.7820483576642334e-12,2880,1515,2925,13697,10097,7200,20.0,2009,1.1632293577138713e-45,3.373503341834352e-14,0.004568563932856833,3.373503341833728e-14,0.004568563932924303,1.0,115200,True,controle a posteriori 7200/2880
0.2,0.4,0.0,10,1e-09,1,2192,3600,4.562043795620439e-13,1589,1589,3068,9562,5962,5962,16.56,1589,1.5413535709847704e-40,8.236092143148746e-15,2.1857263597376948e-13,8.236092143148746e-15,2.3504482026006696e-13,5.152182460100668e-10,102820,True,b=b_min
0.2,0.4,0.0,10,1e-09,1,2192,3600,4.562043795620439e-13,2880,1589,3068,13876,10276,7200,20.0,1957,1.1632293577138713e-45,8.236092143161126e-15,0.0048997250818537605,8.236092143148746e-15,0.004899725081870233,1.0,115200,True,controle a posteriori 7200/2880
0.2,0.4,0.0,10,1e-09,256,2192,3600,1.782048357664234e-15,1890,1890,3650,11282,7682,7682,21.34,1890,1.1786523165409948e-47,2.926047721682582e-17,8.595663533122172e-16,2.926047721682582e-17,9.180873077458688e-16,5.151865289162098e-10,120020,True,b=b_min
0.2,0.4,0.0,10,1e-09,256,2192,3600,1.782048357664234e-15,2880,1890,3650,14599,10999,7200,20.0,1747,1.1632293577138713e-45,2.926047740060288e-17,0.00647799968296422,2.926047721682582e-17,0.006477999682964279,1.0,115200,True,controle a posteriori 7200/2880
0.2,0.4,0.0,12,1e-06,1,1827,3000,5.473453749315818e-10,1203,1203,2324,7359,4359,4359,14.53,1203,2.0083341896145004e-31,9.495567745759707e-12,2.6248950927926955e-10,9.495567745759707e-12,2.81480644770789e-10,5.142651379962315e-07,95508,True,b=b_min
0.2,0.4,0.0,12,1e-06,1,1827,3000,5.473453749315818e-10,2880,1203,2324,12940,9940,7200,24.0,2051,3.533223666184228e-43,1.021117820479027e-11,0.2394746854391768,9.495567745759707e-12,0.23947468545888353,1.0,129600,True,controle a posteriori 7200/2880
0.2,0.4,0.0,12,1e-06,256,1827,3000,2.1380678708264913e-12,1505,1505,2906,9083,6083,6083,20.28,1505,1.4783231721815037e-38,3.373503341833728e-14,1.026948842872801e-12,3.373503341833728e-14,1.0944189097094754e-12,5.118728570980382e-07,116196,True,b=b_min
0.2,0.4,0.0,12,1e-06,256,1827,3000,2.1380678708264913e-12,2880,1505,2906,13673,10673,7200,24.0,1837,3.533223666184228e-43,4.543386282997841e-12,0.3111364384635937,3.373503341833728e-14,0.3111364384681708,1.0,129600,True,controle a posteriori 7200/2880
0.2,0.4,0.0,12,1e-09,1,1827,3000,5.473453749315818e-13,1579,1579,3049,9504,6504,6504,21.68,1579,2.6784147705407143e-40,1.3177747429037996e-14,2.6015487758802887e-13,1.3177747429037996e-14,2.8651037244610487e-13,5.234544504590336e-10,121248,True,b=b_min
0.2,0.4,0.0,12,1e-09,1,1827,3000,5.473453749315818e-13,2880,1579,3049,13851,10851,7200,24.0,1785,3.533223666184228e-43,6.102029096564443e-12,0.32495356838656836,1.3177747429037996e-14,0.3249535683926835,1.0,129600,True,controle a posteriori 7200/2880
0.2,0.4,0.0,12,1e-09,256,1827,3000,2.1380678708264916e-15,1880,1880,3631,11225,8225,8225,27.42,1880,2.0287277177979158e-47,4.681676354692132e-17,1.0146784087261305e-15,4.681676354692132e-17,1.1083119358199733e-15,5.183707921262313e-10,141900,True,b=b_min
0.2,0.4,0.0,12,1e-09,256,1827,3000,2.1380678708264916e-15,2880,1880,3631,14575,11575,7200,24.0,1577,3.533223666184228e-43,3.5467021217813645e-11,0.4213547967509877,4.681676354692132e-17,0.42135479678645477,1.0,129600,True,controle a posteriori 7200/2880
0.2,0.4,1e-06,6,1e-06,1,3653,6000,2.737476047084588e-10,1241,1241,2397,7575,1575,1575,2.62,1241,2.795936949549357e-32,5.935578567895015e-12,1.2992391592996475e-10,5.935578567895015e-12,1.4179507306575477e-10,5.179774019092021e-07,52650,True,b=b_min
0.2,0.4,1e-06,6,1e-06,1,3653,6000,2.737476047084588e-10,2880,1241,2397,13032,7032,7200,12.0,2931,1.624209982520039e-55,5.935578567895015e-12,3.4224522518051087e-11,5.935578567895015e-12,4.6095679653841117e-11,1.683875177754816e-07,86400,True,controle a posteriori 7200/2880
0.2,0.4,1e-06,6,1e-06,256,3653,6000,1.0693265808924171e-12,1542,1542,2979,9297,3297,3297,5.5,1542,2.1540133214766918e-39,2.108806910705056e-14,5.125588358502777e-13,2.108806910705056e-14,5.547349740643788e-13,5.18770396225837e-07,62982,True,b=b_min
0.2,0.4,1e-06,6,1e-06,256,3653,6000,1.0693265808924171e-12,2880,1542,2979,13766,7766,7200,12.0,2709,1.624209982520039e-55,2.108806910705056e-14,4.689392504452236e-11,2.108806910705056e-14,4.6936101182736456e-11,4.389313987085729e-05,86400,True,controle a posteriori 7200/2880
0.2,0.4,1e-06,6,1e-09,1,3653,6000,2.737476047084588e-13,1617,1617,3122,9724,3724,3724,6.21,1617,3.7101077424588075e-41,5.1484945299271835e-15,1.3092061743933612e-13,5.1484945299271835e-15,1.412176064991905e-13,5.158679165415429e-10,65544,True,b=b_min
0.2,0.4,1e-06,6,1e-09,1,3653,6000,2.737476047084588e-13,2880,1617,3122,13945,7945,7200,12.0,2655,1.624209982520039e-55,5.1484945299271835e-15,5.073346311517083e-11,5.1484945299271835e-15,5.0743760104230686e-11,1.853669556607547e-07,86400,True,controle a posteriori 7200/2880
0.2,0.4,1e-06,6,1e-09,256,3653,6000,1.0693265808924172e-15,1919,1919,3707,11448,5448,5448,9.08,1919,2.804438270815496e-48,1.8291697633593955e-17,5.162972878451243e-16,1.8291697633593955e-17,5.528806831123122e-16,5.170363226647747e-10,75888,True,b=b_min
0.2,0.4,1e-06,6,1e-09,256,3653,6000,1.0693265808924172e-15,2880,1919,3707,14669,8669,7200,12.0,2440,1.624209982520039e-55,1.8291697633593955e-17,6.948300980320975e-11,1.8291697633593955e-17,6.9483046386605e-11,6.497832152326862e-05,86400,True,controle a posteriori 7200/2880
0.2,0.4,1e-06,8,1e-06,1,2740,4500,3.6496350364963504e-10,1226,1226,2367,7488,2988,2988,6.64,1226,6.396008976495281e-32,5.935578567895015e-12,1.7600887853289212e-10,5.935578567895015e-12,1.8788003566868213e-10,5.147912977321891e-07,67104,True,b=b_min
0.2,0.4,1e-06,8,1e-06,1,2740,4500,3.6496350364963504e-10,2880,1226,2367,12994,8494,7200,16.0,2488,2.5519856513138305e-49,5.935578567895015e-12,4.268180002337167e-06,5.935578567895015e-12,4.268191873494302e-06,0.011694845733374388,100800,True,controle a posteriori 7200/2880
0.2,0.4,1e-06,8,1e-06,256,2740,4500,1.4256386861313869e-12,1527,1527,2949,9210,4710,4710,10.47,1527,4.927539064096527e-39,3.374082284505378e-14,6.748395138594951e-13,3.374082284505378e-14,7.423211595496025e-13,5.206937541544732e-07,80880,True,b=b_min
0.2,0.4,1e-06,8,1e-06,256,2740,4500,1.4256386861313869e-12,2880,1527,2949,13728,9228,7200,16.0,2269,2.5519856513138305e-49,3.374082284505378e-14,5.6097794826730905e-06,3.374082284505378e-14,5.609779550154737e-06,1.0,100800,True,controle a posteriori 7200/2880
0.2,0.4,1e-06,8,1e-09,1,2740,4500,3.6496350364963506e-13,1601,1601,3092,9633,5133,5133,11.41,1601,8.816404529704035e-41,8.237569830180518e-15,1.7327336491946028e-13,8.237569830180518e-15,1.8974850457982134e-13,5.199109025487104e-10,84264,True,b=b_min
0.2,0.4,1e-06,8,1e-09,1,2740,4500,3.6496350364963506e-13,2880,1601,3092,13907,9407,7200,16.0,2216,2.5519856513138305e-49,8.237569830180518e-15,6.043244321356525e-06,8.237569830180518e-15,6.043244337831665e-06,0.016558489485658762,100800,True,controle a posteriori 7200/2880
0.2,0.4,1e-06,8,1e-09,256,2740,4500,1.425638686131387e-15,1904,1904,3677,11361,6861,6861,15.25,1904,6.415456670814466e-48,2.926664012040992e-17,6.797150066635015e-16,2.926664012040992e-17,7.382482869043214e-16,5.178368783661672e-10,98088,True,b=b_min
0.2,0.4,1e-06,8,1e-09,256,2740,4500,1.425638686131387e-15,2880,1904,3677,14631,10131,7200,16.0,2004,2.5519856513138305e-49,2.926664012040992e-17,8.135092748452094e-06,2.926664012040992e-17,8.135092748510628e-06,1.0,100800,True,controle a posteriori 7200/2880
0.2,0.4,1e-06,10,1e-06,1,2192,3600,4.5620437956204375e-10,1213,1213,2343,7415,3815,3815,10.6,1213,1.2807348261488753e-31,9.49690101666469e-12,2.1817990796232292e-10,9.49690101666469e-12,2.371737099956523e-10,5.198847723104698e-07,81350,True,b=b_min
0.2,0.4,1e-06,10,1e-06,1,2192,3600,4.5620437956204375e-10,2880,1213,2343,12964,9364,7200,20.0,2225,1.3323547050230056e-45,9.49690101666469e-12,0.0034512159179437268,9.49690101666469e-12,0.003451215936937529,1.0,115200,True,controle a posteriori 7200/2880
0.2,0.4,1e-06,10,1e-06,256,2192,3600,1.7820483576642334e-12,1515,1515,2925,9141,5541,5541,15.39,1515,9.498541714727316e-39,3.374082284505378e-14,8.558249726907549e-13,3.374082284505378e-14,9.233066183808625e-13,5.181153555176577e-07,98610,True,b=b_min
0.2,0.4,1e-06,10,1e-06,256,2192,3600,1.7820483576642334e-12,2880,1515,2925,13699,10099,7200,20.0,2008,1.3323547050230056e-45,3.3740822845060025e-14,0.00456932847726611,3.374082284505378e-14,0.004569328477333593,1.0,115200,True,controle a posteriori 7200/2880
0.2,0.4,1e-06,10,1e-09,1,2192,3600,4.562043795620439e-13,1589,1589,3068,9564,5964,5964,16.57,1589,1.6994890372250733e-40,8.237569830180518e-15,2.1973959736539494e-13,8.237569830180518e-15,2.36214737025756e-13,5.177827035604571e-10,102840,True,b=b_min
0.2,0.4,1e-06,10,1e-09,1,2192,3600,4.562043795620439e-13,2880,1589,3068,13878,10278,7200,20.0,1956,1.3323547050230056e-45,8.237569830192908e-15,0.0049005370535406805,8.237569830180518e-15,0.004900537053557155,1.0,115200,True,controle a posteriori 7200/2880
0.2,0.4,1e-06,10,1e-09,256,2192,3600,1.782048357664234e-15,1892,1892,3653,11293,7693,7693,21.37,1892,1.2249648037947857e-47,2.926664012040992e-17,8.547735003117094e-16,2.926664012040992e-17,9.133067805525293e-16,5.125039265206129e-10,120130,True,b=b_min
0.2,0.4,1e-06,10,1e-09,256,2192,3600,1.782048357664234e-15,2880,1892,3653,14603,11003,7200,20.0,1746,1.3323547050230056e-45,2.926664030432216e-17,0.006479054374869888,2.926664012040992e-17,0.006479054374869947,1.0,115200,True,controle a posteriori 7200/2880
0.2,0.4,1e-06,12,1e-06,1,1827,3000,5.473453749315818e-10,1203,1203,2324,7359,4359,4359,14.53,1203,2.1816514403893583e-31,9.49690101666469e-12,2.627090260078979e-10,9.49690101666469e-12,2.817028280412273e-10,5.146710668313223e-07,95508,True,b=b_min
0.2,0.4,1e-06,12,1e-06,1,1827,3000,5.473453749315818e-10,2880,1203,2324,12940,9940,7200,24.0,2051,4.009722163144771e-43,1.0212865996535409e-11,0.23950436672113123,9.49690101666469e-12,0.239504366740841,1.0,129600,True,controle a posteriori 7200/2880
0.2,0.4,1e-06,12,1e-06,256,1827,3000,2.1380678708264913e-12,1505,1505,2906,9085,6085,6085,20.28,1505,1.6180170001189946e-38,3.374082284505378e-14,1.0301526269600595e-12,3.374082284505378e-14,1.0976342726501672e-12,5.13376720929755e-07,116220,True,b=b_min
0.2,0.4,1e-06,12,1e-06,256,1827,3000,2.1380678708264913e-12,2880,1505,2906,13676,10676,7200,24.0,1836,4.009722163144771e-43,4.545548081141805e-12,0.31117409216528014,3.374082284505378e-14,0.3111740921698594,1.0,129600,True,controle a posteriori 7200/2880
0.2,0.4,1e-06,12,1e-09,1,1827,3000,5.473453749315818e-13,1579,1579,3049,9507,6507,6507,21.69,1579,2.9226400915322948e-40,1.3180077460053167e-14,2.593016390528139e-13,1.3180077460053167e-14,2.856617939729202e-13,5.219040975885252e-10,121284,True,b=b_min
0.2,0.4,1e-06,12,1e-09,1,1827,3000,5.473453749315818e-13,2880,1579,3049,13854,10854,7200,24.0,1784,4.009722163144771e-43,6.104924865757192e-12,0.32499288944503696,1.3180077460053167e-14,0.32499288945115506,1.0,129600,True,controle a posteriori 7200/2880
0.2,0.4,1e-06,12,1e-09,256,1827,3000,2.1380678708264916e-15,1882,1882,3634,11235,8235,8235,27.45,1882,2.126725334396647e-47,4.682650244362778e-17,1.0172038485432427e-15,4.682650244362778e-17,1.1108568534304984e-15,5.195610806316852e-10,142020,True,b=b_min
0.2,0.4,1e-06,12,1e-09,256,1827,3000,2.1380678708264916e-15,2880,1882,3634,14578,11578,7200,24.0,1576,4.009722163144771e-43,3.548326182996646e-11,0.4214044520898485,4.682650244362778e-17,0.42140445212533184,1.0,129600,True,controle a posteriori 7200/2880
0.2,0.4,0.0001,6,1e-06,1,3653,6000,2.737476047084588e-10,1243,1243,2400,7586,1586,1586,2.64,1243,4.807994689045069e-32,6.0202035949410104e-12,1.302692489336668e-10,6.0202035949410104e-12,1.4230965612354881e-10,5.198571738193238e-07,52716,True,b=b_min
0.2,0.4,0.0001,6,1e-06,1,3653,6000,2.737476047084588e-10,2880,1243,2400,13037,7037,7200,12.0,2929,5.816774648560971e-55,6.0202035949410104e-12,3.608592352692073e-11,6.0202035949410104e-12,4.8126330716802757e-11,1.7580548610848046e-07,86400,True,controle a posteriori 7200/2880
0.2,0.4,0.0001,6,1e-06,256,3653,6000,1.0693265808924171e-12,1544,1544,2983,9325,3325,3325,5.54,1544,3.828923968721915e-39,2.1454892607624554e-14,5.11304123437062e-13,2.1454892607624554e-14,5.542139086523112e-13,5.182831125265645e-07,63150,True,b=b_min
0.2,0.4,0.0001,6,1e-06,256,3653,6000,1.0693265808924171e-12,2880,1544,2983,13788,7788,7200,12.0,2702,5.816774648560971e-55,2.1454892607624554e-14,4.9249513366646386e-11,2.1454892607624554e-14,4.929242315186163e-11,4.609669677408014e-05,86400,True,controle a posteriori 7200/2880
0.2,0.4,0.0001,6,1e-09,1,3653,6000,2.737476047084588e-13,1619,1619,3128,9753,3753,3753,6.25,1619,6.85345485165115e-41,5.242098010206846e-15,1.3141100142971738e-13,5.242098010206846e-15,1.4189519745013108e-13,5.183431562853288e-10,65718,True,b=b_min
0.2,0.4,0.0001,6,1e-09,1,3653,6000,2.737476047084588e-13,2880,1619,3128,13969,7969,7200,12.0,2648,5.816774648560971e-55,5.242098010206846e-15,5.3237077774204135e-11,5.242098010206846e-15,5.324756197022455e-11,1.945133438772303e-07,86400,True,controle a posteriori 7200/2880
0.2,0.4,0.0001,6,1e-09,256,3653,6000,1.0693265808924172e-15,1931,1931,3729,11519,5519,5519,9.2,1931,4.234516492959931e-48,1.8681868158435973e-17,5.131584376287481e-16,1.8681868158435973e-17,5.505221739456201e-16,5.148307203643777e-10,76314,True,b=b_min
0.2,0.4,0.0001,6,1e-09,256,3653,6000,1.0693265808924172e-15,2880,1931,3729,14699,8699,7200,12.0,2431,5.816774648560971e-55,1.8681868158435973e-17,7.269133747579805e-11,1.8681868158435973e-17,7.269137483953438e-11,6.797864762593768e-05,86400,True,controle a posteriori 7200/2880
0.2,0.4,0.0001,8,1e-06,1,2740,4500,3.6496350364963504e-10,1227,1227,2369,7496,2996,2996,6.66,1227,1.1203634916469002e-31,6.0202035949410104e-12,1.7561802995595286e-10,6.0202035949410104e-12,1.8765843714583489e-10,5.141841177795876e-07,67168,True,b=b_min
0.2,0.4,0.0001,8,1e-06,1,2740,4500,3.6496350364963504e-10,2880,1227,2369,12999,8499,7200,16.0,2486,7.725591208275901e-49,6.0202035949410104e-12,4.371486954737337e-06,6.0202035949410104e-12,4.371498995144527e-06,0.011977907246696003,100800,True,controle a posteriori 7200/2880
0.2,0.4,0.0001,8,1e-06,256,2740,4500,1.4256386861313869e-12,1529,1529,2952,9237,4737,4737,10.53,1529,8.756032786317214e-39,3.4318904364683727e-14,6.76790430182041e-13,3.4318904364683727e-14,7.454282389114084e-13,5.228731839020183e-07,81096,True,b=b_min
0.2,0.4,0.0001,8,1e-06,256,2740,4500,1.4256386861313869e-12,2880,1529,2952,13750,9250,7200,16.0,2263,7.725591208275901e-49,3.4318904364683727e-14,5.743655809492605e-06,3.4318904364683727e-14,5.743655878130414e-06,1.0,100800,True,controle a posteriori 7200/2880
0.2,0.4,0.0001,8,1e-09,1,2740,4500,3.6496350364963506e-13,1604,1604,3097,9665,5165,5165,11.48,1604,1.5672569074447598e-40,8.385176452416936e-15,1.7394197191921488e-13,8.385176452416936e-15,1.9071232482404876e-13,5.225517700178936e-10,84520,True,b=b_min
0.2,0.4,0.0001,8,1e-09,1,2740,4500,3.6496350364963506e-13,2880,1604,3097,13930,9430,7200,16.0,2209,7.725591208275901e-49,8.385176452416936e-15,6.187060517611132e-06,8.385176452416936e-15,6.187060534381485e-06,0.01695254586420527,100800,True,controle a posteriori 7200/2880
0.2,0.4,0.0001,8,1e-09,256,2740,4500,1.425638686131387e-15,1915,1915,3699,11427,6927,6927,15.39,1915,1.0054561398726698e-47,2.988321863960988e-17,6.826830507397508e-16,2.988321863960988e-17,7.424494880189705e-16,5.207837688760266e-10,98616,True,b=b_min
0.2,0.4,0.0001,8,1e-09,256,2740,4500,1.425638686131387e-15,2880,1915,3699,14661,10161,7200,16.0,1995,7.725591208275901e-49,2.988321863960988e-17,8.326285269989598e-06,2.988321863960988e-17,8.326285270049365e-06,1.0,100800,True,controle a posteriori 7200/2880
0.2,0.4,0.0001,10,1e-06,1,2192,3600,4.5620437956204375e-10,1215,1215,2346,7426,3826,3826,10.63,1215,2.163269319906429e-31,9.629821747850772e-12,2.181638122425072e-10,9.629821747850772e-12,2.3742345573820873e-10,5.204322149781535e-07,81460,True,b=b_min
0.2,0.4,0.0001,10,1e-06,1,2192,3600,4.5620437956204375e-10,2880,1215,2346,12969,9369,7200,20.0,2223,3.646543640171403e-45,9.629821747850772e-12,0.0035096128713245586,9.629821747850772e-12,0.003509612890584202,1.0,115200,True,controle a posteriori 7200/2880
0.2,0.4,0.0001,10,1e-06,256,2192,3600,1.7820483576642334e-12,1517,1517,2929,9168,5568,5568,15.47,1517,1.6748536166905032e-38,3.4318904364683727e-14,8.561535751171604e-13,3.4318904364683727e-14,9.24791383846528e-13,5.189485346282469e-07,98880,True,b=b_min
0.2,0.4,0.0001,10,1e-06,256,2192,3600,1.7820483576642334e-12,2880,1517,2929,13720,10120,7200,20.0,2002,3.646543640171403e-45,3.431890436469046e-14,0.004645310194919915,3.4318904364683727e-14,0.004645310194988553,1.0,115200,True,controle a posteriori 7200/2880
0.2,0.4,0.0001,10,1e-09,1,2192,3600,4.562043795620439e-13,1591,1591,3073,9593,5993,5993,16.65,1591,3.0835867289373847e-40,8.385176452416936e-15,2.193395059329031e-13,8.385176452416936e-15,2.3610985883773696e-13,5.175528105723194e-10,103130,True,b=b_min
0.2,0.4,0.0001,10,1e-09,1,2192,3600,4.562043795620439e-13,2880,1591,3073,13901,10301,7200,20.0,1949,3.646543640171403e-45,8.385176452430285e-15,0.004981691874147917,8.385176452416936e-15,0.004981691874164687,1.0,115200,True,controle a posteriori 7200/2880
0.2,0.4,0.0001,10,1e-09,256,2192,3600,1.782048357664234e-15,1903,1903,3675,11359,7759,7759,21.55,1903,1.9052432887935164e-47,2.988321863960988e-17,8.564392949810431e-16,2.988321863960988e-17,9.162057322602627e-16,5.14130679069311e-10,120790,True,b=b_min
0.2,0.4,0.0001,10,1e-09,256,2192,3600,1.782048357664234e-15,2880,1903,3675,14632,11032,7200,20.0,1737,3.646543640171403e-45,2.9883218837404024e-17,0.006584455932399107,2.988321863960988e-17,0.006584455932399166,1.0,115200,True,controle a posteriori 7200/2880
0.2,0.4,0.0001,12,1e-06,1,1827,3000,5.473453749315818e-10,1205,1205,2327,7370,4370,4370,14.57,1205,3.6619457416651935e-31,9.629821747850772e-12,2.624981288052163e-10,9.629821747850772e-12,2.817577723009178e-10,5.147714499937769e-07,95640,True,b=b_min
0.2,0.4,0.0001,12,1e-06,1,1827,3000,5.473453749315818e-10,2880,1205,2327,12945,9945,7200,24.0,2050,1.0260799691140776e-42,1.0381751331722509e-11,0.24246519039501802,9.629821747850772e-12,0.2424651904150296,1.0,129600,True,controle a posteriori 7200/2880
0.2,0.4,0.0001,12,1e-06,256,1827,3000,2.1380678708264913e-12,1507,1507,2910,9112,6112,6112,20.37,1507,2.8351638943493293e-38,3.4318904364683727e-14,1.0286823689306357e-12,3.4318904364683727e-14,1.0973201776600031e-12,5.132298149337154e-07,116544,True,b=b_min
0.2,0.4,0.0001,12,1e-06,256,1827,3000,2.1380678708264913e-12,2880,1507,2910,13696,10696,7200,24.0,1830,1.0260799691140776e-42,4.764649502953578e-12,0.31492969221603434,3.4318904364683727e-14,0.3149296922208333,1.0,129600,True,controle a posteriori 7200/2880
0.2,0.4,0.0001,12,1e-09,1,1827,3000,5.473453749315818e-13,1581,1581,3054,9536,6536,6536,21.79,1581,5.269138914080983e-40,1.3412794648490955e-14,2.584114438726077e-13,1.3412794648490955e-14,2.852370331695896e-13,5.211280596008401e-10,121632,True,b=b_min
0.2,0.4,0.0001,12,1e-09,1,1827,3000,5.473453749315818e-13,2880,1581,3054,13876,10876,7200,24.0,1778,1.0260799691140776e-42,6.3983801005013745e-12,0.3289120885789109,1.3412794648490955e-14,0.3289120885853227,1.0,129600,True,controle a posteriori 7200/2880
0.2,0.4,0.0001,12,1e-09,256,1827,3000,2.1380678708264916e-15,1893,1893,3656,11301,8301,8301,27.67,1893,3.286367198939629e-47,4.780072039313058e-17,1.0173293806959881e-15,4.780072039313058e-17,1.1129308214822493e-15,5.205311003771057e-10,142812,True,b=b_min
0.2,0.4,0.0001,12,1e-09,256,1827,3000,2.1380678708264916e-15,2880,1893,3656,14608,11608,7200,24.0,1568,1.0260799691140776e-42,3.7127630861723876e-11,0.42635636554537654,4.780072039313058e-17,0.4263563655825042,1.0,129600,True,controle a posteriori 7200/2880
0.2,0.4,0.001,6,1e-06,1,3653,6000,2.737476047084588e-10,1256,1256,2425,7667,1667,1667,2.78,1256,4.789227604852803e-32,4.290375650026082e-12,1.3198598324926575e-10,4.290375650026082e-12,1.4056673454931793e-10,5.134902813086584e-07,53202,True,b=b_min
0.2,0.4,0.001,6,1e-06,1,3653,6000,2.737476047084588e-10,2880,1256,2425,13079,7079,7200,12.0,2916,2.148561925335021e-54,4.290375650026082e-12,5.124822907191317e-11,4.290375650026082e-12,5.982898037196533e-11,2.1855526529878936e-07,86400,True,controle a posteriori 7200/2880
0.2,0.4,0.001,6,1e-06,256,3653,6000,1.0693265808924171e-12,1561,1561,3014,9426,3426,3426,5.71,1561,3.763217981722202e-39,2.50953128376576e-14,5.08798732539882e-13,2.50953128376576e-14,5.589893582151972e-13,5.227489601433896e-07,63756,True,b=b_min
0.2,0.4,0.001,6,1e-06,256,3653,6000,1.0693265808924171e-12,2880,1561,3014,13836,7836,7200,12.0,2688,2.148561925335021e-54,2.50953128376576e-14,6.802852308002169e-11,2.50953128376576e-14,6.8078713705697e-11,6.366503453872925e-05,86400,True,controle a posteriori 7200/2880
0.2,0.4,0.001,6,1e-09,1,3653,6000,2.737476047084588e-13,1636,1636,3160,9856,3856,3856,6.43,1636,6.898643178999433e-41,6.174746731423583e-15,1.3054036523976297e-13,6.174746731423583e-15,1.4288985870261013e-13,5.219766538406348e-10,66336,True,b=b_min
0.2,0.4,0.001,6,1e-09,1,3653,6000,2.737476047084588e-13,2880,1636,3160,14018,8018,7200,12.0,2634,2.148561925335021e-54,6.174746731423583e-15,7.349704908646323e-11,6.174746731423583e-15,7.350939857992608e-11,2.6852983301247e-07,86400,True,controle a posteriori 7200/2880
0.2,0.4,0.001,6,1e-09,256,3653,6000,1.0693265808924172e-15,1952,1952,3769,11643,5643,5643,9.4,1952,4.177956438480535e-48,2.2632122686599168e-17,5.092052865418239e-16,2.2632122686599168e-17,5.544695319150223e-16,5.185221632219076e-10,77058,True,b=b_min
0.2,0.4,0.001,6,1e-09,256,3653,6000,1.0693265808924172e-15,2880,1952,3769,14755,8755,7200,12.0,2415,2.148561925335021e-54,2.2632122686599168e-17,1.0013484532370951e-10,2.2632122686599168e-17,1.0013489058795489e-10,9.364294536135659e-05,86400,True,controle a posteriori 7200/2880
0.2,0.4,0.001,8,1e-06,1,2740,4500,3.6496350364963504e-10,1240,1240,2394,7575,3075,3075,6.83,1240,1.1268314875669935e-31,6.8467815884601545e-12,1.7536732438492748e-10,6.8467815884601545e-12,1.8906088756184777e-10,5.180268319194629e-07,67800,True,b=b_min
0.2,0.4,0.001,8,1e-06,1,2740,4500,3.6496350364963504e-10,2880,1240,2394,13040,8540,7200,16.0,2474,2.4588809465334915e-48,6.8467815884601545e-12,5.426563364451817e-06,6.8467815884601545e-12,5.426577058014994e-06,0.014868821138961083,100800,True,controle a posteriori 7200/2880
0.2,0.4,0.001,8,1e-06,256,2740,4500,1.4256386861313869e-12,1545,1545,2983,9336,4836,4836,10.75,1545,8.691100117548992e-39,2.50953128376576e-14,6.825030376846291e-13,2.50953128376576e-14,7.326936633599443e-13,5.139406432271993e-07,81888,True,b=b_min
0.2,0.4,0.001,8,1e-06,256,2740,4500,1.4256386861313869e-12,2880,1545,2983,13798,9298,7200,16.0,2249,2.4588809465334915e-48,2.50953128376576e-14,7.289720041615244e-06,2.50953128376576e-14,7.28972009180587e-06,1.0,100800,True,controle a posteriori 7200/2880
0.2,0.4,0.001,8,1e-09,1,2740,4500,3.6496350364963506e-13,1620,1620,3129,9766,5266,5266,11.7,1620,1.5932321442749257e-40,6.174746731423583e-15,1.751175436228106e-13,6.174746731423583e-15,1.8746703708565775e-13,5.136596816147022e-10,85328,True,b=b_min
0.2,0.4,0.001,8,1e-09,1,2740,4500,3.6496350364963506e-13,2880,1620,3129,13980,9480,7200,16.0,2195,2.4588809465334915e-48,6.174746731423583e-15,7.846990400200107e-06,6.174746731423583e-15,7.8469904125496e-06,0.021500753730385902,100800,True,controle a posteriori 7200/2880
0.2,0.4,0.001,8,1e-09,256,2740,4500,1.425638686131387e-15,1936,1936,3738,11552,7052,7052,15.67,1936,9.739089228750865e-48,2.2632122686599168e-17,6.88568882891585e-16,2.2632122686599168e-17,7.338331282647834e-16,5.147399094900496e-10,99616,True,b=b_min
0.2,0.4,0.001,8,1e-09,256,2740,4500,1.425638686131387e-15,2880,1936,3738,14718,10218,7200,16.0,1979,2.4588809465334915e-48,2.2632122686599168e-17,1.0531410353198014e-05,2.2632122686599168e-17,1.0531410353243279e-05,1.0,100800,True,controle a posteriori 7200/2880
0.2,0.4,0.001,10,1e-06,1,2192,3600,4.5620437956204375e-10,1228,1228,2371,7506,3906,3906,10.85,1228,2.14069156093701e-31,1.0926413429507502e-11,2.1555884731219912e-10,1.0926413429507502e-11,2.374116741712141e-10,5.204063897833014e-07,82260,True,b=b_min
0.2,0.4,0.001,10,1e-06,1,2192,3600,4.5620437956204375e-10,2880,1228,2371,13009,9409,7200,20.0,2212,1.0614298026269045e-44,1.0926413429507504e-11,0.0040855372338382,1.0926413429507502e-11,0.004085537255691027,1.0,115200,True,controle a posteriori 7200/2880
0.2,0.4,0.001,10,1e-06,256,2192,3600,1.7820483576642334e-12,1533,1533,2960,9266,5666,5666,15.74,1533,1.666513880937359e-38,4.004827080642164e-14,8.446125918855124e-13,4.004827080642164e-14,9.247091334983558e-13,5.189023796808693e-07,99860,True,b=b_min
0.2,0.4,0.001,10,1e-06,256,2192,3600,1.7820483576642334e-12,2880,1533,2960,13768,10168,7200,20.0,1989,1.0614298026269045e-44,4.004827080643492e-14,0.005394022234129597,4.004827080642164e-14,0.005394022234209694,1.0,115200,True,controle a posteriori 7200/2880
0.2,0.4,0.001,10,1e-09,1,2192,3600,4.562043795620439e-13,1608,1608,3105,9696,6096,6096,16.93,1608,3.0550142652579908e-40,9.85394885733572e-15,2.1671095584780523e-13,9.85394885733572e-15,2.3641885356247667e-13,5.182301270089489e-10,104160,True,b=b_min
0.2,0.4,0.001,10,1e-09,1,2192,3600,4.562043795620439e-13,2880,1608,3105,13950,10350,7200,20.0,1936,1.0614298026269045e-44,9.853948857361941e-15,0.00578101009869413,9.85394885733572e-15,0.005781010098713838,1.0,115200,True,controle a posteriori 7200/2880
0.2,0.4,0.001,10,1e-09,256,2192,3600,1.782048357664234e-15,1923,1923,3714,11479,7879,7879,21.89,1923,1.9203027623135663e-47,3.611739706695299e-17,8.495306563306004e-16,3.611739706695299e-17,9.217654504645064e-16,5.172505260590587e-10,121990,True,b=b_min
0.2,0.4,0.001,10,1e-09,256,2192,3600,1.782048357664234e-15,2880,1923,3714,14688,11088,7200,20.0,1722,1.0614298026269045e-44,3.6117397449428274e-17,0.0076218443873348,3.611739706695299e-17,0.0076218443873348725,1.0,115200,True,controle a posteriori 7200/2880
0.2,0.4,0.001,12,1e-06,1,1827,3000,5.473453749315818e-10,1218,1218,2351,7449,4449,4449,14.83,1218,3.637311559319901e-31,1.0926413429507502e-11,2.609730978348572e-10,1.0926413429507502e-11,2.828259246938722e-10,5.167229644157044e-07,96588,True,b=b_min
0.2,0.4,0.001,12,1e-06,1,1827,3000,5.473453749315818e-10,2880,1218,2351,12985,9985,7200,24.0,2038,2.81401966493589e-42,1.2098097838406764e-11,0.27093035622375383,1.0926413429507502e-11,0.27093035624677836,1.0,129600,True,controle a posteriori 7200/2880
0.2,0.4,0.001,12,1e-06,256,1827,3000,2.1380678708264913e-12,1522,1522,2940,9205,6205,6205,20.68,1522,2.9389458223575685e-38,4.004827080642164e-14,1.0262575536876557e-12,4.004827080642164e-14,1.1063540953004991e-12,5.17455086621187e-07,117660,True,b=b_min
0.2,0.4,0.001,12,1e-06,256,1827,3000,2.1380678708264913e-12,2880,1522,2940,13743,10743,7200,24.0,1817,2.81401966493589e-42,7.297041754385232e-12,0.35107025227899485,4.004827080642164e-14,0.35107025228633193,1.0,129600,True,controle a posteriori 7200/2880
0.2,0.4,0.001,12,1e-09,1,1827,3000,5.473453749315818e-13,1598,1598,3086,9639,6639,6639,22.13,1598,5.190863972970581e-40,9.85394885733572e-15,2.619634793956851e-13,9.85394885733572e-15,2.8167137711035654e-13,5.146136059806214e-10,122868,True,b=b_min
0.2,0.4,0.001,12,1e-09,1,1827,3000,5.473453749315818e-13,2880,1598,3086,13926,10926,7200,24.0,1764,2.81401966493589e-42,1.1338076300681675e-11,0.3744655199654038,9.85394885733572e-15,0.37446551997675176,1.0,129600,True,controle a posteriori 7200/2880
0.2,0.4,0.001,12,1e-09,256,1827,3000,2.1380678708264916e-15,1913,1913,3694,11422,8422,8422,28.07,1913,3.262842514173202e-47,3.611739706695299e-17,1.0268787308498257e-15,3.611739706695299e-17,1.0991135249837317e-15,5.140685849971912e-10,144264,True,b=b_min
0.2,0.4,0.001,12,1e-09,256,1827,3000,2.1380678708264916e-15,2880,1913,3694,14664,11664,7200,24.0,1552,2.81401966493589e-42,6.449231722992802e-11,0.4842108456690909,3.611739706695299e-17,0.48421084573358325,1.0,129600,True,controle a posteriori 7200/2880
0.2,0.4,0.01,6,1e-06,1,3653,6000,2.737476047084588e-10,1398,1398,2698,8540,2540,2540,4.23,1398,2.401325003558919e-32,6.516805815150334e-12,1.2956747243428614e-10,6.516805815150334e-12,1.4260108406458681e-10,5.209217600879356e-07,58440,True,b=b_min
0.2,0.4,0.01,6,1e-06,1,3653,6000,2.737476047084588e-10,2880,1398,2698,13518,7518,7200,12.0,2784,1.8412221467940393e-49,6.516805815150334e-12,1.2670342286369502e-09,6.516805815150334e-12,1.2800678402672509e-09,4.6760878204962676e-06,86400,True,controle a posteriori 7200/2880
0.2,0.4,0.01,6,1e-06,256,3653,6000,1.0693265808924171e-12,1737,1737,3353,10478,4478,4478,7.46,1737,1.8303085370295676e-39,2.026915665773679e-14,5.141032278676312e-13,2.026915665773679e-14,5.546415411831048e-13,5.186830207851218e-07,70068,True,b=b_min
0.2,0.4,0.01,6,1e-06,256,3653,6000,1.0693265808924171e-12,2880,1737,3353,14329,8329,7200,12.0,2543,1.8412221467940393e-49,2.026915665773679e-14,1.7242465387006051e-09,2.026915665773679e-14,1.7242870770139205e-09,0.001612498097236954,86400,True,controle a posteriori 7200/2880
0.2,0.4,0.01,6,1e-09,1,3653,6000,2.737476047084588e-13,1820,1820,3514,10953,4953,4953,8.26,1820,3.2955996133320433e-41,5.3487373379294475e-15,1.3129690383407575e-13,5.3487373379294475e-15,1.4199437850993465e-13,5.187054646967913e-10,72918,True,b=b_min
0.2,0.4,0.01,6,1e-09,1,3653,6000,2.737476047084588e-13,2880,1820,3514,14527,8527,7200,12.0,2484,1.8412221467940393e-49,5.3487373379294475e-15,1.8512431676604844e-09,5.3487373379294475e-15,1.8512538651351604e-09,6.762630369338741e-06,86400,True,controle a posteriori 7200/2880
0.2,0.4,0.01,6,1e-09,256,3653,6000,1.0693265808924172e-15,2161,2161,4171,12897,6897,6897,11.49,2161,2.3876511885011945e-48,2.5936635559308145e-17,5.056716033840392e-16,2.5936635559308145e-17,5.575448745026554e-16,5.213981251988993e-10,84582,True,b=b_min
0.2,0.4,0.01,6,1e-09,256,3653,6000,1.0693265808924172e-15,2880,2161,4171,15327,9327,7200,12.0,2250,1.8412221467940393e-49,2.5936635559308145e-17,2.45884556325621e-09,2.5936635559308145e-17,2.458845615129481e-09,0.0022994337362094064,86400,True,controle a posteriori 7200/2880
0.2,0.4,0.01,8,1e-06,1,2740,4500,3.6496350364963504e-10,1380,1380,2664,8438,3938,3938,8.75,1380,5.689559725064212e-32,6.516805815150334e-12,1.7582243771107963e-10,6.516805815150334e-12,1.888560493413803e-10,5.17465575195382e-07,74704,True,b=b_min
0.2,0.4,0.01,8,1e-06,1,2740,4500,3.6496350364963504e-10,2880,1380,2664,13476,8976,7200,16.0,2347,5.947539481690646e-44,6.516805815150334e-12,4.646082115638351e-05,6.516805815150334e-12,4.6460834189995135e-05,0.12730268568058667,100800,True,controle a posteriori 7200/2880
0.2,0.4,0.01,8,1e-06,256,2740,4500,1.4256386861313869e-12,1719,1719,3319,10376,5876,5876,13.06,1719,4.336626537970109e-39,3.1600732427022714e-14,6.799342274122693e-13,3.1600732427022714e-14,7.431356922663147e-13,5.212650999832838e-07,90208,True,b=b_min
0.2,0.4,0.01,8,1e-06,256,2740,4500,1.4256386861313869e-12,2880,1719,3319,14287,9787,7200,16.0,2109,5.947539481690646e-44,3.1600732427022714e-14,6.07918642929911e-05,3.1600732427022714e-14,6.0791864356192565e-05,1.0,100800,True,controle a posteriori 7200/2880
0.2,0.4,0.01,8,1e-09,1,2740,4500,3.6496350364963506e-13,1803,1803,3480,10855,6355,6355,14.12,1803,7.548677611570589e-41,8.338976322126227e-15,1.728725789589889e-13,8.338976322126227e-15,1.8955053160324135e-13,5.193684565928813e-10,94040,True,b=b_min
0.2,0.4,0.01,8,1e-09,1,2740,4500,3.6496350364963506e-13,2880,1803,3480,14485,9985,7200,16.0,2052,5.947539481690646e-44,8.338976322126227e-15,6.501224467040821e-05,8.338976322126227e-15,6.501224468708617e-05,0.17813355044261608,100800,True,controle a posteriori 7200/2880
0.2,0.4,0.01,8,1e-09,256,2740,4500,1.425638686131387e-15,2143,2143,4137,12795,8295,8295,18.43,2143,5.657161783375726e-48,2.5936635559308145e-17,6.859259090580989e-16,2.5936635559308145e-17,7.377991801767151e-16,5.175218569431551e-10,109560,True,b=b_min
0.2,0.4,0.01,8,1e-09,256,2740,4500,1.425638686131387e-15,2880,2143,4137,15286,10786,7200,16.0,1821,5.947539481690646e-44,2.5936635559308145e-17,8.691443007907189e-05,2.5936635559308145e-17,8.691443007912376e-05,1.0,100800,True,controle a posteriori 7200/2880
0.2,0.4,0.01,10,1e-06,1,2192,3600,4.5620437956204375e-10,1367,1367,2638,8362,4762,4762,13.23,1367,1.0819645676286408e-31,1.016005945984068e-11,2.174556528238278e-10,1.016005945984068e-11,2.3777577174350917e-10,5.212044916617721e-07,90820,True,b=b_min
0.2,0.4,0.01,10,1e-06,1,2192,3600,4.5620437956204375e-10,2880,1367,2638,13443,9843,7200,20.0,2089,1.2019212674324403e-40,1.016005945984205e-11,0.01864195823564015,1.016005945984068e-11,0.01864195825596027,1.0,115200,True,controle a posteriori 7200/2880
0.2,0.4,0.01,10,1e-06,256,2192,3600,1.7820483576642334e-12,1706,1706,3293,10301,6701,6701,18.61,1706,8.177368713670107e-39,3.1600732427022714e-14,8.559384697092343e-13,3.1600732427022714e-14,9.191399345632796e-13,5.157772125600534e-07,110210,True,b=b_min
0.2,0.4,0.01,10,1e-06,256,2192,3600,1.7820483576642334e-12,2880,1706,3293,14255,10655,7200,20.0,1853,1.2019212674324403e-40,3.160073244957615e-14,0.024520283932023032,3.1600732427022714e-14,0.02452028393208623,1.0,115200,True,controle a posteriori 7200/2880
0.2,0.4,0.01,10,1e-09,1,2192,3600,4.562043795620439e-13,1789,1789,3454,10776,7176,7176,19.93,1789,1.472392912212539e-40,8.338976322126227e-15,2.186122428842131e-13,8.338976322126227e-15,2.352901955284656e-13,5.157561085983966e-10,114960,True,b=b_min
0.2,0.4,0.01,10,1e-09,1,2192,3600,4.562043795620439e-13,2880,1789,3454,14453,10853,7200,20.0,1796,1.2019212674324403e-40,8.338976364703213e-15,0.02611656898038633,8.338976322126227e-15,0.026116568980403012,1.0,115200,True,controle a posteriori 7200/2880
0.2,0.4,0.01,10,1e-09,256,2192,3600,1.782048357664234e-15,2130,2130,4111,12719,9119,9119,25.33,2130,1.0758035592791512e-47,4.0436644415299314e-17,8.481246393361378e-16,4.0436644415299314e-17,9.289979281667364e-16,5.213090453866205e-10,134390,True,b=b_min
0.2,0.4,0.01,10,1e-09,256,2192,3600,1.782048357664234e-15,2880,2130,4111,15253,11653,7200,20.0,1568,1.2019212674324403e-40,4.043716319791362e-17,0.03359021245508218,4.0436644415299314e-17,0.033590212455082265,1.0,115200,True,controle a posteriori 7200/2880
0.2,0.4,0.01,12,1e-06,1,1827,3000,5.473453749315818e-10,1355,1355,2616,8296,5296,5296,17.65,1355,1.8906851318492356e-31,1.016005945984068e-11,2.6258181087437166e-10,1.016005945984068e-11,2.82901929794053e-10,5.168618257337349e-07,106752,True,b=b_min
0.2,0.4,0.01,12,1e-06,1,1827,3000,5.473453749315818e-10,2880,1355,2616,13417,10417,7200,24.0,1918,1.9211818599868774e-38,1.3390885355387498e-10,0.8270121957055597,1.016005945984068e-11,0.8270121958496287,1.0,129600,True,controle a posteriori 7200/2880
0.2,0.4,0.01,12,1e-06,256,1827,3000,2.1380678708264913e-12,1695,1695,3271,10237,7237,7237,24.12,1695,1.4049928338091226e-38,4.9267283626381873e-14,1.0180898042238456e-12,4.9267283626381873e-14,1.1166243714766095e-12,5.22258618032068e-07,130044,True,b=b_min
0.2,0.4,0.01,12,1e-06,256,1827,3000,2.1380678708264913e-12,2880,1695,3271,14229,11229,7200,24.0,1684,1.9211818599868774e-38,6.448753711388544e-10,1.046767520302809,4.9267283626381873e-14,1.0,1.0,129600,True,controle a posteriori 7200/2880
0.2,0.4,0.01,12,1e-09,1,1827,3000,5.473453749315818e-13,1778,1778,3432,10712,7712,7712,25.71,1778,2.529788691992956e-40,1.3000923714810968e-14,2.599967302825586e-13,1.3000923714810968e-14,2.859985777121805e-13,5.225194014801538e-10,135744,True,b=b_min
0.2,0.4,0.01,12,1e-09,1,1827,3000,5.473453749315818e-13,2880,1778,3432,14426,11426,7200,24.0,1627,1.9211818599868774e-38,9.640802138023513e-10,1.1099998809872438,1.3000923714810968e-14,1.0,1.0,129600,True,controle a posteriori 7200/2880
0.2,0.4,0.01,12,1e-09,256,1827,3000,2.1380678708264916e-15,2118,2118,4090,12653,9653,9653,32.18,2118,1.8799190427996032e-47,4.0436644415299314e-17,1.0238935773119426e-15,4.0436644415299314e-17,1.1047668661425413e-15,5.167127204972603e-10,159036,True,b=b_min
0.2,0.4,0.01,12,1e-09,256,1827,3000,2.1380678708264916e-15,2880,2118,4090,15227,12227,7200,24.0,1400,1.9211818599868774e-38,5.247784929365058e-09,1.4296113824162193,4.0436644415299314e-17,1.0,1.0,129600,True,controle a posteriori 7200/2880
0.2,0.5,0.0,6,1e-06,1,3653,6000,2.737476047084588e-10,553,553,928,2893,1,1,0.0,1701,7.975430458274473e-65,3.637978807091713e-12,1.8430882108904985e-39,3.637978807091713e-12,7.275957614183426e-12,2.6579073164612055e-08,43206,True,b=b_min
0.2,0.5,0.0,6,1e-06,1,3653,6000,2.737476047084588e-10,2880,553,928,9115,3115,7200,12.0,4443,2.3346356299604073e-141,3.637978807091713e-12,8.673648825498772e-45,3.637978807091713e-12,7.275957614183426e-12,2.6579073164612055e-08,86400,True,controle a posteriori 7200/2880
0.2,0.5,0.0,6,1e-06,256,3653,6000,1.0693265808924171e-12,687,687,1155,3558,1,1,0.0,1584,7.975430458274473e-65,1.4210854715202004e-14,1.8797655455907126e-35,1.4210854715202004e-14,2.842170943040401e-14,2.6579073164612055e-08,43206,True,b=b_min
0.2,0.5,0.0,6,1e-06,256,3653,6000,1.0693265808924171e-12,2880,687,1155,9447,3447,7200,12.0,4309,2.3346356299604073e-141,1.4210854715202004e-14,1.354185701440745e-44,1.4210854715202004e-14,2.842170943040401e-14,2.6579073164612055e-08,86400,True,controle a posteriori 7200/2880
0.2,0.5,0.0,6,1e-09,1,3653,6000,2.737476047084588e-13,721,721,1211,3725,1,1,0.0,1556,7.975430458274473e-65,3.552713678800501e-15,1.8470240107230346e-34,3.552713678800501e-15,7.105427357601002e-15,2.595612613731646e-11,43206,True,b=b_min
0.2,0.5,0.0,6,1e-09,1,3653,6000,2.737476047084588e-13,2880,721,1211,9528,3528,7200,12.0,4277,2.3346356299604073e-141,3.552713678800501e-15,1.5141064672899677e-44,3.552713678800501e-15,7.105427357601002e-15,2.595612613731646e-11,86400,True,controle a posteriori 7200/2880
0.2,0.5,0.0,6,1e-09,256,3653,6000,1.0693265808924172e-15,855,855,1437,4390,1,1,0.0,1442,7.975430458274473e-65,1.3877787807814457e-17,1.2526991921834827e-30,1.3877787807814457e-17,2.775557561563017e-17,2.5956126137317636e-11,43206,True,b=b_min
0.2,0.5,0.0,6,1e-09,256,3653,6000,1.0693265808924172e-15,2880,855,1437,9852,3852,7200,12.0,4148,2.3346356299604073e-141,1.3877787807814457e-17,2.3625255144133236e-44,1.3877787807814457e-17,2.7755575615628914e-17,2.595612613731646e-11,86400,True,controle a posteriori 7200/2880
0.2,0.5,0.0,8,1e-06,1,2740,4500,3.6496350364963504e-10,546,546,917,2857,1,1,0.0,1148,7.054324207218595e-49,7.275957614183426e-12,1.5078617771910947e-25,7.275957614183426e-12,1.4551915228367e-11,3.9872247725725584e-08,43208,True,b=b_min
0.2,0.5,0.0,8,1e-06,1,2740,4500,3.6496350364963504e-10,2880,546,917,9097,4597,7200,16.0,3874,2.0650015977981397e-125,7.275957614183426e-12,8.356432257216245e-32,7.275957614183426e-12,1.4551915228366852e-11,3.9872247725725174e-08,100800,True,controle a posteriori 7200/2880
0.2,0.5,0.0,8,1e-06,256,2740,4500,1.4256386861313869e-12,680,680,1143,3522,1,1,0.0,1035,7.054324207218595e-49,2.842170943040401e-14,9.569133801691442e-22,2.842170943040401e-14,5.68434198177214e-14,3.9872248396942497e-08,43208,True,b=b_min
0.2,0.5,0.0,8,1e-06,256,2740,4500,1.4256386861313869e-12,2880,680,1143,9429,4929,7200,16.0,3743,2.0650015977981397e-125,2.842170943040401e-14,1.2818385507990915e-31,2.842170943040401e-14,5.684341886080802e-14,3.9872247725725174e-08,100800,True,controle a posteriori 7200/2880
0.2,0.5,0.0,8,1e-09,1,2740,4500,3.6496350364963506e-13,714,714,1199,3689,1,1,0.0,1008,7.054324207218595e-49,7.105427357601002e-15,8.300930273290224e-21,7.105427357601002e-15,1.4210863016132277e-14,3.893776466420244e-11,43208,True,b=b_min
0.2,0.5,0.0,8,1e-09,1,2740,4500,3.6496350364963506e-13,2880,714,1199,9510,5010,7200,16.0,3711,2.0650015977981397e-125,7.105427357601002e-15,1.4259974159852124e-31,7.105427357601002e-15,1.4210854715202004e-14,3.893774191965349e-11,100800,True,controle a posteriori 7200/2880
0.2,0.5,0.0,8,1e-09,256,2740,4500,1.425638686131387e-15,848,848,1425,4354,1,1,0.0,901,7.054324207218595e-49,2.7755575615628914e-17,3.3508796349646724e-17,2.7755575615628914e-17,8.901994758090455e-17,6.244215203114969e-11,43208,True,b=b_min
0.2,0.5,0.0,8,1e-09,256,2740,4500,1.425638686131387e-15,2880,848,1425,9835,5335,7200,16.0,3585,2.0650015977981397e-125,2.7755575615628914e-17,2.1856608167563203e-31,2.7755575615628914e-17,5.551115123125805e-17,3.8937741919653645e-11,100800,True,controle a posteriori 7200/2880
0.2,0.5,0.0,10,1e-06,1,2192,3600,4.5620437956204375e-10,540,540,907,2829,1,1,0.0,820,2.6090126515308596e-39,7.275957614183426e-12,2.2537301882411078e-17,7.275957614183426e-12,1.4551937765668733e-11,3.1897847582345865e-08,43210,True,b=b_min
0.2,0.5,0.0,10,1e-06,1,2192,3600,4.5620437956204375e-10,2880,540,907,9084,5484,7200,20.0,3535,7.637323060051183e-116,7.275957614183426e-12,3.39511617230074e-24,7.275957614183426e-12,1.4551915228370245e-11,3.189779818058758e-08,115200,True,controle a posteriori 7200/2880
0.2,0.5,0.0,10,1e-06,256,2192,3600,1.7820483576642334e-12,675,675,1134,3497,1,1,0.0,712,2.6090126515308596e-39,2.842170943040401e-14,1.0165576340931311e-13,2.842170943040401e-14,1.584991822701211e-13,8.8942133129243e-08,43210,True,b=b_min
0.2,0.5,0.0,10,1e-06,256,2192,3600,1.7820483576642334e-12,2880,675,1134,9417,5817,7200,20.0,3405,7.637323060051183e-116,2.842170943040401e-14,5.133054639238428e-24,2.842170943040401e-14,5.684341886594106e-14,3.189779818346056e-08,115200,True,controle a posteriori 7200/2880
0.2,0.5,0.0,10,1e-09,1,2192,3600,4.562043795620439e-13,708,708,1190,3661,61,61,0.17,708,6.006315398436849e-40,7.105427357601002e-15,2.1886886899214163e-13,7.105427357601002e-15,2.3307972370734364e-13,5.109107543664972e-10,43810,True,b=b_min
0.2,0.5,0.0,10,1e-09,1,2192,3600,4.562043795620439e-13,2880,708,1190,9497,5897,7200,20.0,3374,7.637323060051183e-116,7.105427357601002e-15,5.690569887530265e-24,7.105427357601002e-15,1.4210854720892575e-14,3.115019354819653e-11,115200,True,controle a posteriori 7200/2880
0.2,0.5,0.0,10,1e-09,256,2192,3600,1.782048357664234e-15,843,843,1416,4329,729,729,2.02,843,4.753467137418622e-47,2.7755575615628914e-17,8.563924264179509e-16,2.7755575615628914e-17,9.119035776492087e-16,5.117165164050088e-10,50490,True,b=b_min
0.2,0.5,0.0,10,1e-09,256,2192,3600,1.782048357664234e-15,2880,843,1416,9822,6222,7200,20.0,3249,7.637323060051183e-116,2.7755575615628914e-17,8.59779848075576e-24,2.7755575615628914e-17,5.551115982905631e-17,3.115019836039461e-11,115200,True,controle a posteriori 7200/2880
0.2,0.5,0.0,12,1e-06,1,1827,3000,5.473453749315818e-10,536,536,900,2809,1,1,0.0,605,6.239599264378195e-33,7.275957614183426e-12,5.048397577368042e-12,7.275957614183426e-12,1.9600312805734893e-11,3.580977149607765e-08,43212,True,b=b_min
0.2,0.5,0.0,12,1e-06,1,1827,3000,5.473453749315818e-10,2880,536,900,9073,6073,7200,24.0,3310,1.82650840421764e-109,7.275957614183426e-12,3.077261315811316e-19,7.275957614183426e-12,1.4551915536092984e-11,2.6586349684441882e-08,129600,True,controle a posteriori 7200/2880
0.2,0.5,0.0,12,1e-06,256,1827,3000,2.1380678708264913e-12,671,671,1127,3477,477,477,1.59,671,5.429212301558603e-38,2.842170943040401e-14,1.0308880784583084e-12,2.842170943040401e-14,1.0877314973191164e-12,5.087450740741186e-07,48924,True,b=b_min
0.2,0.5,0.0,12,1e-06,256,1827,3000,2.1380678708264913e-12,2880,671,1127,9406,6406,7200,24.0,3181,1.82650840421764e-109,2.842170943040401e-14,4.597306360680883e-19,2.842170943040401e-14,5.684387859144408e-14,2.6586564143761494e-08,129600,True,controle a posteriori 7200/2880
0.2,0.5,0.0,12,1e-09,1,1827,3000,5.473453749315818e-13,704,704,1182,3641,641,641,2.14,704,9.800107001701939e-40,7.105427357601002e-15,2.6263687694959e-13,7.105427357601002e-15,2.76847731664792e-13,5.05800805751575e-10,50892,True,b=b_min
0.2,0.5,0.0,12,1e-09,1,1827,3000,5.473453749315818e-13,2880,704,1182,9487,6487,7200,24.0,3150,1.82650840421764e-109,7.105427357601002e-15,5.081558333676711e-19,7.105427357601002e-15,1.421136287103537e-14,2.596415996538162e-11,129600,True,controle a posteriori 7200/2880
0.2,0.5,0.0,12,1e-09,256,1827,3000,2.1380678708264916e-15,838,838,1409,4306,1306,1306,4.35,838,8.346926362892009e-47,2.7755575615628914e-17,1.0318128104783504e-15,2.7755575615628914e-17,1.0873239617096083e-15,5.085544647791243e-10,58872,True,b=b_min
0.2,0.5,0.0,12,1e-09,256,1827,3000,2.1380678708264916e-15,2880,838,1409,9812,6812,7200,24.0,3026,1.82650840421764e-109,2.7755575615628914e-17,7.583296902388762e-19,2.7755575615628914e-17,5.62694809214967e-17,2.631791146075506e-11,129600,True,controle a posteriori 7200/2880
0.2,0.5,1e-06,6,1e-06,1,3653,6000,2.737476047084588e-10,553,553,928,2893,1,1,0.0,1701,7.985776134658972e-65,3.638393560108821e-12,1.8445438199542565e-39,3.638393560108821e-12,7.276787120217641e-12,2.6582103350155042e-08,43206,True,b=b_min
0.2,0.5,1e-06,6,1e-06,1,3653,6000,2.737476047084588e-10,2880,553,928,9115,3115,7200,12.0,4443,2.3412979703070863e-141,3.638393560108821e-12,8.681988749201248e-45,3.638393560108821e-12,7.276787120217641e-12,2.6582103350155042e-08,86400,True,controle a posteriori 7200/2880
0.2,0.5,1e-06,6,1e-06,256,3653,6000,1.0693265808924171e-12,687,687,1155,3558,1,1,0.0,1584,7.985776134658972e-65,1.4212815947494013e-14,1.881116554221522e-35,1.4212815947494013e-14,2.8425631894988025e-14,2.658274132797216e-08,43206,True,b=b_min
0.2,0.5,1e-06,6,1e-06,256,3653,6000,1.0693265808924171e-12,2880,687,1155,9447,3447,7200,12.0,4309,2.3412979703070863e-141,1.4212815947494013e-14,1.3554840344613869e-44,1.4212815947494013e-14,2.8425631894988025e-14,2.658274132797216e-08,86400,True,controle a posteriori 7200/2880
0.2,0.5,1e-06,6,1e-09,1,3653,6000,2.737476047084588e-13,721,721,1211,3725,1,1,0.0,1556,7.985776134658972e-65,3.553225306150723e-15,1.8483162434255512e-34,3.553225306150723e-15,7.106450612301446e-15,2.5959864086737182e-11,43206,True,b=b_min
0.2,0.5,1e-06,6,1e-09,1,3653,6000,2.737476047084588e-13,2880,721,1211,9528,3528,7200,12.0,4277,2.3412979703070863e-141,3.553225306150723e-15,1.5155544889874523e-44,3.553225306150723e-15,7.106450612301446e-15,2.5959864086737182e-11,86400,True,controle a posteriori 7200/2880
0.2,0.5,1e-06,6,1e-09,256,3653,6000,1.0693265808924172e-15,855,855,1437,4390,1,1,0.0,1442,7.985776134658972e-65,1.3880119470854563e-17,1.2534891930804698e-30,1.3880119470854563e-17,2.776023894171038e-17,2.5960487130641416e-11,43206,True,b=b_min
0.2,0.5,1e-06,6,1e-09,256,3653,6000,1.0693265808924172e-15,2880,855,1437,9852,3852,7200,12.0,4148,2.3412979703070863e-141,1.3880119470854563e-17,2.3647781997595834e-44,1.3880119470854563e-17,2.7760238941709125e-17,2.596048713064024e-11,86400,True,controle a posteriori 7200/2880
0.2,0.5,1e-06,8,1e-06,1,2740,4500,3.6496350364963504e-10,546,546,917,2857,1,1,0.0,1148,7.061189343796233e-49,7.27676528989994e-12,1.5086514212829648e-25,7.27676528989994e-12,1.455353057980003e-11,3.987667378865208e-08,43208,True,b=b_min
0.2,0.5,1e-06,8,1e-06,1,2740,4500,3.6496350364963504e-10,2880,546,917,9097,4597,7200,16.0,3874,2.0702243588863915e-125,7.27676528989994e-12,8.362433102807258e-32,7.27676528989994e-12,1.455353057979988e-11,3.9876673788651676e-08,100800,True,controle a posteriori 7200/2880
0.2,0.5,1e-06,8,1e-06,256,2740,4500,1.4256386861313869e-12,680,680,1143,3523,1,1,0.0,1035,7.061189343796233e-49,2.842554661826289e-14,9.573493014495937e-22,2.842554661826289e-14,5.685109419387509e-14,3.987763151135174e-08,43208,True,b=b_min
0.2,0.5,1e-06,8,1e-06,256,2740,4500,1.4256386861313869e-12,2880,680,1143,9429,4929,7200,16.0,3743,2.0702243588863915e-125,2.842554661826289e-14,1.2827577431517963e-31,2.842554661826289e-14,5.685109323652578e-14,3.9877630839828644e-08,100800,True,controle a posteriori 7200/2880
0.2,0.5,1e-06,8,1e-09,1,2740,4500,3.6496350364963506e-13,714,714,1199,3689,1,1,0.0,1008,7.061189343796233e-49,7.106429292992247e-15,8.30457258161793e-21,7.106429292992247e-15,1.4212866890557078e-14,3.894325528012639e-11,43208,True,b=b_min
0.2,0.5,1e-06,8,1e-09,1,2740,4500,3.6496350364963506e-13,2880,714,1199,9510,5010,7200,16.0,3711,2.0702243588863915e-125,7.106429292992247e-15,1.4270142810262065e-31,7.106429292992247e-15,1.4212858585984494e-14,3.8943232525597516e-11,100800,True,controle a posteriori 7200/2880
0.2,0.5,1e-06,8,1e-09,256,2740,4500,1.425638686131387e-15,848,848,1425,4354,1,1,0.0,901,7.061189343796233e-49,2.7760155661158866e-17,3.352137004814415e-17,2.7760155661158866e-17,8.904168137046188e-17,6.245739698049677e-11,43208,True,b=b_min
0.2,0.5,1e-06,8,1e-09,256,2740,4500,1.425638686131387e-15,2880,848,1425,9835,5335,7200,16.0,3585,2.0702243588863915e-125,2.7760155661158866e-17,2.187216873352989e-31,2.7760155661158866e-17,5.552031132231794e-17,3.89441671739267e-11,100800,True,controle a posteriori 7200/2880
0.2,0.5,1e-06,10,1e-06,1,2192,3600,4.5620437956204375e-10,540,540,907,2829,1,1,0.0,820,2.611044614142903e-39,7.27676528989994e-12,2.254559157133755e-17,7.27676528989994e-12,1.4553553125391453e-11,3.190138845085806e-08,43210,True,b=b_min
0.2,0.5,1e-06,10,1e-06,1,2192,3600,4.5620437956204375e-10,2880,540,907,9084,5484,7200,20.0,3535,7.655152551725566e-116,7.27676528989994e-12,3.397064972709479e-24,7.27676528989994e-12,1.455353057980328e-11,3.190133903092879e-08,115200,True,controle a posteriori 7200/2880
0.2,0.5,1e-06,10,1e-06,256,2192,3600,1.7820483576642334e-12,675,675,1134,3497,1,1,0.0,712,2.611044614142903e-39,2.842554661826289e-14,1.0168660744764765e-13,2.842554661826289e-14,1.5853770068417344e-13,8.89637478143253e-08,43210,True,b=b_min
0.2,0.5,1e-06,10,1e-06,256,2192,3600,1.7820483576642334e-12,2880,675,1134,9417,5817,7200,20.0,3405,7.655152551725566e-116,2.842554661826289e-14,5.1359808934253014e-24,2.842554661826289e-14,5.685109324166177e-14,3.190210467474499e-08,115200,True,controle a posteriori 7200/2880
0.2,0.5,1e-06,10,1e-09,1,2192,3600,4.562043795620439e-13,708,708,1190,3661,61,61,0.17,708,6.011071080753527e-40,7.106429292992247e-15,2.1893416276569329e-13,7.106429292992247e-15,2.3314702135167777e-13,5.110582708028777e-10,43810,True,b=b_min
0.2,0.5,1e-06,10,1e-09,1,2192,3600,4.562043795620439e-13,2880,708,1190,9497,5897,7200,20.0,3374,7.655152551725566e-116,7.106429292992247e-15,5.693815841942862e-24,7.106429292992247e-15,1.4212858591678312e-14,3.115458603295886e-11,115200,True,controle a posteriori 7200/2880
0.2,0.5,1e-06,10,1e-09,256,2192,3600,1.782048357664234e-15,843,843,1416,4329,729,729,2.02,843,4.757916547282923e-47,2.7760155661158866e-17,8.566905738685568e-16,2.7760155661158866e-17,9.122108851908745e-16,5.118889626466296e-10,50490,True,b=b_min
0.2,0.5,1e-06,10,1e-09,256,2192,3600,1.782048357664234e-15,2880,843,1416,9822,6222,7200,20.0,3249,7.655152551725566e-116,2.7760155661158866e-17,8.602667765715038e-24,2.7760155661158866e-17,5.55203199249855e-17,3.115533856654546e-11,115200,True,controle a posteriori 7200/2880
0.2,0.5,1e-06,12,1e-06,1,1827,3000,5.473453749315818e-10,536,536,900,2809,1,1,0.0,605,6.243650474065216e-33,7.27676528989994e-12,5.0497439122721595e-12,7.27676528989994e-12,1.960327449207204e-11,3.581518249701562e-08,43212,True,b=b_min
0.2,0.5,1e-06,12,1e-06,1,1827,3000,5.473453749315818e-10,2880,536,900,9073,6073,7200,24.0,3310,1.830535433968893e-109,7.27676528989994e-12,3.0787484938908187e-19,7.27676528989994e-12,1.455353088767473e-11,2.6589300931781734e-08,129600,True,controle a posteriori 7200/2880
0.2,0.5,1e-06,12,1e-06,256,1827,3000,2.1380678708264913e-12,671,671,1127,3477,477,477,1.59,671,5.433295336592046e-38,2.842554661826289e-14,1.0311813379307576e-12,2.842554661826289e-14,1.0880324311672833e-12,5.088858244461124e-07,48924,True,b=b_min
0.2,0.5,1e-06,12,1e-06,256,1827,3000,2.1380678708264913e-12,2880,671,1127,9406,6406,7200,24.0,3181,1.830535433968893e-109,2.842554661826289e-14,4.599497969124896e-19,2.842554661826289e-14,5.68515531863227e-14,2.659015364388136e-08,129600,True,controle a posteriori 7200/2880
0.2,0.5,1e-06,12,1e-09,1,1827,3000,5.473453749315818e-13,704,704,1182,3641,641,641,2.14,704,9.807824210104301e-40,7.106429292992247e-15,2.6271473998873176e-13,7.106429292992247e-15,2.769275985747163e-13,5.059467225960066e-10,50892,True,b=b_min
0.2,0.5,1e-06,12,1e-09,1,1827,3000,5.473453749315818e-13,2880,704,1182,9487,6487,7200,24.0,3150,1.830535433968893e-109,7.106429292992247e-15,5.083979216865977e-19,7.106429292992247e-15,1.421336698390618e-14,2.5967821479596593e-11,129600,True,controle a posteriori 7200/2880
0.2,0.5,1e-06,12,1e-09,256,1827,3000,2.1380678708264916e-15,838,838,1409,4306,1306,1306,4.35,838,8.354697914307235e-47,2.7760155661158866e-17,1.0321706433139033e-15,2.7760155661158866e-17,1.0876909546362209e-15,5.087261117748161e-10,58872,True,b=b_min
0.2,0.5,1e-06,12,1e-09,256,1827,3000,2.1380678708264916e-15,2880,838,1409,9812,6812,7200,24.0,3026,1.830535433968893e-109,2.7760155661158866e-17,7.586899752064789e-19,2.7760155661158866e-17,5.627900129752422e-17,2.6322364254867647e-11,129600,True,controle a posteriori 7200/2880
0.2,0.5,0.0001,6,1e-06,1,3653,6000,2.737476047084588e-10,553,553,929,2894,1,1,0.0,1701,9.081201305906242e-65,3.679686965222998e-12,1.99479280640763e-39,3.679686965222998e-12,7.359373930445996e-12,2.6883792967919224e-08,43206,True,b=b_min
0.2,0.5,0.0001,6,1e-06,1,3653,6000,2.737476047084588e-10,2880,553,929,9117,3117,7200,12.0,4442,3.105937122848087e-141,3.679686965222998e-12,9.549839043540569e-45,3.679686965222998e-12,7.359373930445996e-12,2.6883792967919224e-08,86400,True,controle a posteriori 7200/2880
0.2,0.5,0.0001,6,1e-06,256,3653,6000,1.0693265808924171e-12,688,688,1156,3562,1,1,0.0,1583,9.081201305906242e-65,1.4408313974164697e-14,2.1521009266319039e-35,1.4408313974164697e-14,2.8816627948329395e-14,2.6948388325183303e-08,43206,True,b=b_min
0.2,0.5,0.0001,6,1e-06,256,3653,6000,1.0693265808924171e-12,2880,688,1156,9449,3449,7200,12.0,4308,3.105937122848087e-141,1.4408313974164697e-14,1.4905693121673297e-44,1.4408313974164697e-14,2.8816627948329395e-14,2.6948388325183303e-08,86400,True,controle a posteriori 7200/2880
0.2,0.5,0.0001,6,1e-09,1,3653,6000,2.737476047084588e-13,721,721,1212,3726,1,1,0.0,1555,9.081201305906242e-65,3.604240281035534e-15,1.981036681976988e-34,3.604240281035534e-15,7.208480562071068e-15,2.6332579493245612e-11,43206,True,b=b_min
0.2,0.5,0.0001,6,1e-09,1,3653,6000,2.737476047084588e-13,2880,721,1212,9530,3530,7200,12.0,4276,3.105937122848087e-141,3.604240281035534e-15,1.6661975417604005e-44,3.604240281035534e-15,7.208480562071068e-15,2.6332579493245612e-11,86400,True,controle a posteriori 7200/2880
0.2,0.5,0.0001,6,1e-09,256,3653,6000,1.0693265808924172e-15,856,856,1438,4394,1,1,0.0,1442,9.081201305906242e-65,1.4112892237382054e-17,1.418022835240984e-30,1.4112892237382054e-17,2.8225784474765525e-17,2.6395850415697526e-11,43206,True,b=b_min
0.2,0.5,0.0001,6,1e-09,256,3653,6000,1.0693265808924172e-15,2880,856,1438,9854,3854,7200,12.0,4147,3.105937122848087e-141,1.4112892237382054e-17,2.5990998212135965e-44,1.4112892237382054e-17,2.822578447476411e-17,2.63958504156962e-11,86400,True,controle a posteriori 7200/2880
0.2,0.5,0.0001,8,1e-06,1,2740,4500,3.6496350364963504e-10,546,546,917,2859,1,1,0.0,1147,7.77611278079353e-49,7.357166559741004e-12,1.589016131853028e-25,7.357166559741004e-12,1.4714333119482165e-11,4.031727274738113e-08,43208,True,b=b_min
0.2,0.5,0.0001,8,1e-06,1,2740,4500,3.6496350364963504e-10,2880,546,917,9099,4599,7200,16.0,3874,2.659572951170352e-125,7.357166559741004e-12,8.979369262840818e-32,7.357166559741004e-12,1.4714333119482007e-11,4.03172727473807e-08,100800,True,controle a posteriori 7200/2880
0.2,0.5,0.0001,8,1e-06,256,2740,4500,1.4256386861313869e-12,681,681,1144,3527,1,1,0.0,1035,7.77611278079353e-49,2.880798468859684e-14,1.0642288528899483e-21,2.880798468859684e-14,5.761597044142252e-14,4.0414146306431414e-08,43208,True,b=b_min
0.2,0.5,0.0001,8,1e-06,256,2740,4500,1.4256386861313869e-12,2880,681,1144,9431,4931,7200,16.0,3742,2.659572951170352e-125,2.880798468859684e-14,1.3766473859465525e-31,2.880798468859684e-14,5.761596937719368e-14,4.041414555993873e-08,100800,True,controle a posteriori 7200/2880
0.2,0.5,0.0001,8,1e-09,1,2740,4500,3.6496350364963506e-13,714,714,1200,3690,1,1,0.0,1008,7.77611278079353e-49,7.206318450324796e-15,8.67353755655716e-21,7.206318450324796e-15,1.4412645574187148e-14,3.949064887327279e-11,43208,True,b=b_min
0.2,0.5,0.0001,8,1e-09,1,2740,4500,3.6496350364963506e-13,2880,714,1200,9512,5012,7200,16.0,3711,2.659572951170352e-125,7.206318450324796e-15,1.5315311839784513e-31,7.206318450324796e-15,1.4412636900649593e-14,3.9490625107779885e-11,100800,True,controle a posteriori 7200/2880
0.2,0.5,0.0001,8,1e-09,256,2740,4500,1.425638686131387e-15,849,849,1427,4359,1,1,0.0,900,7.77611278079353e-49,2.821731843263011e-17,3.6832737751525944e-17,2.821731843263011e-17,9.326737461678617e-17,6.542146725119849e-11,43208,True,b=b_min
0.2,0.5,0.0001,8,1e-09,256,2740,4500,1.425638686131387e-15,2880,849,1427,9837,5337,7200,16.0,3584,2.659572951170352e-125,2.821731843263011e-17,2.3471465489751314e-31,2.821731843263011e-17,5.643463686526045e-17,3.9585511682768296e-11,100800,True,controle a posteriori 7200/2880
0.2,0.5,0.0001,10,1e-06,1,2192,3600,4.5620437956204375e-10,541,541,908,2833,1,1,0.0,820,2.820551926021405e-39,7.357166559741004e-12,2.483548059468553e-17,7.357166559741004e-12,1.4714357954962603e-11,3.225387263727803e-08,43210,True,b=b_min
0.2,0.5,0.0001,10,1e-06,1,2192,3600,4.5620437956204375e-10,2880,541,908,9086,5486,7200,20.0,3534,9.646804028287854e-116,7.357166559741004e-12,3.596016359731023e-24,7.357166559741004e-12,1.4714333119485603e-11,3.2253818197912445e-08,115200,True,controle a posteriori 7200/2880
0.2,0.5,0.0001,10,1e-06,256,2192,3600,1.7820483576642334e-12,676,676,1135,3501,1,1,0.0,712,2.820551926021405e-39,2.880798468859684e-14,1.1098201625607749e-13,2.880798468859684e-14,1.6859798563327117e-13,9.460909683408138e-08,43210,True,b=b_min
0.2,0.5,0.0001,10,1e-06,256,2192,3600,1.7820483576642334e-12,2880,676,1135,9419,5819,7200,20.0,3404,9.646804028287854e-116,2.880798468859684e-14,5.434664116778567e-24,2.880798468859684e-14,5.761596938262833e-14,3.2331316451000656e-08,115200,True,controle a posteriori 7200/2880
0.2,0.5,0.0001,10,1e-09,1,2192,3600,4.562043795620439e-13,709,709,1191,3665,65,65,0.18,709,5.8957945983300665e-40,7.206318450324796e-15,2.1992777412409096e-13,7.206318450324796e-15,2.3434041102474057e-13,5.136741809662313e-10,43850,True,b=b_min
0.2,0.5,0.0001,10,1e-09,1,2192,3600,4.562043795620439e-13,2880,709,1191,9499,5899,7200,20.0,3373,9.646804028287854e-116,7.206318450324796e-15,6.0251392753900785e-24,7.206318450324796e-15,1.4412636906674732e-14,3.159250009943101e-11,115200,True,controle a posteriori 7200/2880
0.2,0.5,0.0001,10,1e-09,256,2192,3600,1.782048357664234e-15,844,844,1417,4334,734,734,2.04,844,4.619491372466849e-47,2.821731843263011e-17,8.47241160843352e-16,2.821731843263011e-17,9.036757977086122e-16,5.070994812357831e-10,50540,True,b=b_min
0.2,0.5,0.0001,10,1e-09,256,2192,3600,1.782048357664234e-15,2880,844,1417,9824,6224,7200,20.0,3248,9.646804028287854e-116,2.821731843263011e-17,9.09959252948551e-24,2.821731843263011e-17,5.643464596485275e-17,3.166841445246905e-11,115200,True,controle a posteriori 7200/2880
0.2,0.5,0.0001,12,1e-06,1,1827,3000,5.473453749315818e-10,536,536,901,2810,1,1,0.0,604,6.658582707586827e-33,7.357166559741004e-12,5.184819306791377e-12,7.357166559741004e-12,1.9899152426273385e-11,3.6355751482801476e-08,43212,True,b=b_min
0.2,0.5,0.0001,12,1e-06,1,1827,3000,5.473453749315818e-10,2880,536,901,9075,6075,7200,24.0,3309,2.2773572042278387e-109,7.357166559741004e-12,3.2299164379113503e-19,7.357166559741004e-12,1.471433344247365e-11,2.688308719939936e-08,129600,True,controle a posteriori 7200/2880
0.2,0.5,0.0001,12,1e-06,256,1827,3000,2.1380678708264913e-12,671,671,1128,3478,478,478,1.59,671,5.712271984219454e-38,2.880798468859684e-14,1.0391139362925605e-12,2.880798468859684e-14,1.0967299056697543e-12,5.129537376406121e-07,48936,True,b=b_min
0.2,0.5,0.0001,12,1e-06,256,1827,3000,2.1380678708264913e-12,2880,671,1128,9408,6408,7200,24.0,3180,2.2773572042278387e-109,2.880798468859684e-14,4.822195306502389e-19,2.880798468859684e-14,5.761645159672433e-14,2.694790580920713e-08,129600,True,controle a posteriori 7200/2880
0.2,0.5,0.0001,12,1e-09,1,1827,3000,5.473453749315818e-13,704,704,1183,3642,642,642,2.14,704,1.0347668489249117e-39,7.206318450324796e-15,2.65018307748795e-13,7.206318450324796e-15,2.7943094464944466e-13,5.105203358745354e-10,50904,True,b=b_min
0.2,0.5,0.0001,12,1e-09,1,1827,3000,5.473453749315818e-13,2880,704,1183,9489,6489,7200,24.0,3149,2.2773572042278387e-109,7.206318450324796e-15,5.329971911866626e-19,7.206318450324796e-15,1.441316989784078e-14,2.6332861403355104e-11,129600,True,controle a posteriori 7200/2880
0.2,0.5,0.0001,12,1e-09,256,1827,3000,2.1380678708264916e-15,839,839,1410,4311,1311,1311,4.37,839,8.107637488723448e-47,2.821731843263011e-17,1.0209197413971867e-15,2.821731843263011e-17,1.0773543782624471e-15,5.038915709658856e-10,58932,True,b=b_min
0.2,0.5,0.0001,12,1e-09,256,1827,3000,2.1380678708264916e-15,2880,839,1410,9814,6814,7200,24.0,3025,2.2773572042278387e-109,2.821731843263011e-17,7.9529815710853595e-19,2.821731843263011e-17,5.722993502236875e-17,2.6767127369182134e-11,129600,True,controle a posteriori 7200/2880
0.2,0.5,0.001,6,1e-06,1,3653,6000,2.737476047084588e-10,558,558,937,2919,1,1,0.0,1695,7.035922363773267e-64,4.077040544626337e-12,8.897962115395491e-39,4.077040544626337e-12,8.154081089252674e-12,2.978685821904002e-08,43206,True,b=b_min
0.2,0.5,0.001,6,1e-06,1,3653,6000,2.737476047084588e-10,2880,558,937,9134,3134,7200,12.0,4434,3.284310091908787e-139,4.077040544626337e-12,3.7137797574609416e-44,4.077040544626337e-12,8.154081089252674e-12,2.978685821904002e-08,86400,True,controle a posteriori 7200/2880
0.2,0.5,0.001,6,1e-06,256,3653,6000,1.0693265808924171e-12,694,694,1165,3596,1,1,0.0,1576,7.035922363773267e-64,1.6312590402463158e-14,8.873097862168105e-35,1.6312590402463158e-14,3.2625180804926315e-14,3.0510025082981334e-08,43206,True,b=b_min
0.2,0.5,0.001,6,1e-06,256,3653,6000,1.0693265808924171e-12,2880,694,1165,9472,3472,7200,12.0,4298,3.284310091908787e-139,1.6312590402463158e-14,5.762358044315472e-44,1.6312590402463158e-14,3.2625180804926315e-14,3.0510025082981334e-08,86400,True,controle a posteriori 7200/2880
0.2,0.5,0.001,6,1e-09,1,3653,6000,2.737476047084588e-13,727,727,1222,3761,1,1,0.0,1547,7.035922363773267e-64,4.102677756443787e-15,7.895182582475988e-34,4.102677756443787e-15,8.205355512887574e-15,2.9974163688578307e-11,43206,True,b=b_min
0.2,0.5,0.001,6,1e-09,1,3653,6000,2.737476047084588e-13,2880,727,1222,9553,3553,7200,12.0,4266,3.284310091908787e-139,4.102677756443787e-15,6.432976753256373e-44,4.102677756443787e-15,8.205355512887574e-15,2.9974163688578307e-11,86400,True,controle a posteriori 7200/2880
0.2,0.5,0.001,6,1e-09,256,3653,6000,1.0693265808924172e-15,866,866,1455,4444,1,1,0.0,1433,7.035922363773267e-64,1.6415167095253338e-17,6.292089231664127e-30,1.6415167095253338e-17,3.283033419051297e-17,3.070187796427363e-11,43206,True,b=b_min
0.2,0.5,0.001,6,1e-09,256,3653,6000,1.0693265808924172e-15,2880,866,1455,9881,3881,7200,12.0,4135,3.284310091908787e-139,1.6415167095253338e-17,9.975719837366288e-44,1.6415167095253338e-17,3.2830334190506675e-17,3.070187796426775e-11,86400,True,controle a posteriori 7200/2880
0.2,0.5,0.001,8,1e-06,1,2740,4500,3.6496350364963504e-10,551,551,925,2883,1,1,0.0,1142,3.494891829992344e-48,8.129667672817786e-12,4.4843678409450625e-25,8.129667672817786e-12,1.625933534563602e-11,4.45505788470427e-08,43208,True,b=b_min
0.2,0.5,0.001,8,1e-06,1,2740,4500,3.6496350364963504e-10,2880,551,925,9116,4616,7200,16.0,3866,1.631386464193221e-123,8.129667672817786e-12,2.3437160345992965e-31,8.129667672817786e-12,1.6259335345635572e-11,4.455057884704147e-08,100800,True,controle a posteriori 7200/2880
0.2,0.5,0.001,8,1e-06,256,2740,4500,1.4256386861313869e-12,687,687,1153,3560,1,1,0.0,1028,3.494891829992344e-48,3.252750062287564e-14,2.790657612907928e-21,3.252750062287564e-14,6.505500403640889e-14,4.5632182031298655e-08,43208,True,b=b_min
0.2,0.5,0.001,8,1e-06,256,2740,4500,1.4256386861313869e-12,2880,687,1153,9454,4954,7200,16.0,3733,1.631386464193221e-123,3.252750062287564e-14,3.5739582869722006e-31,3.252750062287564e-14,6.505500124575128e-14,4.5632180073819774e-08,100800,True,controle a posteriori 7200/2880
0.2,0.5,0.001,8,1e-09,1,2740,4500,3.6496350364963506e-13,720,720,1210,3725,1,1,0.0,1001,3.494891829992344e-48,8.180788580214257e-15,2.2040537803170045e-20,8.180788580214257e-15,1.6361599200966318e-14,4.4830781810647715e-11,43208,True,b=b_min
0.2,0.5,0.001,8,1e-09,1,2740,4500,3.6496350364963506e-13,2880,720,1210,9535,5035,7200,16.0,3701,1.631386464193221e-123,8.180788580214257e-15,3.970658860369921e-31,8.180788580214257e-15,1.6361577160428515e-14,4.483072141957413e-11,100800,True,controle a posteriori 7200/2880
0.2,0.5,0.001,8,1e-09,256,2740,4500,1.425638686131387e-15,859,859,1443,4408,1,1,0.0,892,3.494891829992344e-48,3.2732039776762644e-17,1.035085587152033e-16,3.2732039776762644e-17,1.689726382687286e-16,1.1852416738721697e-10,43208,True,b=b_min
0.2,0.5,0.001,8,1e-09,256,2740,4500,1.425638686131387e-15,2880,859,1443,9864,5364,7200,16.0,3573,1.631386464193221e-123,3.2732039776762644e-17,6.050378344298245e-31,3.2732039776762644e-17,6.546407955352589e-17,4.5919123962025204e-11,100800,True,controle a posteriori 7200/2880
0.2,0.5,0.001,10,1e-06,1,2192,3600,4.5620437956204375e-10,545,545,916,2855,1,1,0.0,815,9.143266078454846e-39,8.129667672817786e-12,5.0385724439827976e-17,8.129667672817786e-12,1.625938573136001e-11,3.564057352314115e-08,43210,True,b=b_min
0.2,0.5,0.001,10,1e-06,1,2192,3600,4.5620437956204375e-10,2880,545,916,9102,5502,7200,20.0,3527,4.2680006261997265e-114,8.129667672817786e-12,7.452159823370462e-24,8.129667672817786e-12,1.6259335345643023e-11,3.564046307764951e-08,115200,True,controle a posteriori 7200/2880
0.2,0.5,0.001,10,1e-06,256,2192,3600,1.7820483576642334e-12,681,681,1144,3532,1,1,0.0,706,9.143266078454846e-39,3.252750062287564e-14,2.1070218625839743e-13,3.252750062287564e-14,2.757571875041487e-13,1.5474169728232806e-07,43210,True,b=b_min
0.2,0.5,0.001,10,1e-06,256,2192,3600,1.7820483576642334e-12,2880,681,1144,9440,5840,7200,20.0,3396,4.2680006261997265e-114,3.252750062287564e-14,1.1204087250515867e-23,3.252750062287564e-14,6.505500125695536e-14,3.6505744065343014e-08,115200,True,controle a posteriori 7200/2880
0.2,0.5,0.001,10,1e-09,1,2192,3600,4.562043795620439e-13,715,715,1201,3700,100,100,0.28,715,8.417011492968055e-40,8.180788580214257e-15,2.156728436435805e-13,8.180788580214257e-15,2.32034420804009e-13,5.086194504023878e-10,44200,True,b=b_min
0.2,0.5,0.001,10,1e-09,1,2192,3600,4.562043795620439e-13,2880,715,1201,9522,5922,7200,20.0,3364,4.2680006261997265e-114,8.180788580214257e-15,1.2404771325475364e-23,8.180788580214257e-15,1.6361577172833286e-14,3.586457716285056e-11,115200,True,controle a posteriori 7200/2880
0.2,0.5,0.001,10,1e-09,256,2192,3600,1.782048357664234e-15,853,853,1433,4380,780,780,2.17,853,6.450402715282524e-47,3.2732039776762644e-17,8.508574531738913e-16,3.2732039776762644e-17,9.163215327274166e-16,5.141956607330553e-10,51000,True,b=b_min
0.2,0.5,0.001,10,1e-09,256,2192,3600,1.782048357664234e-15,2880,853,1433,9851,6251,7200,20.0,3238,4.2680006261997265e-114,3.2732039776762644e-17,1.863760960631572e-23,3.2732039776762644e-17,6.54640981911349e-17,3.6735309628151736e-11,115200,True,controle a posteriori 7200/2880
0.2,0.5,0.001,12,1e-06,1,1827,3000,5.473453749315818e-10,541,541,908,2835,1,1,0.0,601,1.7359868787405006e-32,8.129667672817786e-12,8.92395293212014e-12,8.129667672817786e-12,2.518328827775571e-11,4.600986768345968e-08,43212,True,b=b_min
0.2,0.5,0.001,12,1e-06,1,1827,3000,5.473453749315818e-10,2880,541,908,9091,6091,7200,24.0,3302,8.10344249195379e-108,8.129667672817786e-12,5.767396145636516e-19,8.129667672817786e-12,1.625933592237519e-11,2.970580673017947e-08,129600,True,controle a posteriori 7200/2880
0.2,0.5,0.001,12,1e-06,256,1827,3000,2.1380678708264913e-12,677,677,1137,3511,511,511,1.7,677,7.995914109296124e-38,3.252750062287564e-14,1.0264971186500825e-12,3.252750062287564e-14,1.091552119895834e-12,5.105320251007203e-07,49332,True,b=b_min
0.2,0.5,0.001,12,1e-06,256,1827,3000,2.1380678708264913e-12,2880,677,1137,9430,6430,7200,24.0,3172,8.10344249195379e-108,3.252750062287564e-14,8.5704520310881675e-19,3.252750062287564e-14,6.505585829095438e-14,3.042740559297886e-08,129600,True,controle a posteriori 7200/2880
0.2,0.5,0.001,12,1e-09,1,1827,3000,5.473453749315818e-13,710,710,1193,3676,676,676,2.25,710,1.500706361015353e-39,8.180788580214257e-15,2.644762841088437e-13,8.180788580214257e-15,2.808378612692722e-13,5.130907725389603e-10,51312,True,b=b_min
0.2,0.5,0.001,12,1e-09,1,1827,3000,5.473453749315818e-13,2880,710,1193,9512,6512,7200,24.0,3140,8.10344249195379e-108,8.180788580214257e-15,9.460714528187681e-19,8.180788580214257e-15,1.6362523231881333e-14,2.98943299446472e-11,129600,True,controle a posteriori 7200/2880
0.2,0.5,0.001,12,1e-09,256,1827,3000,2.1380678708264916e-15,849,849,1426,4360,1360,1360,4.53,849,1.0444035329741729e-46,3.2732039776762644e-17,1.0175851835679823e-15,3.2732039776762644e-17,1.0830492631215077e-15,5.065551369530866e-10,59520,True,b=b_min
0.2,0.5,0.001,12,1e-09,256,1827,3000,2.1380678708264916e-15,2880,849,1426,9841,6841,7200,24.0,3015,8.10344249195379e-108,3.2732039776762644e-17,1.404454393916955e-18,3.2732039776762644e-17,6.686853394744224e-17,3.127521574962611e-11,129600,True,controle a posteriori 7200/2880
0.2,0.5,0.01,6,1e-06,1,3653,6000,2.737476047084588e-10,605,605,1016,3166,1,1,0.0,1642,2.4457680562956436e-59,5.827258425997499e-12,1.0409573797615904e-34,5.827258425997499e-12,1.1654516851994998e-11,4.257395006033773e-08,43206,True,b=b_min
0.2,0.5,0.01,6,1e-06,1,3653,6000,2.737476047084588e-10,2880,605,1016,9308,3308,7200,12.0,4354,2.68563474569877e-129,5.827258425997499e-12,1.0691497855728416e-40,5.827258425997499e-12,1.1654516851994998e-11,4.257395006033773e-08,86400,True,controle a posteriori 7200/2880
0.2,0.5,0.01,6,1e-06,256,3653,6000,1.0693265808924171e-12,753,753,1264,3899,1,1,0.0,1517,2.4457680562956436e-59,1.488946564504226e-14,1.0965485526419987e-30,1.488946564504226e-14,2.977893129008452e-14,2.7848303616685758e-08,43206,True,b=b_min
0.2,0.5,0.01,6,1e-06,256,3653,6000,1.0693265808924171e-12,2880,753,1264,9664,3664,7200,12.0,4212,2.68563474569877e-129,1.488946564504226e-14,1.6999661661114013e-40,1.488946564504226e-14,2.977893129008452e-14,2.7848303616685758e-08,86400,True,controle a posteriori 7200/2880
0.2,0.5,0.01,6,1e-09,1,3653,6000,2.737476047084588e-13,789,789,1325,4077,1,1,0.0,1487,2.4457680562956436e-59,3.951382526553914e-15,9.786615969723779e-30,3.951382526553914e-15,7.902765053107838e-15,2.886880073900293e-11,43206,True,b=b_min
0.2,0.5,0.01,6,1e-09,1,3653,6000,2.737476047084588e-13,2880,789,1325,9750,3750,7200,12.0,4178,2.68563474569877e-129,3.951382526553914e-15,1.8842990777853643e-40,3.951382526553914e-15,7.902765053107828e-15,2.88688007390029e-11,86400,True,controle a posteriori 7200/2880
0.2,0.5,0.01,6,1e-09,256,3653,6000,1.0693265808924172e-15,937,937,1573,4808,1,1,0.0,1368,2.4457680562956436e-59,1.9598774996359227e-17,6.444232588776807e-26,1.9598774996359227e-17,3.919755005716078e-17,3.665629449185493e-11,43206,True,b=b_min
0.2,0.5,0.01,6,1e-09,256,3653,6000,1.0693265808924172e-15,2880,937,1573,10097,4097,7200,12.0,4042,2.68563474569877e-129,1.9598774996359227e-17,2.844832115441315e-40,1.9598774996359227e-17,3.9197549992718455e-17,3.665629443159053e-11,86400,True,controle a posteriori 7200/2880
0.2,0.5,0.01,8,1e-06,1,2740,4500,3.6496350364963504e-10,598,598,1003,3131,1,1,0.0,1094,9.232264476859127e-45,5.827258425997499e-12,5.693955159940853e-22,5.827258425997499e-12,1.1654516852564394e-11,3.1933376176026436e-08,43208,True,b=b_min
0.2,0.5,0.01,8,1e-06,1,2740,4500,3.6496350364963504e-10,2880,598,1003,9290,4790,7200,16.0,3791,1.0137711217835446e-114,5.827258425997499e-12,9.910792314923934e-29,5.827258425997499e-12,1.1654516851994998e-11,3.1933376174466294e-08,100800,True,controle a posteriori 7200/2880
0.2,0.5,0.01,8,1e-06,256,2740,4500,1.4256386861313869e-12,745,745,1251,3859,1,1,0.0,976,9.232264476859127e-45,2.890308036978791e-14,3.3092306939232087e-18,2.890308036978791e-14,5.780946997026975e-14,4.0549874615946016e-08,43208,True,b=b_min
0.2,0.5,0.01,8,1e-06,256,2740,4500,1.4256386861313869e-12,2880,745,1251,9645,5145,7200,16.0,3653,1.0137711217835446e-114,2.890308036978791e-14,1.4728372128683782e-28,2.890308036978791e-14,5.780616073957597e-14,4.054755338916817e-08,100800,True,controle a posteriori 7200/2880
0.2,0.5,0.01,8,1e-09,1,2740,4500,3.6496350364963506e-13,781,781,1312,4038,1,1,0.0,947,9.232264476859127e-45,7.67033078683995e-15,2.6135651589790404e-17,7.67033078683995e-15,1.5366797225269693e-14,4.2105024397238956e-11,43208,True,b=b_min
0.2,0.5,0.01,8,1e-09,1,2740,4500,3.6496350364963506e-13,2880,781,1312,9731,5231,7200,16.0,3620,1.0137711217835446e-114,7.67033078683995e-15,1.6255842198091632e-28,7.67033078683995e-15,1.534066157368006e-14,4.2033412711883365e-11,100800,True,controle a posteriori 7200/2880
0.2,0.5,0.01,8,1e-09,256,2740,4500,1.425638686131387e-15,929,929,1560,4770,270,270,0.6,929,2.2448402026655714e-47,1.9598774996359227e-17,6.8507164057135855e-16,1.9598774996359227e-17,7.242691905640769e-16,5.080313810292661e-10,45360,True,b=b_min
0.2,0.5,0.01,8,1e-09,256,2740,4500,1.425638686131387e-15,2880,929,1560,10080,5580,7200,16.0,3486,1.0137711217835446e-114,1.9598774996359227e-17,2.536351873060363e-28,1.9598774996359227e-17,3.9197549992972086e-17,2.749472946707034e-11,100800,True,controle a posteriori 7200/2880
0.2,0.5,0.01,10,1e-06,1,2192,3600,4.5620437956204375e-10,592,592,993,3101,1,1,0.0,772,5.145694736116911e-36,1.131173694458338e-11,1.538243350439768e-14,1.131173694458338e-11,2.2638856322671154e-11,4.962437305929517e-08,43210,True,b=b_min
0.2,0.5,0.01,10,1e-06,1,2192,3600,4.5620437956204375e-10,2880,592,993,9275,5675,7200,20.0,3456,5.650354512768059e-106,1.131173694458338e-11,9.469671661349325e-22,1.131173694458338e-11,2.2623473890113725e-11,4.9590654767129285e-08,115200,True,controle a posteriori 7200/2880
0.2,0.5,0.01,10,1e-06,256,2192,3600,1.7820483576642334e-12,739,739,1241,3830,230,230,0.64,739,3.062233890279641e-38,2.890308036978791e-14,8.513551482971391e-13,2.890308036978791e-14,9.091613090367149e-13,5.101776868885707e-07,45500,True,b=b_min
0.2,0.5,0.01,10,1e-06,256,2192,3600,1.7820483576642334e-12,2880,739,1241,9631,6031,7200,20.0,3319,5.650354512768059e-106,2.890308036978791e-14,1.456828787860294e-21,2.890308036978791e-14,5.780616219640461e-14,3.243804352883684e-08,115200,True,controle a posteriori 7200/2880
0.2,0.5,0.01,10,1e-09,1,2192,3600,4.562043795620439e-13,776,776,1302,4011,411,411,1.14,776,5.334494524577359e-40,7.67033078683995e-15,2.192894903193383e-13,7.67033078683995e-15,2.346301518930182e-13,5.143092929494959e-10,47310,True,b=b_min
0.2,0.5,0.01,10,1e-09,1,2192,3600,4.562043795620439e-13,2880,776,1302,9718,6118,7200,20.0,3286,5.650354512768059e-106,7.67033078683995e-15,1.6032035444316252e-21,7.67033078683995e-15,1.5340663176883445e-14,3.3626733683728513e-11,115200,True,controle a posteriori 7200/2880
0.2,0.5,0.01,10,1e-09,256,2192,3600,1.782048357664234e-15,923,923,1550,4739,1139,1139,3.16,923,4.492015224523488e-47,3.804468087528556e-17,8.498905991888425e-16,3.804468087528556e-17,9.259799609394135e-16,5.196155070410738e-10,54590,True,b=b_min
0.2,0.5,0.01,10,1e-09,256,2192,3600,1.782048357664234e-15,2880,923,1550,10065,6465,7200,20.0,3154,5.650354512768059e-106,3.804468087528556e-17,2.349392800911656e-21,3.804468087528556e-17,7.609171114337203e-17,4.2699015891525505e-11,115200,True,controle a posteriori 7200/2880
0.2,0.5,0.01,12,1e-06,1,1827,3000,5.473453749315818e-10,587,587,985,3076,76,76,0.25,587,6.506636686745066e-31,1.131173694458338e-11,2.6205087306774213e-10,1.131173694458338e-11,2.846743469569089e-10,5.201000318902726e-07,44112,True,b=b_min
0.2,0.5,0.01,12,1e-06,1,1827,3000,5.473453749315818e-10,2880,587,985,9263,6263,7200,24.0,3234,3.826774616348365e-100,1.131173694458338e-11,3.4537339267563635e-17,1.131173694458338e-11,2.2623508426506025e-11,4.133314989522651e-08,129600,True,controle a posteriori 7200/2880
0.2,0.5,0.01,12,1e-06,256,1827,3000,2.1380678708264913e-12,734,734,1233,3806,806,806,2.69,734,5.239244257997657e-38,2.890308036978791e-14,1.0283705829701283e-12,2.890308036978791e-14,1.086176743709704e-12,5.080178971539531e-07,52872,True,b=b_min
0.2,0.5,0.01,12,1e-06,256,1827,3000,2.1380678708264913e-12,2880,734,1233,9620,6620,7200,24.0,3098,3.826774616348365e-100,2.890308036978791e-14,5.246206988409947e-17,2.890308036978791e-14,5.785862280945992e-14,2.7061172191458118e-08,129600,True,controle a posteriori 7200/2880
0.2,0.5,0.01,12,1e-09,1,1827,3000,5.473453749315818e-13,771,771,1294,3987,987,987,3.29,771,9.126905654048394e-40,7.67033078683995e-15,2.6483236131983323e-13,7.67033078683995e-15,2.801730228935131e-13,5.118761128264485e-10,55044,True,b=b_min
0.2,0.5,0.01,12,1e-09,1,1827,3000,5.473453749315818e-13,2880,771,1294,9706,6706,7200,24.0,3065,3.826774616348365e-100,7.67033078683995e-15,5.756873452721093e-17,7.67033078683995e-15,1.539823030820711e-14,2.813256677309439e-11,129600,True,controle a posteriori 7200/2880
0.2,0.5,0.01,12,1e-09,256,1827,3000,2.1380678708264916e-15,918,918,1542,4715,1715,1715,5.72,918,7.685489030288787e-47,3.804468087528556e-17,1.0263155858904655e-15,3.804468087528556e-17,1.1024049476410367e-15,5.156080228710846e-10,63780,True,b=b_min
0.2,0.5,0.01,12,1e-09,256,1827,3000,2.1380678708264916e-15,2880,918,1542,10054,7054,7200,24.0,2934,3.826774616348365e-100,3.804468087528556e-17,8.342225599279529e-17,3.804468087528556e-17,1.595116177433664e-16,7.460549775798538e-11,129600,True,controle a posteriori 7200/2880
0.2,0.7,0.0,6,1e-06,1,3653,6000,2.737476047084588e-10,246,246,327,995,1,1,0.0,2878,6.62867245191508e-181,6.622915536735789e-12,1.747524096116582e-141,6.622915536735789e-12,1.3245831073471578e-11,4.838702091139168e-08,43206,True,b=b_min
0.2,0.7,0.0,6,1e-06,1,3653,6000,2.737476047084588e-10,2880,246,327,6005,5,7200,12.0,6777,0.0,6.622915536735789e-12,2.8985088490843035e-175,6.622915536735789e-12,1.3245831073471578e-11,4.838702091139168e-08,86400,True,controle a posteriori 7200/2880
0.2,0.7,0.0,6,1e-06,256,3653,6000,1.0693265808924171e-12,307,307,408,1231,1,1,0.0,2801,6.62867245191508e-181,1.3743616507245177e-14,8.390174731947931e-137,1.3743616507245177e-14,2.7487233014490353e-14,2.5705180723694913e-08,43206,True,b=b_min
0.2,0.7,0.0,6,1e-06,256,3653,6000,1.0693265808924171e-12,2880,307,408,6148,148,7200,12.0,6686,0.0,1.3743616507245177e-14,5.926467138305327e-175,1.3743616507245177e-14,2.7487233014490353e-14,2.5705180723694913e-08,86400,True,controle a posteriori 7200/2880
0.2,0.7,0.0,6,1e-09,1,3653,6000,2.737476047084588e-13,321,321,428,1286,1,1,0.0,2783,6.62867245191508e-181,4.908434466873278e-15,8.821214375929353e-136,4.908434466873278e-15,9.816868933746556e-15,3.586102221497617e-11,43206,True,b=b_min
0.2,0.7,0.0,6,1e-09,1,3653,6000,2.737476047084588e-13,2880,321,428,6182,182,7200,12.0,6664,0.0,4.908434466873278e-15,6.659093270892203e-175,4.908434466873278e-15,9.816868933746556e-15,3.586102221497617e-11,86400,True,controle a posteriori 7200/2880
0.2,0.7,0.0,6,1e-09,256,3653,6000,1.0693265808924172e-15,382,382,508,1523,1,1,0.0,2710,6.62867245191508e-181,1.01857921317987e-17,2.578843725281243e-131,1.01857921317987e-17,2.03715842635974e-17,1.9050853712619852e-11,43206,True,b=b_min
0.2,0.7,0.0,6,1e-09,256,3653,6000,1.0693265808924172e-15,2880,382,508,6321,321,7200,12.0,6578,0.0,1.01857921317987e-17,1.3602335011463135e-174,1.01857921317987e-17,2.03715842635974e-17,1.9050853712619852e-11,86400,True,controle a posteriori 7200/2880
0.2,0.7,0.0,8,1e-06,1,2740,4500,3.6496350364963504e-10,243,243,323,983,1,1,0.0,2078,5.8438079534284935e-136,6.622915536735789e-12,1.2404955349744473e-101,6.622915536735789e-12,1.3245831073471578e-11,3.629357714131212e-08,43208,True,b=b_min
0.2,0.7,0.0,8,1e-06,1,2740,4500,3.6496350364963504e-10,2880,243,323,5997,1497,7200,16.0,5966,0.0,6.622915536735789e-12,1.3601896252998644e-138,6.622915536735789e-12,1.3245831073471578e-11,3.629357714131212e-08,100800,True,controle a posteriori 7200/2880
0.2,0.7,0.0,8,1e-06,256,2740,4500,1.4256386861313869e-12,303,303,404,1218,1,1,0.0,2006,5.8438079534284935e-136,1.3743616507245177e-14,2.8849392259969667e-97,1.3743616507245177e-14,2.7487233014490353e-14,1.9280644725684113e-08,43208,True,b=b_min
0.2,0.7,0.0,8,1e-06,256,2740,4500,1.4256386861313869e-12,2880,303,404,6141,1641,7200,16.0,5876,0.0,1.3743616507245177e-14,2.712775960505657e-138,1.3743616507245177e-14,2.7487233014490353e-14,1.9280644725684113e-08,100800,True,controle a posteriori 7200/2880
0.2,0.7,0.0,8,1e-09,1,2740,4500,3.6496350364963506e-13,318,318,423,1275,1,1,0.0,1989,5.8438079534284935e-136,4.908434466873278e-15,3.1081280250008957e-96,4.908434466873278e-15,9.816868933746556e-15,2.6898220878465564e-11,43208,True,b=b_min
0.2,0.7,0.0,8,1e-09,1,2740,4500,3.6496350364963506e-13,2880,318,423,6175,1675,7200,16.0,5856,0.0,4.908434466873278e-15,3.049181848674652e-138,4.908434466873278e-15,9.816868933746556e-15,2.6898220878465564e-11,100800,True,controle a posteriori 7200/2880
0.2,0.7,0.0,8,1e-09,256,2740,4500,1.425638686131387e-15,379,379,504,1510,1,1,0.0,1920,5.8438079534284935e-136,2.8520217969036353e-17,4.5519165968093026e-92,2.8520217969036353e-17,5.704043593807271e-17,4.001044338440172e-11,43208,True,b=b_min
0.2,0.7,0.0,8,1e-09,256,2740,4500,1.425638686131387e-15,2880,379,504,6313,1813,7200,16.0,5771,0.0,2.8520217969036353e-17,5.408359629267738e-138,2.8520217969036353e-17,5.704043593807271e-17,4.001044338440172e-11,100800,True,controle a posteriori 7200/2880
0.2,0.7,0.0,10,1e-06,1,2192,3600,4.5620437956204375e-10,241,241,320,975,1,1,0.0,1603,5.418231547610125e-109,6.622915536735789e-12,6.650287214314094e-78,6.622915536735789e-12,1.3245831073471578e-11,2.90348617130497e-08,43210,True,b=b_min
0.2,0.7,0.0,10,1e-06,1,2192,3600,4.5620437956204375e-10,2880,241,320,5992,2392,7200,20.0,5480,0.0,6.622915536735789e-12,6.729334120839283e-117,6.622915536735789e-12,1.3245831073471578e-11,2.90348617130497e-08,115200,True,controle a posteriori 7200/2880
0.2,0.7,0.0,10,1e-06,256,2192,3600,1.7820483576642334e-12,301,301,400,1208,1,1,0.0,1534,5.418231547610125e-109,3.8482126220286485e-14,8.809250961757475e-74,3.8482126220286485e-14,7.696425244057297e-14,4.3188644185532405e-08,43210,True,b=b_min
0.2,0.7,0.0,10,1e-06,256,2192,3600,1.7820483576642334e-12,2880,301,400,6135,2535,7200,20.0,5393,0.0,3.8482126220286485e-14,1.1796212737796722e-116,3.8482126220286485e-14,7.696425244057297e-14,4.3188644185532405e-08,115200,True,controle a posteriori 7200/2880
0.2,0.7,0.0,10,1e-09,1,2192,3600,4.562043795620439e-13,316,316,420,1267,1,1,0.0,1516,5.418231547610125e-109,4.908434466873278e-15,9.909768139530565e-73,4.908434466873278e-15,9.816868933746556e-15,2.151857670277245e-11,43210,True,b=b_min
0.2,0.7,0.0,10,1e-09,1,2192,3600,4.562043795620439e-13,2880,316,420,6170,2570,7200,20.0,5372,0.0,4.908434466873278e-15,1.4762243525702221e-116,4.908434466873278e-15,9.816868933746556e-15,2.151857670277245e-11,115200,True,controle a posteriori 7200/2880
0.2,0.7,0.0,10,1e-09,256,2192,3600,1.782048357664234e-15,376,376,501,1500,1,1,0.0,1450,5.418231547610125e-109,2.8520217969036353e-17,8.448938924921103e-69,2.8520217969036353e-17,5.704043593807271e-17,3.200835470752138e-11,43210,True,b=b_min
0.2,0.7,0.0,10,1e-09,256,2192,3600,1.782048357664234e-15,2880,376,501,6308,2708,7200,20.0,5289,0.0,2.8520217969036353e-17,2.589368897026064e-116,2.8520217969036353e-17,5.704043593807271e-17,3.200835470752138e-11,115200,True,controle a posteriori 7200/2880
0.2,0.7,0.0,12,1e-06,1,1827,3000,5.473453749315818e-10,239,239,317,967,1,1,0.0,1287,5.151874925828759e-91,6.622915536735789e-12,3.1143856220890324e-62,6.622915536735789e-12,1.3245831073471578e-11,2.4200133371232572e-08,43212,True,b=b_min
0.2,0.7,0.0,12,1e-06,1,1827,3000,5.473453749315818e-10,2880,239,317,5987,2987,7200,24.0,5157,1.010731544726057e-306,6.622915536735789e-12,1.3419723459871704e-102,6.622915536735789e-12,1.3245831073471578e-11,2.4200133371232572e-08,129600,True,controle a posteriori 7200/2880
0.2,0.7,0.0,12,1e-06,256,1827,3000,2.1380678708264913e-12,299,299,398,1200,1,1,0.0,1221,5.151874925828759e-91,3.8482126220286485e-14,2.9941254800243026e-58,3.8482126220286485e-14,7.696425244057297e-14,3.5997104437485266e-08,43212,True,b=b_min
0.2,0.7,0.0,12,1e-06,256,1827,3000,2.1380678708264913e-12,2880,299,398,6130,3130,7200,24.0,5071,1.010731544726057e-306,3.8482126220286485e-14,2.330802521986977e-102,3.8482126220286485e-14,7.696425244057297e-14,3.5997104437485266e-08,129600,True,controle a posteriori 7200/2880
0.2,0.7,0.0,12,1e-09,1,1827,3000,5.473453749315818e-13,314,314,418,1259,1,1,0.0,1204,5.151874925828759e-91,4.908434466873278e-15,3.098691971120472e-57,4.908434466873278e-15,9.816868933746556e-15,1.7935419541954957e-11,43212,True,b=b_min
0.2,0.7,0.0,12,1e-09,1,1827,3000,5.473453749315818e-13,2880,314,418,6166,3166,7200,24.0,5050,1.010731544726057e-306,4.908434466873278e-15,2.9047979463831082e-102,4.908434466873278e-15,9.816868933746556e-15,1.7935419541954957e-11,129600,True,controle a posteriori 7200/2880
0.2,0.7,0.0,12,1e-09,256,1827,3000,2.1380678708264916e-15,374,374,498,1492,1,1,0.0,1140,5.151874925828759e-91,2.8520217969036353e-17,1.932467157490859e-53,2.8520217969036353e-17,5.704043593807271e-17,2.6678496373467862e-11,43212,True,b=b_min
0.2,0.7,0.0,12,1e-09,256,1827,3000,2.1380678708264916e-15,2880,374,498,6303,3303,7200,24.0,4968,1.010731544726057e-306,2.8520217969036353e-17,5.043003389363705e-102,2.8520217969036353e-17,5.704043593807271e-17,2.6678496373467862e-11,129600,True,controle a posteriori 7200/2880
0.2,0.7,1e-06,6,1e-06,1,3653,6000,2.737476047084588e-10,246,246,327,995,1,1,0.0,2878,6.648717097478272e-181,6.623544743032346e-12,1.7514786892080895e-141,6.623544743032346e-12,1.3247089486064691e-11,4.8391617892594315e-08,43206,True,b=b_min
0.2,0.7,1e-06,6,1e-06,1,3653,6000,2.737476047084588e-10,2880,246,327,6005,5,7200,12.0,6777,0.0,6.623544743032346e-12,2.906973179009249e-175,6.623544743032346e-12,1.3247089486064691e-11,4.8391617892594315e-08,86400,True,controle a posteriori 7200/2880
0.2,0.7,1e-06,6,1e-06,256,3653,6000,1.0693265808924171e-12,307,307,408,1231,1,1,0.0,2801,6.648717097478272e-181,1.3745235599175256e-14,8.408443987410601e-137,1.3745235599175256e-14,2.7490471198350513e-14,2.570820896961905e-08,43206,True,b=b_min
0.2,0.7,1e-06,6,1e-06,256,3653,6000,1.0693265808924171e-12,2880,307,408,6148,148,7200,12.0,6686,0.0,1.3745235599175256e-14,5.943725159312578e-175,1.3745235599175256e-14,2.7490471198350513e-14,2.570820896961905e-08,86400,True,controle a posteriori 7200/2880
0.2,0.7,1e-06,6,1e-09,1,3653,6000,2.737476047084588e-13,321,321,428,1286,1,1,0.0,2783,6.648717097478272e-181,4.9090313682581326e-15,8.840229203027928e-136,4.9090313682581326e-15,9.818062736516265e-15,3.5865383176493917e-11,43206,True,b=b_min
0.2,0.7,1e-06,6,1e-09,1,3653,6000,2.737476047084588e-13,2880,321,428,6182,182,7200,12.0,6664,0.0,4.9090313682581326e-15,6.678501827178664e-175,4.9090313682581326e-15,9.818062736516265e-15,3.5865383176493917e-11,86400,True,controle a posteriori 7200/2880
0.2,0.7,1e-06,6,1e-09,256,3653,6000,1.0693265808924172e-15,382,382,508,1523,1,1,0.0,2710,6.648717097478272e-181,1.0187263065057578e-17,2.5842336494228423e-131,1.0187263065057578e-17,2.0374526130115157e-17,1.905360485204753e-11,43206,True,b=b_min
0.2,0.7,1e-06,6,1e-09,256,3653,6000,1.0693265808924172e-15,2880,382,508,6321,321,7200,12.0,6578,0.0,1.0187263065057578e-17,1.364201424026285e-174,1.0187263065057578e-17,2.0374526130115157e-17,1.905360485204753e-11,86400,True,controle a posteriori 7200/2880
0.2,0.7,1e-06,8,1e-06,1,2740,4500,3.6496350364963504e-10,243,243,323,983,1,1,0.0,2078,5.85705941995571e-136,6.623544743032346e-12,1.2425240662373924e-101,6.623544743032346e-12,1.3247089486064691e-11,3.629702519181726e-08,43208,True,b=b_min
0.2,0.7,1e-06,8,1e-06,1,2740,4500,3.6496350364963504e-10,2880,243,323,5997,1497,7200,16.0,5966,0.0,6.623544743032346e-12,1.3633891993261925e-138,6.623544743032346e-12,1.3247089486064691e-11,3.629702519181726e-08,100800,True,controle a posteriori 7200/2880
0.2,0.7,1e-06,8,1e-06,256,2740,4500,1.4256386861313869e-12,303,303,404,1218,1,1,0.0,2006,5.85705941995571e-136,1.3745235599175256e-14,2.88937051827611e-97,1.3745235599175256e-14,2.7490471198350513e-14,1.9282916117370984e-08,43208,True,b=b_min
0.2,0.7,1e-06,8,1e-06,256,2740,4500,1.4256386861313869e-12,2880,303,404,6141,1641,7200,16.0,5876,0.0,1.3745235599175256e-14,2.7191456354713153e-138,1.3745235599175256e-14,2.7490471198350513e-14,1.9282916117370984e-08,100800,True,controle a posteriori 7200/2880
0.2,0.7,1e-06,8,1e-09,1,2740,4500,3.6496350364963506e-13,318,318,423,1275,1,1,0.0,1989,5.85705941995571e-136,4.9090313682581326e-15,3.112938755525816e-96,4.9090313682581326e-15,9.818062736516265e-15,2.6901491898054566e-11,43208,True,b=b_min
0.2,0.7,1e-06,8,1e-09,1,2740,4500,3.6496350364963506e-13,2880,318,423,6175,1675,7200,16.0,5856,0.0,4.9090313682581326e-15,3.056347909240599e-138,4.9090313682581326e-15,9.818062736516265e-15,2.6901491898054566e-11,100800,True,controle a posteriori 7200/2880
0.2,0.7,1e-06,8,1e-09,256,2740,4500,1.425638686131387e-15,379,379,504,1510,1,1,0.0,1920,5.85705941995571e-136,2.852422818998569e-17,4.558683420688764e-92,2.852422818998569e-17,5.704845637997138e-17,4.0016069243167125e-11,43208,True,b=b_min
0.2,0.7,1e-06,8,1e-09,256,2740,4500,1.425638686131387e-15,2880,379,504,6313,1813,7200,16.0,5771,0.0,2.852422818998569e-17,5.421035398422137e-138,2.852422818998569e-17,5.704845637997138e-17,4.0016069243167125e-11,100800,True,controle a posteriori 7200/2880
0.2,0.7,1e-06,10,1e-06,1,2192,3600,4.5620437956204375e-10,241,241,320,975,1,1,0.0,1602,5.428060698815683e-109,6.623544743032346e-12,6.658425299858916e-78,6.623544743032346e-12,1.3247089486064691e-11,2.9037620153453802e-08,43210,True,b=b_min
0.2,0.7,1e-06,10,1e-06,1,2192,3600,4.5620437956204375e-10,2880,241,320,5992,2392,7200,20.0,5480,0.0,6.623544743032346e-12,6.742880752548984e-117,6.623544743032346e-12,1.3247089486064691e-11,2.9037620153453802e-08,115200,True,controle a posteriori 7200/2880
0.2,0.7,1e-06,10,1e-06,256,2192,3600,1.7820483576642334e-12,301,301,400,1208,1,1,0.0,1534,5.428060698815683e-109,3.848651342879343e-14,8.819670481690574e-74,3.848651342879343e-14,7.697302685758686e-14,4.319356796718858e-08,43210,True,b=b_min
0.2,0.7,1e-06,10,1e-06,256,2192,3600,1.7820483576642334e-12,2880,301,400,6135,2535,7200,20.0,5393,0.0,3.848651342879343e-14,1.1819936909754128e-116,3.848651342879343e-14,7.697302685758686e-14,4.319356796718858e-08,115200,True,controle a posteriori 7200/2880
0.2,0.7,1e-06,10,1e-09,1,2192,3600,4.562043795620439e-13,316,316,420,1267,1,1,0.0,1516,5.428060698815683e-109,4.9090313682581326e-15,9.9213178435185e-73,4.9090313682581326e-15,9.818062736516265e-15,2.1521193518443654e-11,43210,True,b=b_min
0.2,0.7,1e-06,10,1e-09,1,2192,3600,4.562043795620439e-13,2880,316,420,6170,2570,7200,20.0,5372,0.0,4.9090313682581326e-15,1.4791956326099423e-116,4.9090313682581326e-15,9.818062736516265e-15,2.1521193518443654e-11,115200,True,controle a posteriori 7200/2880
0.2,0.7,1e-06,10,1e-09,256,2192,3600,1.782048357664234e-15,376,376,501,1500,1,1,0.0,1450,5.428060698815683e-109,2.852422818998569e-17,8.458278733609722e-69,2.852422818998569e-17,5.704845637997138e-17,3.20128553945337e-11,43210,True,b=b_min
0.2,0.7,1e-06,10,1e-09,256,2192,3600,1.782048357664234e-15,2880,376,501,6308,2708,7200,20.0,5289,0.0,2.852422818998569e-17,2.5945761321954274e-116,2.852422818998569e-17,5.704845637997138e-17,3.20128553945337e-11,115200,True,controle a posteriori 7200/2880
0.2,0.7,1e-06,12,1e-06,1,1827,3000,5.473453749315818e-10,239,239,317,967,1,1,0.0,1287,5.159663818739284e-91,6.623544743032346e-12,3.1174558619056578e-62,6.623544743032346e-12,1.3247089486064691e-11,2.4202432491040193e-08,43212,True,b=b_min
0.2,0.7,1e-06,12,1e-06,1,1827,3000,5.473453749315818e-10,2880,239,317,5987,2987,7200,24.0,5157,1.0159309152785251e-306,6.623544743032346e-12,1.3443770016513427e-102,6.623544743032346e-12,1.3247089486064691e-11,2.4202432491040193e-08,129600,True,controle a posteriori 7200/2880
0.2,0.7,1e-06,12,1e-06,256,1827,3000,2.1380678708264913e-12,299,299,398,1200,1,1,0.0,1221,5.159663818739284e-91,3.848651342879343e-14,2.9969209225298354e-58,3.848651342879343e-14,7.697302685758686e-14,3.6001208337615666e-08,43212,True,b=b_min
0.2,0.7,1e-06,12,1e-06,256,1827,3000,2.1380678708264913e-12,2880,299,398,6130,3130,7200,24.0,5071,1.0159309152785251e-306,3.848651342879343e-14,2.3349710178806332e-102,3.848651342879343e-14,7.697302685758686e-14,3.6001208337615666e-08,129600,True,controle a posteriori 7200/2880
0.2,0.7,1e-06,12,1e-09,1,1827,3000,5.473453749315818e-13,314,314,418,1259,1,1,0.0,1204,5.159663818739284e-91,4.9090313682581326e-15,3.1015503745534655e-57,4.9090313682581326e-15,9.818062736516265e-15,1.7937600619615218e-11,43212,True,b=b_min
0.2,0.7,1e-06,12,1e-09,1,1827,3000,5.473453749315818e-13,2880,314,418,6166,3166,7200,24.0,5050,1.0159309152785251e-306,4.9090313682581326e-15,2.9099981078578727e-102,4.9090313682581326e-15,9.818062736516265e-15,1.7937600619615218e-11,129600,True,controle a posteriori 7200/2880
0.2,0.7,1e-06,12,1e-09,256,1827,3000,2.1380678708264916e-15,374,374,498,1492,1,1,0.0,1140,5.159663818739284e-91,2.852422818998569e-17,1.9341255825991182e-53,2.852422818998569e-17,5.704845637997138e-17,2.6682247630389175e-11,43212,True,b=b_min
0.2,0.7,1e-06,12,1e-09,256,1827,3000,2.1380678708264916e-15,2880,374,498,6303,3303,7200,24.0,4968,1.0159309152785251e-306,2.852422818998569e-17,5.052013627747948e-102,2.852422818998569e-17,5.704845637997138e-17,2.6682247630389175e-11,129600,True,controle a posteriori 7200/2880
0.2,0.7,0.0001,6,1e-06,1,3653,6000,2.737476047084588e-10,246,246,328,995,1,1,0.0,2877,2.6556243112991475e-180,6.6861273266746025e-12,4.6638218519502093e-141,6.6861273266746025e-12,1.3372254653349205e-11,4.8848846248684645e-08,43206,True,b=b_min
0.2,0.7,0.0001,6,1e-06,1,3653,6000,2.737476047084588e-10,2880,246,328,6006,6,7200,12.0,6776,0.0,6.6861273266746025e-12,9.296337087711047e-175,6.6861273266746025e-12,1.3372254653349205e-11,4.8848846248684645e-08,86400,True,controle a posteriori 7200/2880
0.2,0.7,0.0001,6,1e-06,256,3653,6000,1.0693265808924171e-12,307,307,408,1232,1,1,0.0,2800,2.6556243112991475e-180,1.3906458914681717e-14,2.162744585889384e-136,1.3906458914681717e-14,2.7812917829363434e-14,2.6009750740650144e-08,43206,True,b=b_min
0.2,0.7,0.0001,6,1e-06,256,3653,6000,1.0693265808924171e-12,2880,307,408,6150,150,7200,12.0,6685,0.0,1.3906458914681717e-14,1.890798643951021e-174,1.3906458914681717e-14,2.7812917829363434e-14,2.6009750740650144e-08,86400,True,controle a posteriori 7200/2880
0.2,0.7,0.0001,6,1e-09,1,3653,6000,2.737476047084588e-13,322,322,428,1290,1,1,0.0,2782,2.6556243112991475e-180,4.968479963416995e-15,2.6297632246386476e-135,4.968479963416995e-15,9.93695992683399e-15,3.629971461272457e-11,43206,True,b=b_min
0.2,0.7,0.0001,6,1e-09,1,3653,6000,2.737476047084588e-13,2880,322,428,6184,184,7200,12.0,6663,0.0,4.968479963416995e-15,2.1307289729276938e-174,4.968479963416995e-15,9.93695992683399e-15,3.629971461272457e-11,86400,True,controle a posteriori 7200/2880
0.2,0.7,0.0001,6,1e-09,256,3653,6000,1.0693265808924172e-15,383,383,509,1526,1,1,0.0,2709,2.6556243112991475e-180,1.0333928611264151e-17,7.387809683578748e-131,1.0333928611264151e-17,2.0667857222528302e-17,1.9327918703077348e-11,43206,True,b=b_min
0.2,0.7,0.0001,6,1e-09,256,3653,6000,1.0693265808924172e-15,2880,383,509,6323,323,7200,12.0,6576,0.0,1.0333928611264151e-17,4.328621297162123e-174,1.0333928611264151e-17,2.0667857222528302e-17,1.9327918703077348e-11,86400,True,controle a posteriori 7200/2880
0.2,0.7,0.0001,8,1e-06,1,2740,4500,3.6496350364963504e-10,243,243,324,983,1,1,0.0,2078,1.63362625329276e-135,6.6861273266746025e-12,2.4762582580539985e-101,6.6861273266746025e-12,1.3372254653349205e-11,3.663997775017682e-08,43208,True,b=b_min
0.2,0.7,0.0001,8,1e-06,1,2740,4500,3.6496350364963504e-10,2880,243,324,5998,1498,7200,16.0,5965,0.0,6.6861273266746025e-12,3.3718803045764385e-138,6.6861273266746025e-12,1.3372254653349205e-11,3.663997775017682e-08,100800,True,controle a posteriori 7200/2880
0.2,0.7,0.0001,8,1e-06,256,2740,4500,1.4256386861313869e-12,304,304,404,1220,1,1,0.0,2005,1.63362625329276e-135,1.3906458914681717e-14,6.446173463140082e-97,1.3906458914681717e-14,2.7812917829363434e-14,1.9509093082228687e-08,43208,True,b=b_min
0.2,0.7,0.0001,8,1e-06,256,2740,4500,1.4256386861313869e-12,2880,304,404,6143,1643,7200,16.0,5875,0.0,1.3906458914681717e-14,6.710142016817792e-138,1.3906458914681717e-14,2.7812917829363434e-14,1.9509093082228687e-08,100800,True,controle a posteriori 7200/2880
0.2,0.7,0.0001,8,1e-09,1,2740,4500,3.6496350364963506e-13,319,319,424,1278,1,1,0.0,1988,1.63362625329276e-135,4.968479963416995e-15,6.873321838121228e-96,4.968479963416995e-15,9.93695992683399e-15,2.7227270199525134e-11,43208,True,b=b_min
0.2,0.7,0.0001,8,1e-09,1,2740,4500,3.6496350364963506e-13,2880,319,424,6177,1677,7200,16.0,5854,0.0,4.968479963416995e-15,7.51269785125202e-138,4.968479963416995e-15,9.93695992683399e-15,2.7227270199525134e-11,100800,True,controle a posteriori 7200/2880
0.2,0.7,0.0001,8,1e-09,256,2740,4500,1.425638686131387e-15,379,379,505,1511,1,1,0.0,1919,1.63362625329276e-135,2.8924007889319456e-17,8.422362126874972e-92,2.8924007889319456e-17,5.784801577863891e-17,4.057691218776848e-11,43208,True,b=b_min
0.2,0.7,0.0001,8,1e-09,256,2740,4500,1.425638686131387e-15,2880,379,505,6315,1815,7200,16.0,5770,0.0,2.8924007889319456e-17,1.3348781849917073e-137,2.8924007889319456e-17,5.784801577863891e-17,4.057691218776848e-11,100800,True,controle a posteriori 7200/2880
0.2,0.7,0.0001,10,1e-06,1,2192,3600,4.5620437956204375e-10,241,241,320,975,1,1,0.0,1602,1.2205184397105307e-108,6.6861273266746025e-12,1.1139915493692105e-77,6.6861273266746025e-12,1.3372254653349205e-11,2.9311982200141457e-08,43210,True,b=b_min
0.2,0.7,0.0001,10,1e-06,1,2192,3600,4.5620437956204375e-10,2880,241,320,5993,2393,7200,20.0,5479,1.5e-323,6.6861273266746025e-12,1.4306896636709272e-116,6.6861273266746025e-12,1.3372254653349205e-11,2.9311982200141457e-08,115200,True,controle a posteriori 7200/2880
0.2,0.7,0.0001,10,1e-06,256,2192,3600,1.7820483576642334e-12,301,301,401,1209,1,1,0.0,1533,1.2205184397105307e-108,3.8923292630676106e-14,1.4292085903482324e-73,3.8923292630676106e-14,7.784658526135221e-14,4.368376701257832e-08,43210,True,b=b_min
0.2,0.7,0.0001,10,1e-06,256,2192,3600,1.7820483576642334e-12,2880,301,401,6136,2536,7200,20.0,5392,1.5e-323,3.8923292630676106e-14,2.5039033962754178e-116,3.8923292630676106e-14,7.784658526135221e-14,4.368376701257832e-08,115200,True,controle a posteriori 7200/2880
0.2,0.7,0.0001,10,1e-09,1,2192,3600,4.562043795620439e-13,316,316,421,1268,1,1,0.0,1516,1.2205184397105307e-108,4.968479963416995e-15,1.595061036273147e-72,4.968479963416995e-15,9.93695992683399e-15,2.1781816159620105e-11,43210,True,b=b_min
0.2,0.7,0.0001,10,1e-09,1,2192,3600,4.562043795620439e-13,2880,316,421,6171,2571,7200,20.0,5371,1.5e-323,4.968479963416995e-15,3.1321503766253006e-116,4.968479963416995e-15,9.93695992683399e-15,2.1781816159620105e-11,115200,True,controle a posteriori 7200/2880
0.2,0.7,0.0001,10,1e-09,256,2192,3600,1.782048357664234e-15,377,377,502,1503,1,1,0.0,1450,1.2205184397105307e-108,2.8924007889319456e-17,1.5126534287844035e-68,2.8924007889319456e-17,5.784801577863891e-17,3.2461529750214785e-11,43210,True,b=b_min
0.2,0.7,0.0001,10,1e-09,256,2192,3600,1.782048357664234e-15,2880,377,502,6310,2710,7200,20.0,5288,1.5e-323,2.8924007889319456e-17,5.485319945251086e-116,2.8924007889319456e-17,5.784801577863891e-17,3.2461529750214785e-11,115200,True,controle a posteriori 7200/2880
0.2,0.7,0.0001,12,1e-06,1,1827,3000,5.473453749315818e-10,239,239,318,968,1,1,0.0,1287,1.0049368519833212e-90,6.6861273266746025e-12,4.656267843830624e-62,6.6861273266746025e-12,1.3372254653349205e-11,2.4431109251668997e-08,43212,True,b=b_min
0.2,0.7,0.0001,12,1e-06,1,1827,3000,5.473453749315818e-10,2880,239,318,5988,2988,7200,24.0,5156,1.1088300024739402e-305,6.6861273266746025e-12,2.582801346285955e-102,6.6861273266746025e-12,1.3372254653349205e-11,2.4431109251668997e-08,129600,True,controle a posteriori 7200/2880
0.2,0.7,0.0001,12,1e-06,256,1827,3000,2.1380678708264913e-12,299,299,398,1201,1,1,0.0,1220,1.0049368519833212e-90,3.8923292630676106e-14,4.354321247616273e-58,3.8923292630676106e-14,7.784658526135221e-14,3.640978208575756e-08,43212,True,b=b_min
0.2,0.7,0.0001,12,1e-06,256,1827,3000,2.1380678708264913e-12,2880,299,398,6131,3131,7200,24.0,5070,1.1088300024739402e-305,3.8923292630676106e-14,4.478304393556614e-102,3.8923292630676106e-14,7.784658526135221e-14,3.640978208575756e-08,129600,True,controle a posteriori 7200/2880
0.2,0.7,0.0001,12,1e-09,1,1827,3000,5.473453749315818e-13,314,314,418,1260,1,1,0.0,1204,1.0049368519833212e-90,4.968479963416995e-15,4.464096199854756e-57,4.968479963416995e-15,9.93695992683399e-15,1.81548257863257e-11,43212,True,b=b_min
0.2,0.7,0.0001,12,1e-09,1,1827,3000,5.473453749315818e-13,2880,314,418,6167,3167,7200,24.0,5049,1.1088300024739402e-305,4.968479963416995e-15,5.582873173787694e-102,4.968479963416995e-15,9.93695992683399e-15,1.81548257863257e-11,129600,True,controle a posteriori 7200/2880
0.2,0.7,0.0001,12,1e-09,256,1827,3000,2.1380678708264916e-15,375,375,499,1496,1,1,0.0,1140,1.0049368519833212e-90,2.8924007889319456e-17,3.075544176339002e-53,2.8924007889319456e-17,5.784801577863891e-17,2.7056211155858762e-11,43212,True,b=b_min
0.2,0.7,0.0001,12,1e-09,256,1827,3000,2.1380678708264916e-15,2880,375,499,6305,3305,7200,24.0,4967,1.1088300024739402e-305,2.8924007889319456e-17,9.675713456626228e-102,2.8924007889319456e-17,5.784801577863891e-17,2.7056211155858762e-11,129600,True,controle a posteriori 7200/2880
0.2,0.7,0.001,6,1e-06,1,3653,6000,2.737476047084588e-10,248,248,330,1004,1,1,0.0,2872,2.8678149854924395e-179,2.610723922304344e-12,4.5106750048050575e-140,2.610723922304344e-12,5.221447844608688e-12,1.9073948976355535e-08,43206,True,b=b_min
0.2,0.7,0.001,6,1e-06,1,3653,6000,2.737476047084588e-10,2880,248,330,6015,15,7200,12.0,6768,0.0,2.610723922304344e-12,1.1021384617797188e-173,2.610723922304344e-12,5.221447844608688e-12,1.9073948976355535e-08,86400,True,controle a posteriori 7200/2880
0.2,0.7,0.001,6,1e-06,256,3653,6000,1.0693265808924171e-12,309,309,411,1240,1,1,0.0,2796,2.8678149854924395e-179,1.5460195351299553e-14,1.660543324628067e-135,1.5460195351299553e-14,3.0920390702599106e-14,2.8915759932568202e-08,43206,True,b=b_min
0.2,0.7,0.001,6,1e-06,256,3653,6000,1.0693265808924171e-12,2880,309,411,6158,158,7200,12.0,6677,0.0,1.5460195351299553e-14,1.9820214528182122e-173,1.5460195351299553e-14,3.0920390702599106e-14,2.8915759932568202e-08,86400,True,controle a posteriori 7200/2880
0.2,0.7,0.001,6,1e-09,1,3653,6000,2.737476047084588e-13,324,324,431,1297,1,1,0.0,2778,2.8678149854924395e-179,5.542501036137278e-15,1.9859260995104455e-134,5.542501036137278e-15,1.1085002072274556e-14,4.0493512570018954e-11,43206,True,b=b_min
0.2,0.7,0.001,6,1e-09,1,3653,6000,2.737476047084588e-13,2880,324,431,6192,192,7200,12.0,6655,0.0,5.542501036137278e-15,2.2305162934111937e-173,5.542501036137278e-15,1.1085002072274556e-14,4.0493512570018954e-11,86400,True,controle a posteriori 7200/2880
0.2,0.7,0.001,6,1e-09,256,3653,6000,1.0693265808924172e-15,385,385,512,1535,1,1,0.0,2704,2.8678149854924395e-179,1.1766589899888199e-17,5.24185456557194e-130,1.1766589899888199e-17,2.3533179799776398e-17,2.2007476686997293e-11,43206,True,b=b_min
0.2,0.7,0.001,6,1e-09,256,3653,6000,1.0693265808924172e-15,2880,385,512,6332,332,7200,12.0,6568,0.0,1.1766589899888199e-17,4.5214392113631584e-173,1.1766589899888199e-17,2.3533179799776398e-17,2.2007476686997293e-11,86400,True,controle a posteriori 7200/2880
0.2,0.7,0.001,8,1e-06,1,2740,4500,3.6496350364963504e-10,245,245,326,991,1,1,0.0,2075,9.773989463894244e-135,7.282326441433695e-12,1.217836579588041e-100,7.282326441433695e-12,1.456465288286739e-11,3.990714889905665e-08,43208,True,b=b_min
0.2,0.7,0.001,8,1e-06,1,2740,4500,3.6496350364963504e-10,2880,245,326,6006,1506,7200,16.0,5958,0.0,7.282326441433695e-12,2.2657355689478754e-137,7.282326441433695e-12,1.456465288286739e-11,3.990714889905665e-08,100800,True,controle a posteriori 7200/2880
0.2,0.7,0.001,8,1e-06,256,2740,4500,1.4256386861313869e-12,306,306,407,1228,1,1,0.0,2002,9.773989463894244e-135,1.5460195351299553e-14,2.98455764085137e-96,1.5460195351299553e-14,3.0920390702599106e-14,2.1688798854431117e-08,43208,True,b=b_min
0.2,0.7,0.001,8,1e-06,256,2740,4500,1.4256386861313869e-12,2880,306,407,6151,1651,7200,16.0,5868,0.0,1.5460195351299553e-14,4.494957974146535e-137,1.5460195351299553e-14,3.0920390702599106e-14,2.1688798854431117e-08,100800,True,controle a posteriori 7200/2880
0.2,0.7,0.001,8,1e-09,1,2740,4500,3.6496350364963506e-13,321,321,427,1286,1,1,0.0,1984,9.773989463894244e-135,5.542501036137278e-15,3.132028147957531e-95,5.542501036137278e-15,1.1085002072274556e-14,3.037290567803228e-11,43208,True,b=b_min
0.2,0.7,0.001,8,1e-09,1,2740,4500,3.6496350364963506e-13,2880,321,427,6185,1685,7200,16.0,5847,0.0,5.542501036137278e-15,5.029902576727591e-137,5.542501036137278e-15,1.1085002072274556e-14,3.037290567803228e-11,100800,True,controle a posteriori 7200/2880
0.2,0.7,0.001,8,1e-09,256,2740,4500,1.425638686131387e-15,382,382,508,1522,1,1,0.0,1915,9.773989463894244e-135,3.282160477459839e-17,4.167478044629161e-91,3.282160477459839e-17,6.564320954919678e-17,4.6044772906188586e-11,43208,True,b=b_min
0.2,0.7,0.001,8,1e-09,256,2740,4500,1.425638686131387e-15,2880,382,508,6324,1824,7200,16.0,5763,0.0,3.282160477459839e-17,8.91355503928487e-137,3.282160477459839e-17,6.564320954919678e-17,4.6044772906188586e-11,100800,True,controle a posteriori 7200/2880
0.2,0.7,0.001,10,1e-06,1,2192,3600,4.5620437956204375e-10,242,242,322,980,1,1,0.0,1599,5.123707259580271e-108,7.282326441433695e-12,3.4846100027518984e-77,7.282326441433695e-12,1.456465288286739e-11,3.192571911924532e-08,43210,True,b=b_min
0.2,0.7,0.001,10,1e-06,1,2192,3600,4.5620437956204375e-10,2880,242,322,6001,2401,7200,20.0,5472,9.63e-322,7.282326441433695e-12,7.373350476043021e-116,7.282326441433695e-12,1.456465288286739e-11,3.192571911924532e-08,115200,True,controle a posteriori 7200/2880
0.2,0.7,0.001,10,1e-06,256,2192,3600,1.7820483576642334e-12,303,303,403,1216,1,1,0.0,1530,5.123707259580271e-108,4.312450980918937e-14,4.9124843617517266e-73,4.312450980918937e-14,8.624901961837874e-14,4.839880985689247e-08,43210,True,b=b_min
0.2,0.7,0.001,10,1e-06,256,2192,3600,1.7820483576642334e-12,2880,303,403,6144,2544,7200,20.0,5385,9.63e-322,4.312450980918937e-14,1.287568110846341e-115,4.312450980918937e-14,8.624901961837874e-14,4.839880985689247e-08,115200,True,controle a posteriori 7200/2880
0.2,0.7,0.001,10,1e-09,1,2192,3600,4.562043795620439e-13,318,318,423,1276,1,1,0.0,1513,5.123707259580271e-108,5.542501036137278e-15,5.398111749358446e-72,5.542501036137278e-15,1.1085002072274556e-14,2.4298324542425827e-11,43210,True,b=b_min
0.2,0.7,0.001,10,1e-09,1,2192,3600,4.562043795620439e-13,2880,318,423,6180,2580,7200,20.0,5364,9.63e-322,5.542501036137278e-15,1.6102557625793321e-115,5.542501036137278e-15,1.1085002072274556e-14,2.4298324542425827e-11,115200,True,controle a posteriori 7200/2880
0.2,0.7,0.001,10,1e-09,256,2192,3600,1.782048357664234e-15,379,379,505,1512,1,1,0.0,1446,5.123707259580271e-108,3.282160477459839e-17,4.841894169483424e-68,3.282160477459839e-17,6.564320954919678e-17,3.683581832495087e-11,43210,True,b=b_min
0.2,0.7,0.001,10,1e-09,256,2192,3600,1.782048357664234e-15,2880,379,505,6319,2719,7200,20.0,5281,9.63e-322,3.282160477459839e-17,2.814048971163088e-115,3.282160477459839e-17,6.564320954919678e-17,3.683581832495087e-11,115200,True,controle a posteriori 7200/2880
0.2,0.7,0.001,12,1e-06,1,1827,3000,5.473453749315818e-10,240,240,320,973,1,1,0.0,1284,3.3311378357244987e-90,7.282326441433695e-12,1.1961296955973344e-61,7.282326441433695e-12,1.456465288286739e-11,2.6609620816998723e-08,43212,True,b=b_min
0.2,0.7,0.001,12,1e-06,1,1827,3000,5.473453749315818e-10,2880,240,320,5996,2996,7200,24.0,5150,6.2543389524031635e-304,7.282326441433695e-12,1.1197487362859197e-101,7.282326441433695e-12,1.456465288286739e-11,2.6609620816998723e-08,129600,True,controle a posteriori 7200/2880
0.2,0.7,0.001,12,1e-06,256,1827,3000,2.1380678708264913e-12,301,301,401,1209,1,1,0.0,1217,3.3311378357244987e-90,4.312450980918937e-14,1.2159745466017578e-57,4.312450980918937e-14,8.624901961837874e-14,4.033970146375116e-08,43212,True,b=b_min
0.2,0.7,0.001,12,1e-06,256,1827,3000,2.1380678708264913e-12,2880,301,401,6140,3140,7200,24.0,5063,6.2543389524031635e-304,4.312450980918937e-14,1.936588839206723e-101,4.312450980918937e-14,8.624901961837874e-14,4.033970146375116e-08,129600,True,controle a posteriori 7200/2880
0.2,0.7,0.001,12,1e-09,1,1827,3000,5.473453749315818e-13,316,316,421,1268,1,1,0.0,1201,3.3311378357244987e-90,5.542501036137278e-15,1.2320848205730006e-56,5.542501036137278e-15,1.1085002072274556e-14,2.0252298786045615e-11,43212,True,b=b_min
0.2,0.7,0.001,12,1e-09,1,1827,3000,5.473453749315818e-13,2880,316,421,6176,3176,7200,24.0,5042,6.2543389524031635e-304,5.542501036137278e-15,2.411569581519896e-101,5.542501036137278e-15,1.1085002072274556e-14,2.0252298786045615e-11,129600,True,controle a posteriori 7200/2880
0.2,0.7,0.001,12,1e-09,256,1827,3000,2.1380678708264916e-15,377,377,502,1504,1,1,0.0,1137,3.3311378357244987e-90,3.282160477459839e-17,8.051521273896671e-53,3.282160477459839e-17,6.564320954919678e-17,3.070211682467392e-11,43212,True,b=b_min
0.2,0.7,0.001,12,1e-09,256,1827,3000,2.1380678708264916e-15,2880,377,502,6314,3314,7200,24.0,4960,6.2543389524031635e-304,3.282160477459839e-17,4.1686899526199385e-101,3.282160477459839e-17,6.564320954919678e-17,3.070211682467392e-11,129600,True,controle a posteriori 7200/2880
0.2,0.7,0.01,6,1e-06,1,3653,6000,2.737476047084588e-10,265,265,353,1072,1,1,0.0,2829,4.087729678051771e-168,6.297919522075111e-12,1.239810144500937e-130,6.297919522075111e-12,1.2595839044150222e-11,4.601260002828076e-08,43206,True,b=b_min
0.2,0.7,0.01,6,1e-06,1,3653,6000,2.737476047084588e-10,2880,265,353,6096,96,7200,12.0,6688,0.0,6.297919522075111e-12,7.736670195545623e-163,6.297919522075111e-12,1.2595839044150222e-11,4.601260002828076e-08,86400,True,controle a posteriori 7200/2880
0.2,0.7,0.01,6,1e-06,256,3653,6000,1.0693265808924171e-12,331,331,439,1327,1,1,0.0,2750,4.087729678051771e-168,1.638311346319719e-14,5.366217625118566e-126,1.638311346319719e-14,3.276622692639438e-14,3.064192690230238e-08,43206,True,b=b_min
0.2,0.7,0.01,6,1e-06,256,3653,6000,1.0693265808924171e-12,2880,331,439,6246,246,7200,12.0,6594,0.0,1.638311346319719e-14,1.5117975024670764e-162,1.638311346319719e-14,3.276622692639438e-14,3.064192690230238e-08,86400,True,controle a posteriori 7200/2880
0.2,0.7,0.01,6,1e-09,1,3653,6000,2.737476047084588e-13,346,346,461,1386,1,1,0.0,2731,4.087729678051771e-168,6.075700086640229e-15,5.433130868256288e-125,6.075700086640229e-15,1.2151400173280459e-14,4.438906483299351e-11,43206,True,b=b_min
0.2,0.7,0.01,6,1e-09,1,3653,6000,2.737476047084588e-13,2880,346,461,6282,282,7200,12.0,6572,0.0,6.075700086640229e-15,1.6918456792676648e-162,6.075700086640229e-15,1.2151400173280459e-14,4.438906483299351e-11,86400,True,controle a posteriori 7200/2880
0.2,0.7,0.01,6,1e-09,256,3653,6000,1.0693265808924172e-15,412,412,547,1641,1,1,0.0,2655,4.087729678051771e-168,1.5805042210985043e-17,1.4553389809782567e-120,1.5805042210985043e-17,3.1610084421970086e-17,2.956073942872492e-11,43206,True,b=b_min
0.2,0.7,0.01,6,1e-09,256,3653,6000,1.0693265808924172e-15,2880,412,547,6428,428,7200,12.0,6482,0.0,1.5805042210985043e-17,3.298002420003892e-162,1.5805042210985043e-17,3.1610084421970086e-17,2.956073942872492e-11,86400,True,controle a posteriori 7200/2880
0.2,0.7,0.01,8,1e-06,1,2740,4500,3.6496350364963504e-10,262,262,348,1060,1,1,0.0,2039,2.298719848621232e-126,6.297919522075111e-12,1.622116166693632e-93,6.297919522075111e-12,1.2595839044150222e-11,3.4512598980971604e-08,43208,True,b=b_min
0.2,0.7,0.01,8,1e-06,1,2740,4500,3.6496350364963504e-10,2880,262,348,6088,1588,7200,16.0,5885,0.0,6.297919522075111e-12,1.3971968855073468e-128,6.297919522075111e-12,1.2595839044150222e-11,3.4512598980971604e-08,100800,True,controle a posteriori 7200/2880
0.2,0.7,0.01,8,1e-06,256,2740,4500,1.4256386861313869e-12,327,327,435,1313,1,1,0.0,1964,2.298719848621232e-126,1.638311346319719e-14,3.510866178101657e-89,1.638311346319719e-14,3.276622692639438e-14,2.2983542215250073e-08,43208,True,b=b_min
0.2,0.7,0.01,8,1e-06,256,2740,4500,1.4256386861313869e-12,2880,327,435,6239,1739,7200,16.0,5793,0.0,1.638311346319719e-14,2.6722813261835974e-128,1.638311346319719e-14,3.276622692639438e-14,2.2983542215250073e-08,100800,True,controle a posteriori 7200/2880
0.2,0.7,0.01,8,1e-09,1,2740,4500,3.6496350364963506e-13,343,343,456,1374,1,1,0.0,1946,2.298719848621232e-126,6.075700086640229e-15,3.6029803684512355e-88,6.075700086640229e-15,1.2151400173280459e-14,3.329483647478846e-11,43208,True,b=b_min
0.2,0.7,0.01,8,1e-09,1,2740,4500,3.6496350364963506e-13,2880,343,456,6275,1775,7200,16.0,5771,0.0,6.075700086640229e-15,2.9814071502325675e-128,6.075700086640229e-15,1.2151400173280459e-14,3.329483647478846e-11,100800,True,controle a posteriori 7200/2880
0.2,0.7,0.01,8,1e-09,256,2740,4500,1.425638686131387e-15,408,408,543,1627,1,1,0.0,1874,2.298719848621232e-126,1.5805042210985043e-17,4.961685530712326e-84,1.5805042210985043e-17,3.1610084421970086e-17,2.2172577616946696e-11,43208,True,b=b_min
0.2,0.7,0.01,8,1e-09,256,2740,4500,1.425638686131387e-15,2880,408,543,6421,1921,7200,16.0,5684,0.0,1.5805042210985043e-17,5.697743020983933e-128,1.5805042210985043e-17,3.1610084421970086e-17,2.2172577616946696e-11,100800,True,controle a posteriori 7200/2880
0.2,0.7,0.01,10,1e-06,1,2192,3600,4.5620437956204375e-10,259,259,345,1049,1,1,0.0,1568,2.5792199088060983e-101,6.297919522075111e-12,1.761096689424828e-71,6.297919522075111e-12,1.2595839044150222e-11,2.7610079184777285e-08,43210,True,b=b_min
0.2,0.7,0.01,10,1e-06,1,2192,3600,4.5620437956204375e-10,2880,259,345,6082,2482,7200,20.0,5404,1.0947201083593753e-301,6.297919522075111e-12,2.5872316269816262e-108,6.297919522075111e-12,1.2595839044150222e-11,2.7610079184777285e-08,115200,True,controle a posteriori 7200/2880
0.2,0.7,0.01,10,1e-06,256,2192,3600,1.7820483576642334e-12,325,325,431,1303,1,1,0.0,1496,2.5792199088060983e-101,4.417703357974961e-14,2.534325057651539e-67,4.417703357974961e-14,8.835406715949922e-14,4.9580061494687306e-08,43210,True,b=b_min
0.2,0.7,0.01,10,1e-06,256,2192,3600,1.7820483576642334e-12,2880,325,431,6232,2632,7200,20.0,5315,1.0947201083593753e-301,4.417703357974961e-14,4.3865135981986026e-108,4.417703357974961e-14,8.835406715949922e-14,4.9580061494687306e-08,115200,True,controle a posteriori 7200/2880
0.2,0.7,0.01,10,1e-09,1,2192,3600,4.562043795620439e-13,340,340,453,1364,1,1,0.0,1479,2.5792199088060983e-101,6.075700086640229e-15,2.3728467791211232e-66,6.075700086640229e-15,1.2151400173280459e-14,2.6635869179830766e-11,43210,True,b=b_min
0.2,0.7,0.01,10,1e-09,1,2192,3600,4.562043795620439e-13,2880,340,453,6269,2669,7200,20.0,5293,1.0947201083593753e-301,6.075700086640229e-15,5.4228081751168676e-108,6.075700086640229e-15,1.2151400173280459e-14,2.6635869179830766e-11,115200,True,controle a posteriori 7200/2880
0.2,0.7,0.01,10,1e-09,256,2192,3600,1.782048357664234e-15,406,406,539,1617,1,1,0.0,1410,2.5792199088060983e-101,4.26182655728118e-17,2.1976012846123877e-62,4.26182655728118e-17,8.52365311456236e-17,4.7830649925428975e-11,43210,True,b=b_min
0.2,0.7,0.01,10,1e-09,256,2192,3600,1.782048357664234e-15,2880,406,539,6414,2814,7200,20.0,5207,1.0947201083593753e-301,4.26182655728118e-17,9.20286198441257e-108,4.26182655728118e-17,8.52365311456236e-17,4.7830649925428975e-11,115200,True,controle a posteriori 7200/2880
0.2,0.7,0.01,12,1e-06,1,1827,3000,5.473453749315818e-10,257,257,342,1042,1,1,0.0,1257,1.2926767077620945e-84,6.297919522075111e-12,6.826803999180197e-57,6.297919522075111e-12,1.2595839044150222e-11,2.3012597933662454e-08,43212,True,b=b_min
0.2,0.7,0.01,12,1e-06,1,1827,3000,5.473453749315818e-10,2880,257,342,6077,3077,7200,24.0,5085,5.486617022315126e-285,6.297919522075111e-12,5.937734602931858e-95,6.297919522075111e-12,1.2595839044150222e-11,2.3012597933662454e-08,129600,True,controle a posteriori 7200/2880
0.2,0.7,0.01,12,1e-06,256,1827,3000,2.1380678708264913e-12,322,322,428,1293,1,1,0.0,1187,1.2926767077620945e-84,4.417703357974961e-14,6.272317513824923e-53,4.417703357974961e-14,8.835406715949922e-14,4.13242574593037e-08,43212,True,b=b_min
0.2,0.7,0.01,12,1e-06,256,1827,3000,2.1380678708264913e-12,2880,322,428,6228,3228,7200,24.0,4996,5.486617022315126e-285,4.417703357974961e-14,9.9733845518084e-95,4.417703357974961e-14,8.835406715949922e-14,4.13242574593037e-08,129600,True,controle a posteriori 7200/2880
0.2,0.7,0.01,12,1e-09,1,1827,3000,5.473453749315818e-13,338,338,450,1356,1,1,0.0,1170,1.2926767077620945e-84,6.075700086640229e-15,6.195336291859979e-52,6.075700086640229e-15,1.2151400173280459e-14,2.2200608116583398e-11,43212,True,b=b_min
0.2,0.7,0.01,12,1e-09,1,1827,3000,5.473453749315818e-13,2880,338,450,6265,3265,7200,24.0,4974,5.486617022315126e-285,6.075700086640229e-15,1.2266740233925688e-94,6.075700086640229e-15,1.2151400173280459e-14,2.2200608116583398e-11,129600,True,controle a posteriori 7200/2880
0.2,0.7,0.01,12,1e-09,256,1827,3000,2.1380678708264916e-15,403,403,536,1607,1,1,0.0,1104,1.2926767077620945e-84,4.26182655728118e-17,3.690925563804857e-48,4.26182655728118e-17,8.52365311456236e-17,3.9866148455181904e-11,43212,True,b=b_min
0.2,0.7,0.01,12,1e-09,256,1827,3000,2.1380678708264916e-15,2880,403,536,6410,3410,7200,24.0,4890,5.486617022315126e-285,4.26182655728118e-17,2.0605519721016893e-94,4.26182655728118e-17,8.52365311456236e-17,3.9866148455181904e-11,129600,True,controle a posteriori 7200/2880
0.2,1.0,0.0,6,1e-06,1,3653,6000,2.737476047084588e-10,137,137,137,396,1,1,0.0,4455,0.0,3.637978807091713e-12,0.0,3.637978807091713e-12,7.275957614183426e-12,2.6579073164612055e-08,43206,True,b=b_min
0.2,1.0,0.0,6,1e-06,1,3653,6000,2.737476047084588e-10,2880,137,137,3982,1,7200,12.0,10111,0.0,3.637978807091713e-12,0.0,3.637978807091713e-12,7.275957614183426e-12,2.6579073164612055e-08,86400,True,controle a posteriori 7200/2880
0.2,1.0,0.0,6,1e-06,256,3653,6000,1.0693265808924171e-12,170,170,170,490,1,1,0.0,4401,0.0,1.4210854715202004e-14,0.0,1.4210854715202004e-14,2.842170943040401e-14,2.6579073164612055e-08,43206,True,b=b_min
0.2,1.0,0.0,6,1e-06,256,3653,6000,1.0693265808924171e-12,2880,170,170,4046,1,7200,12.0,10045,0.0,1.4210854715202004e-14,0.0,1.4210854715202004e-14,2.842170943040401e-14,2.6579073164612055e-08,86400,True,controle a posteriori 7200/2880
0.2,1.0,0.0,6,1e-09,1,3653,6000,2.737476047084588e-13,179,179,179,514,1,1,0.0,4388,0.0,3.552713678800501e-15,0.0,3.552713678800501e-15,7.105427357601002e-15,2.595612613731646e-11,43206,True,b=b_min
0.2,1.0,0.0,6,1e-09,1,3653,6000,2.737476047084588e-13,2880,179,179,4062,1,7200,12.0,10029,0.0,3.552713678800501e-15,0.0,3.552713678800501e-15,7.105427357601002e-15,2.595612613731646e-11,86400,True,controle a posteriori 7200/2880
0.2,1.0,0.0,6,1e-09,256,3653,6000,1.0693265808924172e-15,212,212,212,608,1,1,0.0,4336,0.0,1.3877787807814457e-17,0.0,1.3877787807814457e-17,2.7755575615628914e-17,2.595612613731646e-11,43206,True,b=b_min
0.2,1.0,0.0,6,1e-09,256,3653,6000,1.0693265808924172e-15,2880,212,212,4124,1,7200,12.0,9967,0.0,1.3877787807814457e-17,0.0,1.3877787807814457e-17,2.7755575615628914e-17,2.595612613731646e-11,86400,True,controle a posteriori 7200/2880
0.2,1.0,0.0,8,1e-06,1,2740,4500,3.6496350364963504e-10,135,135,135,391,1,1,0.0,3286,5e-323,3.637978807091713e-12,1.4315938456880674e-268,3.637978807091713e-12,7.275957614183426e-12,1.9936123862862587e-08,43208,True,b=b_min
0.2,1.0,0.0,8,1e-06,1,2740,4500,3.6496350364963504e-10,2880,135,135,3979,1,7200,16.0,8933,0.0,3.637978807091713e-12,0.0,3.637978807091713e-12,7.275957614183426e-12,1.9936123862862587e-08,100800,True,controle a posteriori 7200/2880
0.2,1.0,0.0,8,1e-06,256,2740,4500,1.4256386861313869e-12,169,169,169,486,1,1,0.0,3235,5e-323,1.4210854715202004e-14,7.675767515287829e-264,1.4210854715202004e-14,2.842170943040401e-14,1.9936123862862587e-08,43208,True,b=b_min
0.2,1.0,0.0,8,1e-06,256,2740,4500,1.4256386861313869e-12,2880,169,169,4043,1,7200,16.0,8869,0.0,1.4210854715202004e-14,0.0,1.4210854715202004e-14,2.842170943040401e-14,1.9936123862862587e-08,100800,True,controle a posteriori 7200/2880
0.2,1.0,0.0,8,1e-09,1,2740,4500,3.6496350364963506e-13,177,177,177,509,1,1,0.0,3223,5e-323,3.552713678800501e-15,9.385909612379165e-263,3.552713678800501e-15,7.105427357601002e-15,1.9468870959826745e-11,43208,True,b=b_min
0.2,1.0,0.0,8,1e-09,1,2740,4500,3.6496350364963506e-13,2880,177,177,4059,1,7200,16.0,8853,0.0,3.552713678800501e-15,0.0,3.552713678800501e-15,7.105427357601002e-15,1.9468870959826745e-11,100800,True,controle a posteriori 7200/2880
0.2,1.0,0.0,8,1e-09,256,2740,4500,1.425638686131387e-15,211,211,211,605,1,1,0.0,3174,5e-323,1.3877787807814457e-17,3.0945775062912707e-258,1.3877787807814457e-17,2.7755575615628914e-17,1.9468870959826745e-11,43208,True,b=b_min
0.2,1.0,0.0,8,1e-09,256,2740,4500,1.425638686131387e-15,2880,211,211,4121,1,7200,16.0,8793,0.0,1.3877787807814457e-17,0.0,1.3877787807814457e-17,2.7755575615628914e-17,1.9468870959826745e-11,100800,True,controle a posteriori 7200/2880
0.2,1.0,0.0,10,1e-06,1,2192,3600,4.5620437956204375e-10,134,134,134,388,1,1,0.0,2588,1.1367994237308507e-258,3.637978807091713e-12,2.8779079995996786e-211,3.637978807091713e-12,7.275957614183426e-12,1.594889909029007e-08,43210,True,b=b_min
0.2,1.0,0.0,10,1e-06,1,2192,3600,4.5620437956204375e-10,2880,134,134,3976,376,7200,20.0,8227,0.0,3.637978807091713e-12,0.0,3.637978807091713e-12,7.275957614183426e-12,1.594889909029007e-08,115200,True,controle a posteriori 7200/2880
0.2,1.0,0.0,10,1e-06,256,2192,3600,1.7820483576642334e-12,167,167,167,482,1,1,0.0,2539,1.1367994237308507e-258,1.4210854715202004e-14,7.729408563643728e-207,1.4210854715202004e-14,2.842170943040401e-14,1.594889909029007e-08,43210,True,b=b_min
0.2,1.0,0.0,10,1e-06,256,2192,3600,1.7820483576642334e-12,2880,167,167,4041,441,7200,20.0,8164,0.0,1.4210854715202004e-14,0.0,1.4210854715202004e-14,2.842170943040401e-14,1.594889909029007e-08,115200,True,controle a posteriori 7200/2880
0.2,1.0,0.0,10,1e-09,1,2192,3600,4.562043795620439e-13,176,176,176,506,1,1,0.0,2527,1.1367994237308507e-258,3.552713678800501e-15,1.1151652637162363e-205,3.552713678800501e-15,7.105427357601002e-15,1.5575096767861396e-11,43210,True,b=b_min
0.2,1.0,0.0,10,1e-09,1,2192,3600,4.562043795620439e-13,2880,176,176,4057,457,7200,20.0,8149,0.0,3.552713678800501e-15,0.0,3.552713678800501e-15,7.105427357601002e-15,1.5575096767861396e-11,115200,True,controle a posteriori 7200/2880
0.2,1.0,0.0,10,1e-09,256,2192,3600,1.782048357664234e-15,209,209,209,600,1,1,0.0,2480,1.1367994237308507e-258,1.3877787807814457e-17,1.9055160569504343e-201,1.3877787807814457e-17,2.7755575615628914e-17,1.5575096767861396e-11,43210,True,b=b_min
0.2,1.0,0.0,10,1e-09,256,2192,3600,1.782048357664234e-15,2880,209,209,4119,519,7200,20.0,8090,0.0,1.3877787807814457e-17,0.0,1.3877787807814457e-17,2.7755575615628914e-17,1.5575096767861396e-11,115200,True,controle a posteriori 7200/2880
0.2,1.0,0.0,12,1e-06,1,1827,3000,5.473453749315818e-10,132,132,132,384,1,1,0.0,2124,9.191600389537595e-216,3.637978807091713e-12,2.4619803672245876e-173,3.637978807091713e-12,7.275957614183426e-12,1.3293174561113119e-08,43212,True,b=b_min
0.2,1.0,0.0,12,1e-06,1,1827,3000,5.473453749315818e-10,2880,132,132,3974,974,7200,24.0,7757,0.0,3.637978807091713e-12,0.0,3.637978807091713e-12,7.275957614183426e-12,1.3293174561113119e-08,129600,True,controle a posteriori 7200/2880
0.2,1.0,0.0,12,1e-06,256,1827,3000,2.1380678708264913e-12,166,166,166,479,1,1,0.0,2076,9.191600389537595e-216,1.4210854715202004e-14,6.289635332336109e-169,1.4210854715202004e-14,2.842170943040401e-14,1.3293174561113119e-08,43212,True,b=b_min
0.2,1.0,0.0,12,1e-06,256,1827,3000,2.1380678708264913e-12,2880,166,166,4039,1039,7200,24.0,7695,0.0,1.4210854715202004e-14,0.0,1.4210854715202004e-14,2.842170943040401e-14,1.3293174561113119e-08,129600,True,controle a posteriori 7200/2880
0.2,1.0,0.0,12,1e-09,1,1827,3000,5.473453749315818e-13,174,174,174,502,1,1,0.0,2065,9.191600389537595e-216,3.552713678800501e-15,6.503734997176337e-168,3.552713678800501e-15,7.105427357601002e-15,1.298161578233703e-11,43212,True,b=b_min
0.2,1.0,0.0,12,1e-09,1,1827,3000,5.473453749315818e-13,2880,174,174,4055,1055,7200,24.0,7680,0.0,3.552713678800501e-15,0.0,3.552713678800501e-15,7.105427357601002e-15,1.298161578233703e-11,129600,True,controle a posteriori 7200/2880
0.2,1.0,0.0,12,1e-09,256,1827,3000,2.1380678708264916e-15,208,208,208,597,1,1,0.0,2020,9.191600389537595e-216,1.3877787807814457e-17,1.0691959706504999e-163,1.3877787807814457e-17,2.7755575615628914e-17,1.298161578233703e-11,43212,True,b=b_min
0.2,1.0,0.0,12,1e-09,256,1827,3000,2.1380678708264916e-15,2880,208,208,4117,1117,7200,24.0,7621,0.0,1.3877787807814457e-17,0.0,1.3877787807814457e-17,2.7755575615628914e-17,1.298161578233703e-11,129600,True,controle a posteriori 7200/2880
0.2,1.0,1e-06,6,1e-06,1,3653,6000,2.737476047084588e-10,137,137,137,396,1,1,0.0,4455,0.0,3.638324430976828e-12,0.0,3.638324430976828e-12,7.276648861953656e-12,2.6581598292716703e-08,43206,True,b=b_min
0.2,1.0,1e-06,6,1e-06,1,3653,6000,2.737476047084588e-10,2880,137,137,3982,1,7200,12.0,10111,0.0,3.638324430976828e-12,0.0,3.638324430976828e-12,7.276648861953656e-12,2.6581598292716703e-08,86400,True,controle a posteriori 7200/2880
0.2,1.0,1e-06,6,1e-06,256,3653,6000,1.0693265808924171e-12,170,170,170,490,1,1,0.0,4401,0.0,1.4212489055015494e-14,0.0,1.4212489055015494e-14,2.842497811003099e-14,2.658212992920146e-08,43206,True,b=b_min
0.2,1.0,1e-06,6,1e-06,256,3653,6000,1.0693265808924171e-12,2880,170,170,4046,1,7200,12.0,10045,0.0,1.4212489055015494e-14,0.0,1.4212489055015494e-14,2.842497811003099e-14,2.658212992920146e-08,86400,True,controle a posteriori 7200/2880
0.2,1.0,1e-06,6,1e-09,1,3653,6000,2.737476047084588e-13,179,179,179,514,1,1,0.0,4388,0.0,3.553140029382958e-15,0.0,3.553140029382958e-15,7.106280058765915e-15,2.595924105467189e-11,43206,True,b=b_min
0.2,1.0,1e-06,6,1e-09,1,3653,6000,2.737476047084588e-13,2880,179,179,4062,1,7200,12.0,10029,0.0,3.553140029382958e-15,0.0,3.553140029382958e-15,7.106280058765915e-15,2.595924105467189e-11,86400,True,controle a posteriori 7200/2880
0.2,1.0,1e-06,6,1e-09,256,3653,6000,1.0693265808924172e-15,212,212,212,608,1,1,0.0,4336,0.0,1.3879730831201495e-17,0.0,1.3879730831201495e-17,2.775946166240299e-17,2.595976024390608e-11,43206,True,b=b_min
0.2,1.0,1e-06,6,1e-09,256,3653,6000,1.0693265808924172e-15,2880,212,212,4124,1,7200,12.0,9967,0.0,1.3879730831201495e-17,0.0,1.3879730831201495e-17,2.775946166240299e-17,2.595976024390608e-11,86400,True,controle a posteriori 7200/2880
0.2,1.0,1e-06,8,1e-06,1,2740,4500,3.6496350364963504e-10,135,135,135,391,1,1,0.0,3286,5e-323,3.638324430976828e-12,1.43726234173131e-268,3.638324430976828e-12,7.276648861953656e-12,1.9938017881753015e-08,43208,True,b=b_min
0.2,1.0,1e-06,8,1e-06,1,2740,4500,3.6496350364963504e-10,2880,135,135,3979,1,7200,16.0,8933,0.0,3.638324430976828e-12,0.0,3.638324430976828e-12,7.276648861953656e-12,1.9938017881753015e-08,100800,True,controle a posteriori 7200/2880
0.2,1.0,1e-06,8,1e-06,256,2740,4500,1.4256386861313869e-12,169,169,169,486,1,1,0.0,3235,5e-323,1.4212489055015494e-14,7.70550848072428e-264,1.4212489055015494e-14,2.842497811003099e-14,1.9938416645500135e-08,43208,True,b=b_min
0.2,1.0,1e-06,8,1e-06,256,2740,4500,1.4256386861313869e-12,2880,169,169,4043,1,7200,16.0,8869,0.0,1.4212489055015494e-14,0.0,1.4212489055015494e-14,2.842497811003099e-14,1.9938416645500135e-08,100800,True,controle a posteriori 7200/2880
0.2,1.0,1e-06,8,1e-09,1,2740,4500,3.6496350364963506e-13,177,177,177,509,1,1,0.0,3223,5e-323,3.553140029382958e-15,9.424179065184925e-263,3.553140029382958e-15,7.106280058765915e-15,1.9471207361018607e-11,43208,True,b=b_min
0.2,1.0,1e-06,8,1e-09,1,2740,4500,3.6496350364963506e-13,2880,177,177,4059,1,7200,16.0,8853,0.0,3.553140029382958e-15,0.0,3.553140029382958e-15,7.106280058765915e-15,1.9471207361018607e-11,100800,True,controle a posteriori 7200/2880
0.2,1.0,1e-06,8,1e-09,256,2740,4500,1.425638686131387e-15,211,211,211,605,1,1,0.0,3174,5e-323,1.3879730831201495e-17,3.106855577623001e-258,1.3879730831201495e-17,2.775946166240299e-17,1.9471596788475952e-11,43208,True,b=b_min
0.2,1.0,1e-06,8,1e-09,256,2740,4500,1.425638686131387e-15,2880,211,211,4121,1,7200,16.0,8793,0.0,1.3879730831201495e-17,0.0,1.3879730831201495e-17,2.775946166240299e-17,1.9471596788475952e-11,100800,True,controle a posteriori 7200/2880
0.2,1.0,1e-06,10,1e-06,1,2192,3600,4.5620437956204375e-10,134,134,134,388,1,1,0.0,2588,1.1414913722108577e-258,3.638324430976828e-12,2.887360894422911e-211,3.638324430976828e-12,7.276648861953656e-12,1.5950414305402414e-08,43210,True,b=b_min
0.2,1.0,1e-06,10,1e-06,1,2192,3600,4.5620437956204375e-10,2880,134,134,3976,376,7200,20.0,8227,0.0,3.638324430976828e-12,0.0,3.638324430976828e-12,7.276648861953656e-12,1.5950414305402414e-08,115200,True,controle a posteriori 7200/2880
0.2,1.0,1e-06,10,1e-06,256,2192,3600,1.7820483576642334e-12,167,167,167,482,1,1,0.0,2539,1.1414913722108577e-258,1.4212489055015494e-14,7.75442681535485e-207,1.4212489055015494e-14,2.842497811003099e-14,1.595073331640011e-08,43210,True,b=b_min
0.2,1.0,1e-06,10,1e-06,256,2192,3600,1.7820483576642334e-12,2880,167,167,4041,441,7200,20.0,8164,0.0,1.4212489055015494e-14,0.0,1.4212489055015494e-14,2.842497811003099e-14,1.595073331640011e-08,115200,True,controle a posteriori 7200/2880
0.2,1.0,1e-06,10,1e-09,1,2192,3600,4.562043795620439e-13,176,176,176,506,1,1,0.0,2527,1.1414913722108577e-258,3.553140029382958e-15,1.1187075053963722e-205,3.553140029382958e-15,7.106280058765915e-15,1.5576965888814886e-11,43210,True,b=b_min
0.2,1.0,1e-06,10,1e-09,1,2192,3600,4.562043795620439e-13,2880,176,176,4057,457,7200,20.0,8149,0.0,3.553140029382958e-15,0.0,3.553140029382958e-15,7.106280058765915e-15,1.5576965888814886e-11,115200,True,controle a posteriori 7200/2880
0.2,1.0,1e-06,10,1e-09,256,2192,3600,1.782048357664234e-15,209,209,209,600,1,1,0.0,2480,1.1414913722108577e-258,1.3879730831201495e-17,1.9113938105105786e-201,1.3879730831201495e-17,2.775946166240299e-17,1.5577277430780762e-11,43210,True,b=b_min
0.2,1.0,1e-06,10,1e-09,256,2192,3600,1.782048357664234e-15,2880,209,209,4119,519,7200,20.0,8090,0.0,1.3879730831201495e-17,0.0,1.3879730831201495e-17,2.775946166240299e-17,1.5577277430780762e-11,115200,True,controle a posteriori 7200/2880
0.2,1.0,1e-06,12,1e-06,1,1827,3000,5.473453749315818e-10,132,132,132,384,1,1,0.0,2124,9.223208058143734e-216,3.638324430976828e-12,2.4684397792673738e-173,3.638324430976828e-12,7.276648861953656e-12,1.3294437470789328e-08,43212,True,b=b_min
0.2,1.0,1e-06,12,1e-06,1,1827,3000,5.473453749315818e-10,2880,132,132,3974,974,7200,24.0,7757,0.0,3.638324430976828e-12,0.0,3.638324430976828e-12,7.276648861953656e-12,1.3294437470789328e-08,129600,True,controle a posteriori 7200/2880
0.2,1.0,1e-06,12,1e-06,256,1827,3000,2.1380678708264913e-12,166,166,166,479,1,1,0.0,2076,9.223208058143734e-216,1.4212489055015494e-14,6.306162937980982e-169,1.4212489055015494e-14,2.842497811003099e-14,1.3294703361798813e-08,43212,True,b=b_min
0.2,1.0,1e-06,12,1e-06,256,1827,3000,2.1380678708264913e-12,2880,166,166,4039,1039,7200,24.0,7695,0.0,1.4212489055015494e-14,0.0,1.4212489055015494e-14,2.842497811003099e-14,1.3294703361798813e-08,129600,True,controle a posteriori 7200/2880
0.2,1.0,1e-06,12,1e-09,1,1827,3000,5.473453749315818e-13,174,174,174,502,1,1,0.0,2065,9.223208058143734e-216,3.553140029382958e-15,6.520544291810619e-168,3.553140029382958e-15,7.106280058765915e-15,1.2983173667365327e-11,43212,True,b=b_min
0.2,1.0,1e-06,12,1e-09,1,1827,3000,5.473453749315818e-13,2880,174,174,4055,1055,7200,24.0,7680,0.0,3.553140029382958e-15,0.0,3.553140029382958e-15,7.106280058765915e-15,1.2983173667365327e-11,129600,True,controle a posteriori 7200/2880
0.2,1.0,1e-06,12,1e-09,256,1827,3000,2.1380678708264916e-15,208,208,208,597,1,1,0.0,2020,9.223208058143734e-216,1.3879730831201495e-17,1.0719065058673476e-163,1.3879730831201495e-17,2.775946166240299e-17,1.2983433333045826e-11,43212,True,b=b_min
0.2,1.0,1e-06,12,1e-09,256,1827,3000,2.1380678708264916e-15,2880,208,208,4117,1117,7200,24.0,7621,0.0,1.3879730831201495e-17,0.0,1.3879730831201495e-17,2.775946166240299e-17,1.2983433333045826e-11,129600,True,controle a posteriori 7200/2880
0.2,1.0,0.0001,6,1e-06,1,3653,6000,2.737476047084588e-10,137,137,137,396,1,1,0.0,4455,0.0,3.672699058553365e-12,0.0,3.672699058553365e-12,7.34539811710673e-12,2.6832739321790886e-08,43206,True,b=b_min
0.2,1.0,0.0001,6,1e-06,1,3653,6000,2.737476047084588e-10,2880,137,137,3983,1,7200,12.0,10110,0.0,3.672699058553365e-12,0.0,3.672699058553365e-12,7.34539811710673e-12,2.6832739321790886e-08,86400,True,controle a posteriori 7200/2880
0.2,1.0,0.0001,6,1e-06,256,3653,6000,1.0693265808924171e-12,170,170,170,490,1,1,0.0,4400,0.0,1.4375198059654057e-14,0.0,1.4375198059654057e-14,2.8750396119308114e-14,2.688645043810113e-08,43206,True,b=b_min
0.2,1.0,0.0001,6,1e-06,256,3653,6000,1.0693265808924171e-12,2880,170,170,4047,1,7200,12.0,10044,0.0,1.4375198059654057e-14,0.0,1.4375198059654057e-14,2.8750396119308114e-14,2.688645043810113e-08,86400,True,controle a posteriori 7200/2880
0.2,1.0,0.0001,6,1e-09,1,3653,6000,2.737476047084588e-13,179,179,179,515,1,1,0.0,4387,0.0,3.595596594378918e-15,0.0,3.595596594378918e-15,7.191193188757836e-15,2.6269428718532374e-11,43206,True,b=b_min
0.2,1.0,0.0001,6,1e-09,1,3653,6000,2.737476047084588e-13,2880,179,179,4063,1,7200,12.0,10028,0.0,3.595596594378918e-15,0.0,3.595596594378918e-15,7.191193188757836e-15,2.6269428718532374e-11,86400,True,controle a posteriori 7200/2880
0.2,1.0,0.0001,6,1e-09,256,3653,6000,1.0693265808924172e-15,212,212,212,608,1,1,0.0,4335,0.0,1.407341368371566e-17,0.0,1.407341368371566e-17,2.814682736743132e-17,2.632201225554601e-11,43206,True,b=b_min
0.2,1.0,0.0001,6,1e-09,256,3653,6000,1.0693265808924172e-15,2880,212,212,4125,1,7200,12.0,9966,0.0,1.407341368371566e-17,0.0,1.407341368371566e-17,2.814682736743132e-17,2.632201225554601e-11,86400,True,controle a posteriori 7200/2880
0.2,1.0,0.0001,8,1e-06,1,2740,4500,3.6496350364963504e-10,135,135,135,391,1,1,0.0,3286,8.4e-323,3.672699058553365e-12,2.1311385629826693e-268,3.672699058553365e-12,7.34539811710673e-12,2.012639084087244e-08,43208,True,b=b_min
0.2,1.0,0.0001,8,1e-06,1,2740,4500,3.6496350364963504e-10,2880,135,135,3980,1,7200,16.0,8932,0.0,3.672699058553365e-12,0.0,3.672699058553365e-12,7.34539811710673e-12,2.012639084087244e-08,100800,True,controle a posteriori 7200/2880
0.2,1.0,0.0001,8,1e-06,256,2740,4500,1.4256386861313869e-12,169,169,169,487,1,1,0.0,3235,8.4e-323,1.4375198059654057e-14,1.1328285244793109e-263,1.4375198059654057e-14,2.8750396119308114e-14,2.0166677853927482e-08,43208,True,b=b_min
0.2,1.0,0.0001,8,1e-06,256,2740,4500,1.4256386861313869e-12,2880,169,169,4044,1,7200,16.0,8868,0.0,1.4375198059654057e-14,0.0,1.4375198059654057e-14,2.8750396119308114e-14,2.0166677853927482e-08,100800,True,controle a posteriori 7200/2880
0.2,1.0,0.0001,8,1e-09,1,2740,4500,3.6496350364963506e-13,177,177,177,510,1,1,0.0,3222,8.4e-323,3.595596594378918e-15,1.4113034683860868e-262,3.595596594378918e-15,7.191193188757836e-15,1.9703869337196472e-11,43208,True,b=b_min
0.2,1.0,0.0001,8,1e-09,1,2740,4500,3.6496350364963506e-13,2880,177,177,4059,1,7200,16.0,8852,0.0,3.595596594378918e-15,0.0,3.595596594378918e-15,7.191193188757836e-15,1.9703869337196472e-11,100800,True,controle a posteriori 7200/2880
0.2,1.0,0.0001,8,1e-09,256,2740,4500,1.425638686131387e-15,211,211,211,605,1,1,0.0,3173,8.4e-323,1.407341368371566e-17,4.603375610231553e-258,1.407341368371566e-17,2.814682736743132e-17,1.9743310588611024e-11,43208,True,b=b_min
0.2,1.0,0.0001,8,1e-09,256,2740,4500,1.425638686131387e-15,2880,211,211,4122,1,7200,16.0,8792,0.0,1.407341368371566e-17,0.0,1.407341368371566e-17,2.814682736743132e-17,1.9743310588611024e-11,100800,True,controle a posteriori 7200/2880
0.2,1.0,0.0001,10,1e-06,1,2192,3600,4.5620437956204375e-10,134,134,134,388,1,1,0.0,2588,1.7159738000898272e-258,3.672699058553365e-12,3.997156861505065e-211,3.672699058553365e-12,7.34539811710673e-12,1.6101112672697952e-08,43210,True,b=b_min
0.2,1.0,0.0001,10,1e-06,1,2192,3600,4.5620437956204375e-10,2880,134,134,3977,377,7200,20.0,8226,0.0,3.672699058553365e-12,0.0,3.672699058553365e-12,7.34539811710673e-12,1.6101112672697952e-08,115200,True,controle a posteriori 7200/2880
0.2,1.0,0.0001,10,1e-06,256,2192,3600,1.7820483576642334e-12,167,167,167,482,1,1,0.0,2538,1.7159738000898272e-258,1.4375198059654057e-14,1.0549937595993115e-206,1.4375198059654057e-14,2.8750396119308114e-14,1.6133342283141988e-08,43210,True,b=b_min
0.2,1.0,0.0001,10,1e-06,256,2192,3600,1.7820483576642334e-12,2880,167,167,4042,442,7200,20.0,8163,0.0,1.4375198059654057e-14,0.0,1.4375198059654057e-14,2.8750396119308114e-14,1.6133342283141988e-08,115200,True,controle a posteriori 7200/2880
0.2,1.0,0.0001,10,1e-09,1,2192,3600,4.562043795620439e-13,176,176,176,506,1,1,0.0,2527,1.7159738000898272e-258,3.595596594378918e-15,1.5322923409701205e-205,3.595596594378918e-15,7.191193188757836e-15,1.5763095469757177e-11,43210,True,b=b_min
0.2,1.0,0.0001,10,1e-09,1,2192,3600,4.562043795620439e-13,2880,176,176,4057,457,7200,20.0,8148,0.0,3.595596594378918e-15,0.0,3.595596594378918e-15,7.191193188757836e-15,1.5763095469757177e-11,115200,True,controle a posteriori 7200/2880
0.2,1.0,0.0001,10,1e-09,256,2192,3600,1.782048357664234e-15,209,209,209,600,1,1,0.0,2480,1.7159738000898272e-258,1.407341368371566e-17,2.5945488631736737e-201,1.407341368371566e-17,2.814682736743132e-17,1.579464847088882e-11,43210,True,b=b_min
0.2,1.0,0.0001,10,1e-09,256,2192,3600,1.782048357664234e-15,2880,209,209,4119,519,7200,20.0,8089,0.0,1.407341368371566e-17,0.0,1.407341368371566e-17,2.814682736743132e-17,1.579464847088882e-11,115200,True,controle a posteriori 7200/2880
0.2,1.0,0.0001,12,1e-06,1,1827,3000,5.473453749315818e-10,133,133,133,385,1,1,0.0,2123,1.295492312611123e-215,3.672699058553365e-12,4.241923710453928e-173,3.672699058553365e-12,7.34539811710673e-12,1.3420042359953997e-08,43212,True,b=b_min
0.2,1.0,0.0001,12,1e-06,1,1827,3000,5.473453749315818e-10,2880,133,133,3975,975,7200,24.0,7756,0.0,3.672699058553365e-12,0.0,3.672699058553365e-12,7.34539811710673e-12,1.3420042359953997e-08,129600,True,controle a posteriori 7200/2880
0.2,1.0,0.0001,12,1e-06,256,1827,3000,2.1380678708264913e-12,166,166,166,479,1,1,0.0,2076,1.295492312611123e-215,1.4375198059654057e-14,8.179541807397953e-169,1.4375198059654057e-14,2.8750396119308114e-14,1.3446905269753837e-08,43212,True,b=b_min
0.2,1.0,0.0001,12,1e-06,256,1827,3000,2.1380678708264913e-12,2880,166,166,4040,1040,7200,24.0,7694,0.0,1.4375198059654057e-14,0.0,1.4375198059654057e-14,2.8750396119308114e-14,1.3446905269753837e-08,129600,True,controle a posteriori 7200/2880
0.2,1.0,0.0001,12,1e-09,1,1827,3000,5.473453749315818e-13,175,175,175,504,1,1,0.0,2065,1.295492312611123e-215,3.595596594378918e-15,1.110243062655234e-167,3.595596594378918e-15,7.191193188757836e-15,1.3138309955860566e-11,43212,True,b=b_min
0.2,1.0,0.0001,12,1e-09,1,1827,3000,5.473453749315818e-13,2880,175,175,4055,1055,7200,24.0,7679,0.0,3.595596594378918e-15,0.0,3.595596594378918e-15,7.191193188757836e-15,1.3138309955860566e-11,129600,True,controle a posteriori 7200/2880
0.2,1.0,0.0001,12,1e-09,256,1827,3000,2.1380678708264916e-15,208,208,208,598,1,1,0.0,2019,1.295492312611123e-215,1.407341368371566e-17,1.3776558371415167e-163,1.407341368371566e-17,2.814682736743132e-17,1.3164608921676036e-11,43212,True,b=b_min
0.2,1.0,0.0001,12,1e-09,256,1827,3000,2.1380678708264916e-15,2880,208,208,4117,1117,7200,24.0,7620,0.0,1.407341368371566e-17,0.0,1.407341368371566e-17,2.814682736743132e-17,1.3164608921676036e-11,129600,True,controle a posteriori 7200/2880
0.2,1.0,0.001,6,1e-06,1,3653,6000,2.737476047084588e-10,138,138,138,399,1,1,0.0,4449,0.0,3.999967216094487e-12,0.0,3.999967216094487e-12,7.999934432188973e-12,2.922376048078632e-08,43206,True,b=b_min
0.2,1.0,0.001,6,1e-06,1,3653,6000,2.737476047084588e-10,2880,138,138,3988,1,7200,12.0,10099,0.0,3.999967216094487e-12,0.0,3.999967216094487e-12,7.999934432188973e-12,2.922376048078632e-08,86400,True,controle a posteriori 7200/2880
0.2,1.0,0.001,6,1e-06,256,3653,6000,1.0693265808924171e-12,172,172,172,495,1,1,0.0,4395,0.0,1.5940038457893254e-14,0.0,1.5940038457893254e-14,3.188007691578651e-14,2.9813227769182235e-08,43206,True,b=b_min
0.2,1.0,0.001,6,1e-06,256,3653,6000,1.0693265808924171e-12,2880,172,172,4052,1,7200,12.0,10033,0.0,1.5940038457893254e-14,0.0,1.5940038457893254e-14,3.188007691578651e-14,2.9813227769182235e-08,86400,True,controle a posteriori 7200/2880
0.2,1.0,0.001,6,1e-09,1,3653,6000,2.737476047084588e-13,180,180,180,518,1,1,0.0,4382,0.0,4.004954607538745e-15,0.0,4.004954607538745e-15,8.00990921507749e-15,2.926019836267807e-11,43206,True,b=b_min
0.2,1.0,0.001,6,1e-09,1,3653,6000,2.737476047084588e-13,2880,180,180,4068,1,7200,12.0,10017,0.0,4.004954607538745e-15,0.0,4.004954607538745e-15,8.00990921507749e-15,2.926019836267807e-11,86400,True,controle a posteriori 7200/2880
0.2,1.0,0.001,6,1e-09,256,3653,6000,1.0693265808924172e-15,214,214,214,613,1,1,0.0,4330,0.0,1.5959913423644513e-17,0.0,1.5959913423644513e-17,3.1919826847289027e-17,2.985040063312558e-11,43206,True,b=b_min
0.2,1.0,0.001,6,1e-09,256,3653,6000,1.0693265808924172e-15,2880,214,214,4130,1,7200,12.0,9955,0.0,1.5959913423644513e-17,0.0,1.5959913423644513e-17,3.1919826847289027e-17,2.985040063312558e-11,86400,True,controle a posteriori 7200/2880
0.2,1.0,0.001,8,1e-06,1,2740,4500,3.6496350364963504e-10,136,136,136,394,1,1,0.0,3282,8.4e-321,3.999967216094487e-12,1.108139793127764e-266,3.999967216094487e-12,7.999934432188973e-12,2.1919820344197786e-08,43208,True,b=b_min
0.2,1.0,0.001,8,1e-06,1,2740,4500,3.6496350364963504e-10,2880,136,136,3984,1,7200,16.0,8922,0.0,3.999967216094487e-12,0.0,3.999967216094487e-12,7.999934432188973e-12,2.1919820344197786e-08,100800,True,controle a posteriori 7200/2880
0.2,1.0,0.001,8,1e-06,256,2740,4500,1.4256386861313869e-12,170,170,170,490,1,1,0.0,3230,8.4e-321,1.5940038457893254e-14,5.453950982538957e-262,1.5940038457893254e-14,3.188007691578651e-14,2.2361961151809288e-08,43208,True,b=b_min
0.2,1.0,0.001,8,1e-06,256,2740,4500,1.4256386861313869e-12,2880,170,170,4049,1,7200,16.0,8858,0.0,1.5940038457893254e-14,0.0,1.5940038457893254e-14,3.188007691578651e-14,2.2361961151809288e-08,100800,True,controle a posteriori 7200/2880
0.2,1.0,0.001,8,1e-09,1,2740,4500,3.6496350364963506e-13,178,178,178,513,1,1,0.0,3218,8.4e-321,4.004954607538745e-15,6.6390332140858495e-261,4.004954607538745e-15,8.00990921507749e-15,2.1947151249312323e-11,43208,True,b=b_min
0.2,1.0,0.001,8,1e-09,1,2740,4500,3.6496350364963506e-13,2880,178,178,4065,1,7200,16.0,8843,0.0,4.004954607538745e-15,0.0,4.004954607538745e-15,8.00990921507749e-15,2.1947151249312323e-11,100800,True,controle a posteriori 7200/2880
0.2,1.0,0.001,8,1e-09,256,2740,4500,1.425638686131387e-15,212,212,212,608,1,1,0.0,3169,8.4e-321,1.5959913423644513e-17,2.0849777083900765e-256,1.5959913423644513e-17,3.1919826847289027e-17,2.2389843343762413e-11,43208,True,b=b_min
0.2,1.0,0.001,8,1e-09,256,2740,4500,1.425638686131387e-15,2880,212,212,4127,1,7200,16.0,8782,0.0,1.5959913423644513e-17,0.0,1.5959913423644513e-17,3.1919826847289027e-17,2.2389843343762413e-11,100800,True,controle a posteriori 7200/2880
0.2,1.0,0.001,10,1e-06,1,2192,3600,4.5620437956204375e-10,135,135,135,391,1,1,0.0,2584,6.919601148146427e-257,3.999967216094487e-12,9.410669708345461e-210,3.999967216094487e-12,7.999934432188973e-12,1.753585627535823e-08,43210,True,b=b_min
0.2,1.0,0.001,10,1e-06,1,2192,3600,4.5620437956204375e-10,2880,135,135,3982,382,7200,20.0,8217,0.0,3.999967216094487e-12,0.0,3.999967216094487e-12,7.999934432188973e-12,1.753585627535823e-08,115200,True,controle a posteriori 7200/2880
0.2,1.0,0.001,10,1e-06,256,2192,3600,1.7820483576642334e-12,168,168,168,485,1,1,0.0,2535,6.919601148146427e-257,1.5940038457893254e-14,2.30449315875839e-205,1.5940038457893254e-14,3.188007691578651e-14,1.788956892144743e-08,43210,True,b=b_min
0.2,1.0,0.001,10,1e-06,256,2192,3600,1.7820483576642334e-12,2880,168,168,4047,447,7200,20.0,8154,0.0,1.5940038457893254e-14,0.0,1.5940038457893254e-14,3.188007691578651e-14,1.788956892144743e-08,115200,True,controle a posteriori 7200/2880
0.2,1.0,0.001,10,1e-09,1,2192,3600,4.562043795620439e-13,177,177,177,509,1,1,0.0,2523,6.919601148146427e-257,4.004954607538745e-15,3.390698905355729e-204,4.004954607538745e-15,8.00990921507749e-15,1.755772099944986e-11,43210,True,b=b_min
0.2,1.0,0.001,10,1e-09,1,2192,3600,4.562043795620439e-13,2880,177,177,4062,462,7200,20.0,8139,0.0,4.004954607538745e-15,0.0,4.004954607538745e-15,8.00990921507749e-15,1.755772099944986e-11,115200,True,controle a posteriori 7200/2880
0.2,1.0,0.001,10,1e-09,256,2192,3600,1.782048357664234e-15,211,211,211,605,1,1,0.0,2476,6.919601148146427e-257,1.5959913423644513e-17,6.953798950216414e-200,1.5959913423644513e-17,3.1919826847289027e-17,1.7911874675009933e-11,43210,True,b=b_min
0.2,1.0,0.001,10,1e-09,256,2192,3600,1.782048357664234e-15,2880,211,211,4125,525,7200,20.0,8079,0.0,1.5959913423644513e-17,0.0,1.5959913423644513e-17,3.1919826847289027e-17,1.7911874675009933e-11,115200,True,controle a posteriori 7200/2880
0.2,1.0,0.001,12,1e-06,1,1827,3000,5.473453749315818e-10,133,133,133,387,1,1,0.0,2120,2.822254944340548e-214,3.999967216094487e-12,4.4968938164085884e-172,3.999967216094487e-12,7.999934432188973e-12,1.4615880207609254e-08,43212,True,b=b_min
0.2,1.0,0.001,12,1e-06,1,1827,3000,5.473453749315818e-10,2880,133,133,3980,980,7200,24.0,7748,0.0,3.999967216094487e-12,0.0,3.999967216094487e-12,7.999934432188973e-12,1.4615880207609254e-08,129600,True,controle a posteriori 7200/2880
0.2,1.0,0.001,12,1e-06,256,1827,3000,2.1380678708264913e-12,167,167,167,482,1,1,0.0,2073,2.822254944340548e-214,1.5940038457893254e-14,1.0829564264498485e-167,1.5940038457893254e-14,3.188007691578651e-14,1.491069453443634e-08,43212,True,b=b_min
0.2,1.0,0.001,12,1e-06,256,1827,3000,2.1380678708264913e-12,2880,167,167,4045,1045,7200,24.0,7685,0.0,1.5940038457893254e-14,0.0,1.5940038457893254e-14,3.188007691578651e-14,1.491069453443634e-08,129600,True,controle a posteriori 7200/2880
0.2,1.0,0.001,12,1e-09,1,1827,3000,5.473453749315818e-13,176,176,176,507,1,1,0.0,2061,2.822254944340548e-214,4.004954607538745e-15,1.427118256491151e-166,4.004954607538745e-15,8.00990921507749e-15,1.4634104135946574e-11,43212,True,b=b_min
0.2,1.0,0.001,12,1e-09,1,1827,3000,5.473453749315818e-13,2880,176,176,4060,1060,7200,24.0,7670,0.0,4.004954607538745e-15,0.0,4.004954607538745e-15,8.00990921507749e-15,1.4634104135946574e-11,129600,True,controle a posteriori 7200/2880
0.2,1.0,0.001,12,1e-09,256,1827,3000,2.1380678708264916e-15,210,210,210,602,1,1,0.0,2016,2.822254944340548e-214,1.5959913423644513e-17,2.1596999854625108e-162,1.5959913423644513e-17,3.1919826847289027e-17,1.4929286054399244e-11,43212,True,b=b_min
0.2,1.0,0.001,12,1e-09,256,1827,3000,2.1380678708264916e-15,2880,210,210,4123,1123,7200,24.0,7612,0.0,1.5959913423644513e-17,0.0,1.5959913423644513e-17,3.1919826847289027e-17,1.4929286054399244e-11,129600,True,controle a posteriori 7200/2880
0.2,1.0,0.01,6,1e-06,1,3653,6000,2.737476047084588e-10,147,147,147,426,1,1,0.0,4396,0.0,2.436481215546657e-12,0.0,2.436481215546657e-12,4.872962431093314e-12,1.7800931760783877e-08,43206,True,b=b_min
0.2,1.0,0.01,6,1e-06,1,3653,6000,2.737476047084588e-10,2880,147,147,4038,1,7200,12.0,9992,0.0,2.436481215546657e-12,0.0,2.436481215546657e-12,4.872962431093314e-12,1.7800931760783877e-08,86400,True,controle a posteriori 7200/2880
0.2,1.0,0.01,6,1e-06,256,3653,6000,1.0693265808924171e-12,183,183,183,528,1,1,0.0,4339,0.0,1.159086055287331e-14,0.0,1.159086055287331e-14,2.318172110574662e-14,2.1678803763018855e-08,43206,True,b=b_min
0.2,1.0,0.01,6,1e-06,256,3653,6000,1.0693265808924171e-12,2880,183,183,4105,1,7200,12.0,9924,0.0,1.159086055287331e-14,0.0,1.159086055287331e-14,2.318172110574662e-14,2.1678803763018855e-08,86400,True,controle a posteriori 7200/2880
0.2,1.0,0.01,6,1e-09,1,3653,6000,2.737476047084588e-13,192,192,192,553,1,1,0.0,4326,0.0,3.044064387623294e-15,0.0,3.044064387623294e-15,6.088128775246588e-15,2.2239934415975785e-11,43206,True,b=b_min
0.2,1.0,0.01,6,1e-09,1,3653,6000,2.737476047084588e-13,2880,192,192,4121,1,7200,12.0,9908,0.0,3.044064387623294e-15,0.0,3.044064387623294e-15,6.088128775246588e-15,2.2239934415975785e-11,86400,True,controle a posteriori 7200/2880
0.2,1.0,0.01,6,1e-09,256,3653,6000,1.0693265808924172e-15,228,228,228,654,1,1,0.0,4272,0.0,1.448126322738466e-17,0.0,1.448126322738466e-17,2.896252645476932e-17,2.7084827939653717e-11,43206,True,b=b_min
0.2,1.0,0.01,6,1e-09,256,3653,6000,1.0693265808924172e-15,2880,228,228,4187,1,7200,12.0,9844,0.0,1.448126322738466e-17,0.0,1.448126322738466e-17,2.896252645476932e-17,2.7084827939653717e-11,86400,True,controle a posteriori 7200/2880
0.2,1.0,0.01,8,1e-06,1,2740,4500,3.6496350364963504e-10,145,145,145,421,1,1,0.0,3240,2.6679073515847794e-301,2.436481215546657e-12,5.2141449418572895e-250,2.436481215546657e-12,4.872962431093314e-12,1.335191706119568e-08,43208,True,b=b_min
0.2,1.0,0.01,8,1e-06,1,2740,4500,3.6496350364963504e-10,2880,145,145,4034,1,7200,16.0,8826,0.0,2.436481215546657e-12,0.0,2.436481215546657e-12,4.872962431093314e-12,1.335191706119568e-08,100800,True,controle a posteriori 7200/2880
0.2,1.0,0.01,8,1e-06,256,2740,4500,1.4256386861313869e-12,181,181,181,523,1,1,0.0,3186,2.6679073515847794e-301,1.159086055287331e-14,2.1882683246148486e-245,1.159086055287331e-14,2.318172110574662e-14,1.6260586452414908e-08,43208,True,b=b_min
0.2,1.0,0.01,8,1e-06,256,2740,4500,1.4256386861313869e-12,2880,181,181,4102,1,7200,16.0,8760,0.0,1.159086055287331e-14,0.0,1.159086055287331e-14,2.318172110574662e-14,1.6260586452414908e-08,100800,True,controle a posteriori 7200/2880
0.2,1.0,0.01,8,1e-09,1,2740,4500,3.6496350364963506e-13,190,190,190,548,1,1,0.0,3174,2.6679073515847794e-301,3.044064387623294e-15,2.9507619476725825e-244,3.044064387623294e-15,6.088128775246588e-15,1.668147284417565e-11,43208,True,b=b_min
0.2,1.0,0.01,8,1e-09,1,2740,4500,3.6496350364963506e-13,2880,190,190,4118,1,7200,16.0,8745,0.0,3.044064387623294e-15,0.0,3.044064387623294e-15,6.088128775246588e-15,1.668147284417565e-11,100800,True,controle a posteriori 7200/2880
0.2,1.0,0.01,8,1e-09,256,2740,4500,1.425638686131387e-15,226,226,226,649,1,1,0.0,3123,2.6679073515847794e-301,1.448126322738466e-17,8.048582190054885e-240,1.448126322738466e-17,2.896252645476932e-17,2.0315474556433395e-11,43208,True,b=b_min
0.2,1.0,0.01,8,1e-09,256,2740,4500,1.425638686131387e-15,2880,226,226,4183,1,7200,16.0,8682,0.0,1.448126322738466e-17,0.0,1.448126322738466e-17,2.896252645476932e-17,2.0315474556433395e-11,100800,True,controle a posteriori 7200/2880
0.2,1.0,0.01,10,1e-06,1,2192,3600,4.5620437956204375e-10,143,143,143,415,1,1,0.0,2549,2.778433003837866e-241,9.277370782273809e-12,1.206472805256061e-196,9.277370782273809e-12,1.8554741564547618e-11,4.0671993509488375e-08,43210,True,b=b_min
0.2,1.0,0.01,10,1e-06,1,2192,3600,4.5620437956204375e-10,2880,143,143,4031,431,7200,20.0,8129,0.0,9.277370782273809e-12,0.0,9.277370782273809e-12,1.8554741564547618e-11,4.0671993509488375e-08,115200,True,controle a posteriori 7200/2880
0.2,1.0,0.01,10,1e-06,256,2192,3600,1.7820483576642334e-12,179,179,179,517,1,1,0.0,2498,2.778433003837866e-241,4.4134430566709907e-14,3.4690061743546184e-192,4.4134430566709907e-14,8.826886113341981e-14,4.95322479627408e-08,43210,True,b=b_min
0.2,1.0,0.01,10,1e-06,256,2192,3600,1.7820483576642334e-12,2880,179,179,4098,498,7200,20.0,8064,0.0,4.4134430566709907e-14,0.0,4.4134430566709907e-14,8.826886113341981e-14,4.95322479627408e-08,115200,True,controle a posteriori 7200/2880
0.2,1.0,0.01,10,1e-09,1,2192,3600,4.562043795620439e-13,188,188,188,543,1,1,0.0,2486,2.778433003837866e-241,3.044064387623294e-15,5.469217084790431e-191,3.044064387623294e-15,6.088128775246588e-15,1.334517827534052e-11,43210,True,b=b_min
0.2,1.0,0.01,10,1e-09,1,2192,3600,4.562043795620439e-13,2880,188,188,4116,516,7200,20.0,8048,0.0,3.044064387623294e-15,0.0,3.044064387623294e-15,6.088128775246588e-15,1.334517827534052e-11,115200,True,controle a posteriori 7200/2880
0.2,1.0,0.01,10,1e-09,256,2192,3600,1.782048357664234e-15,224,224,224,645,1,1,0.0,2437,2.778433003837866e-241,1.448126322738466e-17,1.0067134018150403e-186,1.448126322738466e-17,2.896252645476932e-17,1.6252379645146716e-11,43210,True,b=b_min
0.2,1.0,0.01,10,1e-09,256,2192,3600,1.782048357664234e-15,2880,224,224,4181,581,7200,20.0,7986,0.0,1.448126322738466e-17,0.0,1.448126322738466e-17,2.896252645476932e-17,1.6252379645146716e-11,115200,True,controle a posteriori 7200/2880
0.2,1.0,0.01,12,1e-06,1,1827,3000,5.473453749315818e-10,142,142,142,412,1,1,0.0,2090,2.8546490210716473e-201,9.277370782273809e-12,4.774326384655057e-161,9.277370782273809e-12,1.8554741564547618e-11,3.38995128384285e-08,43212,True,b=b_min
0.2,1.0,0.01,12,1e-06,1,1827,3000,5.473453749315818e-10,2880,142,142,4028,1028,7200,24.0,7664,0.0,9.277370782273809e-12,0.0,9.277370782273809e-12,1.8554741564547618e-11,3.38995128384285e-08,129600,True,controle a posteriori 7200/2880
0.2,1.0,0.01,12,1e-06,256,1827,3000,2.1380678708264913e-12,178,178,178,514,1,1,0.0,2041,2.8546490210716473e-201,4.4134430566709907e-14,9.950537272791882e-157,4.4134430566709907e-14,8.826886113341981e-14,4.128440557843405e-08,43212,True,b=b_min
0.2,1.0,0.01,12,1e-06,256,1827,3000,2.1380678708264913e-12,2880,178,178,4096,1096,7200,24.0,7600,0.0,4.4134430566709907e-14,0.0,4.4134430566709907e-14,8.826886113341981e-14,4.128440557843405e-08,129600,True,controle a posteriori 7200/2880
0.2,1.0,0.01,12,1e-09,1,1827,3000,5.473453749315818e-13,187,187,187,539,1,1,0.0,2029,2.8546490210716473e-201,1.159086055287331e-14,1.114571287071329e-155,1.159086055287331e-14,2.318172110574662e-14,4.2353004460199074e-11,43212,True,b=b_min
0.2,1.0,0.01,12,1e-09,1,1827,3000,5.473453749315818e-13,2880,187,187,4113,1113,7200,24.0,7584,0.0,1.159086055287331e-14,0.0,1.159086055287331e-14,2.318172110574662e-14,4.2353004460199074e-11,129600,True,controle a posteriori 7200/2880
0.2,1.0,0.01,12,1e-09,256,1827,3000,2.1380678708264916e-15,223,223,223,642,1,1,0.0,1982,2.8546490210716473e-201,1.448126322738466e-17,1.929412318634805e-151,1.448126322738466e-17,2.896252645476932e-17,1.3546121173213069e-11,43212,True,b=b_min
0.2,1.0,0.01,12,1e-09,256,1827,3000,2.1380678708264916e-15,2880,223,223,4179,1179,7200,24.0,7523,0.0,1.448126322738466e-17,0.0,1.448126322738466e-17,2.896252645476932e-17,1.3546121173213069e-11,129600,True,controle a posteriori 7200/2880
0.25,0.5,0.0,6,1e-06,1,3653,6000,2.737476047084588e-10,1692,1692,2714,8555,2555,2555,4.26,1692,3.9467637154548e-32,5.372289657158365e-12,1.3105492715962677e-10,5.372289657158365e-12,1.417995064739435e-10,5.179935971493156e-07,58530,True,b=b_min
0.25,0.5,0.0,6,1e-06,1,3653,6000,2.737476047084588e-10,2880,1692,2714,11910,5910,7200,12.0,3340,5.011130705987162e-49,5.372289657158365e-12,9.943247683585444e-15,5.372289657158365e-12,1.0754522562000315e-11,3.928627091898715e-08,86400,True,controle a posteriori 7200/2880
0.25,0.5,0.0,6,1e-06,256,3653,6000,1.0693265808924171e-12,2102,2102,3372,10505,4505,4505,7.51,2102,3.184686106937422e-39,1.840271048022318e-14,5.151938645685438e-13,1.840271048022318e-14,5.519992855289902e-13,5.162120678495748e-07,70230,True,b=b_min
0.25,0.5,0.0,6,1e-06,256,3653,6000,1.0693265808924171e-12,2880,2102,3372,12708,6708,7200,12.0,3054,5.011130705987162e-49,1.840271048022318e-14,1.3352150453355428e-14,1.840271048022318e-14,5.0157571413801784e-14,4.690575574390219e-08,86400,True,controle a posteriori 7200/2880
0.25,0.5,0.0,6,1e-09,1,3653,6000,2.737476047084588e-13,2204,2204,3534,10986,4986,4986,8.31,2204,5.667831426107492e-41,5.452654957103163e-15,1.3099001802392383e-13,5.452654957103163e-15,1.4189532793813015e-13,5.183436329579894e-10,73116,True,b=b_min
0.25,0.5,0.0,6,1e-09,1,3653,6000,2.737476047084588e-13,2880,2204,3534,12901,6901,7200,12.0,2986,5.011130705987162e-49,5.452654957103163e-15,1.4221580231329565e-14,5.452654957103163e-15,2.5126890145535892e-14,9.178852970164261e-11,86400,True,controle a posteriori 7200/2880
0.25,0.5,0.0,6,1e-09,256,3653,6000,1.0693265808924172e-15,2621,2621,4203,12950,6950,6950,11.58,2621,4.067401795249904e-48,1.867800080184048e-17,5.130292369606606e-16,1.867800080184048e-17,5.503852385643415e-16,5.147026627777381e-10,84900,True,b=b_min
0.25,0.5,0.0,6,1e-09,256,3653,6000,1.0693265808924172e-15,2880,2621,4203,13685,7685,7200,12.0,2709,5.011130705987162e-49,1.867800080184048e-17,1.908983859902821e-14,1.867800080184048e-17,1.912719460063189e-14,1.7887140320283723e-08,86400,True,controle a posteriori 7200/2880
0.25,0.5,0.0,8,1e-06,1,2740,4500,3.6496350364963504e-10,1671,1671,2680,8455,3955,3955,8.79,1671,9.119975360569457e-32,8.058434485737547e-12,1.7372747411837819e-10,8.058434485737547e-12,1.898443430898533e-10,5.20173500066198e-07,74840,True,b=b_min
0.25,0.5,0.0,8,1e-06,1,2740,4500,3.6496350364963504e-10,2880,1671,2680,11869,7369,7200,16.0,2820,1.4329261311121332e-43,8.058434485737547e-12,5.990807196527432e-10,8.058434485737547e-12,6.151975886242182e-10,1.685641392830358e-06,100800,True,controle a posteriori 7200/2880
0.25,0.5,0.0,8,1e-06,256,2740,4500,1.4256386861313869e-12,2081,2081,3337,10405,5905,5905,13.12,2081,7.359006244200834e-39,2.760406572033477e-14,6.823798057119817e-13,2.760406572033477e-14,7.375879371526513e-13,5.173736826363557e-07,90440,True,b=b_min
0.25,0.5,0.0,8,1e-06,256,2740,4500,1.4256386861313869e-12,2880,2081,3337,12667,8167,7200,16.0,2537,1.4329261311121332e-43,2.760406572033477e-14,7.987701855867208e-10,2.760406572033477e-14,7.988253937181614e-10,0.0005603280841696671,100800,True,controle a posteriori 7200/2880
0.25,0.5,0.0,8,1e-09,1,2740,4500,3.6496350364963506e-13,2182,2182,3500,10883,6383,6383,14.18,2182,1.3430186362833904e-40,8.178982435654746e-15,1.7370207220501653e-13,8.178982435654746e-15,1.9006003707632603e-13,5.207645015891333e-10,94264,True,b=b_min
0.25,0.5,0.0,8,1e-09,1,2740,4500,3.6496350364963506e-13,2880,2182,3500,12860,8360,7200,16.0,2469,1.4329261311121332e-43,8.178982435654746e-15,8.495142243949208e-10,8.178982435654746e-15,8.495305823597921e-10,2.3277137956658305e-06,100800,True,controle a posteriori 7200/2880
0.25,0.5,0.0,8,1e-09,256,2740,4500,1.425638686131387e-15,2599,2599,4169,12847,8347,8347,18.55,2599,9.637894992979173e-48,2.8017001202760724e-17,6.802823528514186e-16,2.8017001202760724e-17,7.3631635525694e-16,5.16481744231428e-10,109976,True,b=b_min
0.25,0.5,0.0,8,1e-09,256,2740,4500,1.425638686131387e-15,2880,2599,4169,13644,9144,7200,16.0,2196,1.4329261311121332e-43,2.8017001202760724e-17,1.1322258530152583e-09,2.8017001202760724e-17,1.1322259090492608e-09,0.0007941885416435135,100800,True,controle a posteriori 7200/2880
0.25,0.5,0.0,10,1e-06,1,2192,3600,4.5620437956204375e-10,1654,1654,2653,8376,4776,4776,13.27,1654,1.7674949031773906e-31,8.058434485737547e-12,2.1887646601293536e-10,8.058434485737547e-12,2.3499333498441044e-10,5.151053902858277e-07,90960,True,b=b_min
0.25,0.5,0.0,10,1e-06,1,2192,3600,4.5620437956204375e-10,2880,1654,2653,11837,8237,7200,20.0,2511,2.6915140164556506e-40,8.058434485737547e-12,4.2010979632243386e-07,8.058434485737547e-12,4.201259131914053e-07,0.0009209160017155604,115200,True,controle a posteriori 7200/2880
0.25,0.5,0.0,10,1e-06,256,2192,3600,1.7820483576642334e-12,2064,2064,3311,10325,6725,6725,18.68,2064,1.4382063500243366e-38,4.140609858050216e-14,8.47144029939231e-13,4.140609858050216e-14,9.299562271002353e-13,5.218467967497512e-07,110450,True,b=b_min
0.25,0.5,0.0,10,1e-06,256,2192,3600,1.7820483576642334e-12,2880,2064,3311,12635,9035,7200,20.0,2231,2.6915140164556506e-40,4.140609858050216e-14,5.452250936945243e-07,4.140609858050216e-14,5.452251765067214e-07,0.30595419824709974,115200,True,controle a posteriori 7200/2880
0.25,0.5,0.0,10,1e-09,1,2192,3600,4.562043795620439e-13,2165,2165,3473,10804,7204,7204,20.01,2165,2.60283443831032e-40,8.178982435654746e-15,2.1865952385791384e-13,8.178982435654746e-15,2.350174887292233e-13,5.151583352944575e-10,115240,True,b=b_min
0.25,0.5,0.0,10,1e-09,1,2192,3600,4.562043795620439e-13,2880,2165,3473,12829,9229,7200,20.0,2163,2.6915140164556506e-40,8.178982435654746e-15,5.906958236224348e-07,8.178982435654746e-15,5.906958399803996e-07,0.001294805281237036,115200,True,controle a posteriori 7200/2880
0.25,0.5,0.0,10,1e-09,256,2192,3600,1.782048357664234e-15,2583,2583,4142,12770,9170,9170,25.47,2583,1.8368413380790825e-47,4.2025501804141085e-17,8.435738258927999e-16,4.2025501804141085e-17,9.27624829501082e-16,5.205385283241911e-10,134900,True,b=b_min
0.25,0.5,0.0,10,1e-09,256,2192,3600,1.782048357664234e-15,2880,2583,4142,13613,10013,7200,20.0,1893,2.6915140164556506e-40,4.2025501804141085e-17,7.661812781916152e-07,4.2025501804141085e-17,7.661812782756663e-07,0.4299441566669467,115200,True,controle a posteriori 7200/2880
0.25,0.5,0.0,12,1e-06,1,1827,3000,5.473453749315818e-10,1641,1641,2631,8313,5313,5313,17.71,1641,2.995865206267379e-31,1.2087651728606323e-11,2.606805384346185e-10,1.2087651728606323e-11,2.848558418918311e-10,5.204316231363754e-07,106956,True,b=b_min
0.25,0.5,0.0,12,1e-06,1,1827,3000,5.473453749315818e-10,2880,1641,2631,11811,8811,7200,24.0,2307,4.0974331297541023e-38,1.2087651728606323e-11,3.0082854979681157e-05,1.2087651728606323e-11,3.0082879154984612e-05,0.05496142021615689,129600,True,controle a posteriori 7200/2880
0.25,0.5,0.0,12,1e-06,256,1827,3000,2.1380678708264913e-12,2051,2051,3289,10263,7263,7263,24.21,2051,2.4173958687459717e-38,4.140609858050216e-14,1.0223737043305863e-12,4.140609858050216e-14,1.1051859014915907e-12,5.169087083584349e-07,130356,True,b=b_min
0.25,0.5,0.0,12,1e-06,256,1827,3000,2.1380678708264913e-12,2880,2051,3289,12609,9609,7200,24.0,2029,4.0974331297541023e-38,4.140609858050216e-14,3.957842385647072e-05,4.140609858050216e-14,3.957842393928292e-05,1.0,129600,True,controle a posteriori 7200/2880
0.25,0.5,0.0,12,1e-09,1,1827,3000,5.473453749315818e-13,2152,2152,3451,10741,7741,7741,25.8,2152,4.411747449676114e-40,1.2268473653482118e-14,2.60228538026072e-13,1.2268473653482118e-14,2.8476548533303623e-13,5.202665417034572e-10,136092,True,b=b_min
0.25,0.5,0.0,12,1e-09,1,1827,3000,5.473453749315818e-13,2880,2152,3451,12803,9803,7200,24.0,1962,4.0974331297541023e-38,1.2268473653482118e-14,4.197205496852242e-05,1.2268473653482118e-14,4.1972054993059366e-05,0.07668294447231946,129600,True,controle a posteriori 7200/2880
0.25,0.5,0.0,12,1e-09,256,1827,3000,2.1380678708264916e-15,2569,2569,4121,12704,9704,9704,32.35,2569,3.1926280118157284e-47,4.2025501804141085e-17,1.0267820182874342e-15,4.2025501804141085e-17,1.1108330218957164e-15,5.195499343368893e-10,159648,True,b=b_min
0.25,0.5,0.0,12,1e-09,256,1827,3000,2.1380678708264916e-15,2880,2569,4121,13587,10587,7200,24.0,1693,4.0974331297541023e-38,4.2025501804141085e-17,5.518022981221239e-05,4.2025501804141085e-17,5.518022981229644e-05,1.0,129600,True,controle a posteriori 7200/2880
0.25,0.5,1e-06,6,1e-06,1,3653,6000,2.737476047084588e-10,1692,1692,2714,8555,2555,2555,4.26,1692,2.8675175352136775e-32,5.373149292057565e-12,1.306021995040791e-10,5.373149292057565e-12,1.4134849808819426e-10,5.163460635161737e-07,58530,True,b=b_min
0.25,0.5,1e-06,6,1e-06,1,3653,6000,2.737476047084588e-10,2880,1692,2714,11909,5909,7200,12.0,3340,2.8753755463868947e-49,5.373149292057565e-12,9.001017445806986e-15,5.373149292057565e-12,1.0755299601560936e-11,3.92891094445021e-08,86400,True,controle a posteriori 7200/2880
0.25,0.5,1e-06,6,1e-06,256,3653,6000,1.0693265808924171e-12,2102,2102,3371,10495,4495,4495,7.49,2102,2.279789860048386e-39,1.8406299357773813e-14,5.134361875831804e-13,1.8406299357773813e-14,5.502487862987281e-13,5.14575056985409e-07,70170,True,b=b_min
0.25,0.5,1e-06,6,1e-06,256,3653,6000,1.0693265808924171e-12,2880,2102,3371,12698,6698,7200,12.0,3058,2.8753755463868947e-49,1.8406299357773813e-14,1.2106411003405363e-14,1.8406299357773813e-14,4.891900971895299e-14,4.574749248085383e-08,86400,True,controle a posteriori 7200/2880
0.25,0.5,1e-06,6,1e-09,1,3653,6000,2.737476047084588e-13,2203,2203,3533,10972,4972,4972,8.29,2203,4.0951399574975516e-41,5.4537592312599e-15,1.307119972573806e-13,5.4537592312599e-15,1.4161951571990038e-13,5.17336090924796e-10,73032,True,b=b_min
0.25,0.5,1e-06,6,1e-09,1,3653,6000,2.737476047084588e-13,2880,2203,3533,12890,6890,7200,12.0,2990,2.8753755463868947e-49,5.4537592312599e-15,1.2900049298585146e-14,5.4537592312599e-15,2.3807567761104946e-14,8.696904503131637e-11,86400,True,controle a posteriori 7200/2880
0.25,0.5,1e-06,6,1e-09,256,3653,6000,1.0693265808924172e-15,2613,2613,4192,12912,6912,6912,11.52,2613,3.255798242184492e-48,1.8682437352741373e-17,5.123882375465099e-16,1.8682437352741373e-17,5.497531122519926e-16,5.141115184784714e-10,84672,True,b=b_min
0.25,0.5,1e-06,6,1e-09,256,3653,6000,1.0693265808924172e-15,2880,2613,4192,13670,7670,7200,12.0,2714,2.8753755463868947e-49,1.8682437352741373e-17,1.7344650350466557e-14,1.8682437352741373e-17,1.7382015225172038e-14,1.6255104414093684e-08,86400,True,controle a posteriori 7200/2880
0.25,0.5,1e-06,8,1e-06,1,2740,4500,3.6496350364963504e-10,1671,1671,2680,8455,3955,3955,8.79,1671,6.65986500105192e-32,8.059703788806725e-12,1.732656855183841e-10,8.059703788806725e-12,1.8938509309599758e-10,5.189151550830333e-07,74840,True,b=b_min
0.25,0.5,1e-06,8,1e-06,1,2740,4500,3.6496350364963504e-10,2880,1671,2680,11868,7368,7200,16.0,2820,8.873291073270802e-44,8.059703788806725e-12,5.986688477168337e-10,8.059703788806725e-12,6.14788255294447e-10,1.6845198195067848e-06,100800,True,controle a posteriori 7200/2880
0.25,0.5,1e-06,8,1e-06,256,2740,4500,1.4256386861313869e-12,2081,2081,3337,10395,5895,5895,13.1,2081,5.294856094945447e-39,2.7609380013141665e-14,6.810850262830222e-13,2.7609380013141665e-14,7.363037863093056e-13,5.164729278687994e-07,90360,True,b=b_min
0.25,0.5,1e-06,8,1e-06,256,2740,4500,1.4256386861313869e-12,2880,2081,3337,12657,8157,7200,16.0,2541,8.873291073270802e-44,2.7609380013141665e-14,7.984036732728023e-10,2.7609380013141665e-14,7.984588920328287e-10,0.0005600710052275073,100800,True,controle a posteriori 7200/2880
0.25,0.5,1e-06,8,1e-09,1,2740,4500,3.6496350364963506e-13,2181,2181,3499,10869,6369,6369,14.15,2181,9.754541772054234e-41,8.18061839532341e-15,1.7359573557291747e-13,8.18061839532341e-15,1.899569723635643e-13,5.204821042761662e-10,94152,True,b=b_min
0.25,0.5,1e-06,8,1e-09,1,2740,4500,3.6496350364963506e-13,2880,2181,3499,12849,8349,7200,16.0,2473,8.873291073270802e-44,8.18061839532341e-15,8.491606367436543e-10,8.18061839532341e-15,8.491769979804449e-10,2.326744974466419e-06,100800,True,controle a posteriori 7200/2880
0.25,0.5,1e-06,8,1e-09,256,2740,4500,1.425638686131387e-15,2592,2592,4158,12811,8311,8311,18.47,2592,7.625642152391766e-48,2.8023585970077076e-17,6.847780898339036e-16,2.8023585970077076e-17,7.408252617740578e-16,5.196444716187951e-10,109688,True,b=b_min
0.25,0.5,1e-06,8,1e-09,256,2740,4500,1.425638686131387e-15,2880,2592,4158,13629,9129,7200,16.0,2202,8.873291073270802e-44,2.8023585970077076e-17,1.1319457269408787e-09,2.8023585970077076e-17,1.1319457829880508e-09,0.0007939920500191383,100800,True,controle a posteriori 7200/2880
0.25,0.5,1e-06,10,1e-06,1,2192,3600,4.5620437956204375e-10,1654,1654,2653,8376,4776,4776,13.27,1654,1.2959054230289955e-31,8.059703788806725e-12,2.1840992559101057e-10,8.059703788806725e-12,2.3452933316862404e-10,5.140882983056239e-07,90960,True,b=b_min
0.25,0.5,1e-06,10,1e-06,1,2192,3600,4.5620437956204375e-10,2880,1654,2653,11837,8237,7200,20.0,2511,1.7446922017081711e-40,8.059703788806725e-12,4.202284552810645e-07,8.059703788806725e-12,4.2024457468864205e-07,0.0009211761077175034,115200,True,controle a posteriori 7200/2880
0.25,0.5,1e-06,10,1e-06,256,2192,3600,1.7820483576642334e-12,2064,2064,3311,10315,6715,6715,18.65,2064,1.0390145661508887e-38,4.141396648469275e-14,8.465351916498792e-13,4.141396648469275e-14,9.293631246192647e-13,5.215139761063496e-07,110350,True,b=b_min
0.25,0.5,1e-06,10,1e-06,256,2192,3600,1.7820483576642334e-12,2880,2064,3311,12625,9025,7200,20.0,2234,1.7446922017081711e-40,4.141396648469275e-14,5.453776414062995e-07,4.141396648469275e-14,5.453777242342323e-07,0.30603980070948794,115200,True,controle a posteriori 7200/2880
0.25,0.5,1e-06,10,1e-09,1,2192,3600,4.562043795620439e-13,2165,2165,3472,10793,7193,7193,19.98,2165,1.8506997825868063e-40,8.18061839532341e-15,2.1854160269470272e-13,8.18061839532341e-15,2.3490283948534955e-13,5.149070241518863e-10,115130,True,b=b_min
0.25,0.5,1e-06,10,1e-09,1,2192,3600,4.562043795620439e-13,2880,2165,3472,12818,9218,7200,20.0,2167,1.7446922017081711e-40,8.18061839532341e-15,5.908609972263824e-07,8.18061839532341e-15,5.908610135876191e-07,0.0012951673417840612,115200,True,controle a posteriori 7200/2880
0.25,0.5,1e-06,10,1e-09,256,2192,3600,1.782048357664234e-15,2576,2576,4131,12735,9135,9135,25.38,2576,1.4467900802832054e-47,4.203527386682586e-17,8.437410191633024e-16,4.203527386682586e-17,9.27811566896954e-16,5.206433163873595e-10,134550,True,b=b_min
0.25,0.5,1e-06,10,1e-09,256,2192,3600,1.782048357664234e-15,2880,2576,4131,13598,9998,7200,20.0,1898,1.7446922017081711e-40,4.203527386682586e-17,7.663932936714757e-07,4.203527386682586e-17,7.663932937555463e-07,0.4300631295775123,115200,True,controle a posteriori 7200/2880
0.25,0.5,1e-06,12,1e-06,1,1827,3000,5.473453749315818e-10,1641,1641,2631,8313,5313,5313,17.71,1641,2.2035742751250697e-31,1.2089525459366217e-11,2.6021392738712686e-10,1.2089525459366217e-11,2.843929783058593e-10,5.19585971364805e-07,106956,True,b=b_min
0.25,0.5,1e-06,12,1e-06,1,1827,3000,5.473453749315818e-10,2880,1641,2631,11810,8810,7200,24.0,2307,2.738261253209987e-38,1.2089525459366217e-11,3.008989776809366e-05,1.2089525459366217e-11,3.008992194714458e-05,0.054974287397433146,129600,True,controle a posteriori 7200/2880
0.25,0.5,1e-06,12,1e-06,256,1827,3000,2.1380678708264913e-12,2051,2051,3289,10253,7253,7253,24.18,2051,1.7519287071837166e-38,4.141396648469275e-14,1.0226682676885148e-12,4.141396648469275e-14,1.1054962006579003e-12,5.170538390021079e-07,130236,True,b=b_min
0.25,0.5,1e-06,12,1e-06,256,1827,3000,2.1380678708264913e-12,2880,2051,3289,12599,9599,7200,24.0,2032,2.738261253209987e-38,4.141396648469275e-14,3.9587533105501555e-05,4.141396648469275e-14,3.958753318832949e-05,1.0,129600,True,controle a posteriori 7200/2880
0.25,0.5,1e-06,12,1e-09,1,1827,3000,5.473453749315818e-13,2152,2152,3451,10730,7730,7730,25.77,2152,3.146953750957905e-40,1.2270896915712149e-14,2.6033637748905806e-13,1.2270896915712149e-14,2.848781713204824e-13,5.204724190025213e-10,135960,True,b=b_min
0.25,0.5,1e-06,12,1e-09,1,1827,3000,5.473453749315818e-13,2880,2152,3451,12792,9792,7200,24.0,1966,2.738261253209987e-38,1.2270896915712149e-14,4.1981682897698605e-05,1.2270896915712149e-14,4.19816829222404e-05,0.07670053469893322,129600,True,controle a posteriori 7200/2880
0.25,0.5,1e-06,12,1e-09,256,1827,3000,2.1380678708264916e-15,2562,2562,4110,12670,9670,9670,32.23,2562,2.501952704167319e-47,4.203527386682586e-17,1.020378447227875e-15,4.203527386682586e-17,1.1044489949615267e-15,5.165640483314456e-10,159240,True,b=b_min
0.25,0.5,1e-06,12,1e-09,256,1827,3000,2.1380678708264916e-15,2880,2562,4110,13572,10572,7200,24.0,1698,2.738261253209987e-38,4.203527386682586e-17,5.519273322343227e-05,4.203527386682586e-17,5.5192733223516336e-05,1.0,129600,True,controle a posteriori 7200/2880
0.25,0.5,0.0001,6,1e-06,1,3653,6000,2.737476047084588e-10,1694,1694,2717,8565,2565,2565,4.28,1694,2.8913654054957966e-32,5.458935443884042e-12,1.3110327122135992e-10,5.458935443884042e-12,1.4202114210912802e-10,5.188032321246447e-07,58590,True,b=b_min
0.25,0.5,0.0001,6,1e-06,1,3653,6000,2.737476047084588e-10,2880,1694,2717,11915,5915,7200,12.0,3339,3.3162741780750897e-49,5.458935443884042e-12,9.459565542244034e-15,5.458935443884042e-12,1.0927330453310328e-11,3.991753814594263e-08,86400,True,controle a posteriori 7200/2880
0.25,0.5,0.0001,6,1e-06,256,3653,6000,1.0693265808924171e-12,2105,2105,3376,10509,4509,4509,7.51,2105,2.2697662486835784e-39,1.8765075857677835e-14,5.147364794445882e-13,1.8765075857677835e-14,5.522666311599439e-13,5.164620809285825e-07,70254,True,b=b_min
0.25,0.5,0.0001,6,1e-06,256,3653,6000,1.0693265808924171e-12,2880,2105,3376,12704,6704,7200,12.0,3056,3.3162741780750897e-49,1.8765075857677835e-14,1.2718912033626111e-14,1.8765075857677835e-14,5.0249063748981776e-14,4.699131644800779e-08,86400,True,controle a posteriori 7200/2880
0.25,0.5,0.0001,6,1e-09,1,3653,6000,2.737476047084588e-13,2206,2206,3538,10986,4986,4986,8.31,2206,4.098215152624126e-41,5.564193953049292e-15,1.3128944269029222e-13,5.564193953049292e-15,1.424178305963908e-13,5.202523351686156e-10,73116,True,b=b_min
0.25,0.5,0.0001,6,1e-09,1,3653,6000,2.737476047084588e-13,2880,2206,3538,12896,6896,7200,12.0,2987,3.3162741780750897e-49,5.564193953049292e-15,1.355237515817292e-14,5.564193953049292e-15,2.4680763064271505e-14,9.01588274737838e-11,86400,True,controle a posteriori 7200/2880
0.25,0.5,0.0001,6,1e-09,256,3653,6000,1.0693265808924172e-15,2617,2617,4197,12930,6930,6930,11.55,2617,3.217161834885643e-48,1.9126901698898376e-17,5.138917830800847e-16,1.9126901698898376e-17,5.521455864778814e-16,5.163488838153474e-10,84780,True,b=b_min
0.25,0.5,0.0001,6,1e-09,256,3653,6000,1.0693265808924172e-15,2880,2617,4197,13677,7677,7200,12.0,2712,3.3162741780750897e-49,1.9126901698898376e-17,1.821500936782509e-14,1.9126901698898376e-17,1.8253263171222888e-14,1.7069867613306167e-08,86400,True,controle a posteriori 7200/2880
0.25,0.5,0.0001,8,1e-06,1,2740,4500,3.6496350364963504e-10,1673,1673,2683,8465,3965,3965,8.81,1673,6.707995883401647e-32,8.18635637205367e-12,1.738772543954301e-10,8.18635637205367e-12,1.9024996713953746e-10,5.212849099623326e-07,74920,True,b=b_min
0.25,0.5,0.0001,8,1e-06,1,2740,4500,3.6496350364963504e-10,2880,1673,2683,11873,7373,7200,16.0,2818,1.0069259496232521e-43,8.18635637205367e-12,6.206792745861669e-10,8.18635637205367e-12,6.370519873302741e-10,1.745522445284951e-06,100800,True,controle a posteriori 7200/2880
0.25,0.5,0.0001,8,1e-06,256,2740,4500,1.4256386861313869e-12,2083,2083,3342,10406,5906,5906,13.12,2083,5.400520698399291e-39,2.8140577938447327e-14,6.834133630231922e-13,2.8140577938447327e-14,7.396945189000868e-13,5.188513233372768e-07,90448,True,b=b_min
0.25,0.5,0.0001,8,1e-06,256,2740,4500,1.4256386861313869e-12,2880,2083,3342,12663,8163,7200,16.0,2539,1.0069259496232521e-43,2.8140577938447327e-14,8.274904903698164e-10,2.8140577938447327e-14,8.275467715256933e-10,0.0005804744074189823,100800,True,controle a posteriori 7200/2880
0.25,0.5,0.0001,8,1e-09,1,2740,4500,3.6496350364963506e-13,2184,2184,3503,10884,6384,6384,14.19,2184,9.66928492540709e-41,8.344204669780511e-15,1.7298282560981255e-13,8.344204669780511e-15,1.8967123494937358e-13,5.196991837612837e-10,94272,True,b=b_min
0.25,0.5,0.0001,8,1e-09,1,2740,4500,3.6496350364963506e-13,2880,2184,3503,12855,8355,7200,16.0,2471,1.0069259496232521e-43,8.344204669780511e-15,8.800662459587686e-10,8.344204669780511e-15,8.800829343681082e-10,2.4114272401686163e-06,100800,True,controle a posteriori 7200/2880
0.25,0.5,0.0001,8,1e-09,256,2740,4500,1.425638686131387e-15,2595,2595,4163,12827,8327,8327,18.5,2595,7.654686507686508e-48,2.8683181035937335e-17,6.822305798607495e-16,2.8683181035937335e-17,7.395969419326241e-16,5.187828789492199e-10,109816,True,b=b_min
0.25,0.5,0.0001,8,1e-09,256,2740,4500,1.425638686131387e-15,2880,2595,4163,13636,9136,7200,16.0,2199,1.0069259496232521e-43,2.8683181035937335e-17,1.1727579069275912e-09,2.8683181035937335e-17,1.1727579642939535e-09,0.0008226193464743507,100800,True,controle a posteriori 7200/2880
0.25,0.5,0.0001,10,1e-06,1,2192,3600,4.5620437956204375e-10,1656,1656,2656,8386,4786,4786,13.29,1656,1.3041565739341326e-31,8.18635637205367e-12,2.191002427041361e-10,8.18635637205367e-12,2.3547295544824343e-10,5.161567183425496e-07,91060,True,b=b_min
0.25,0.5,0.0001,10,1e-06,1,2192,3600,4.5620437956204375e-10,2880,1656,2656,11842,8242,7200,20.0,2509,1.960675832103644e-40,8.18635637205367e-12,4.322688705633853e-07,8.18635637205367e-12,4.322852432761294e-07,0.0009475692532612757,115200,True,controle a posteriori 7200/2880
0.25,0.5,0.0001,10,1e-06,256,2192,3600,1.7820483576642334e-12,2067,2067,3315,10329,6729,6729,18.69,2067,1.0324351601402534e-38,4.220031577361417e-14,8.481509774436736e-13,4.220031577361417e-14,9.32551608990902e-13,5.233032004884626e-07,110490,True,b=b_min
0.25,0.5,0.0001,10,1e-06,256,2192,3600,1.7820483576642334e-12,2880,2067,3315,12631,9031,7200,20.0,2232,1.960675832103644e-40,4.220031577361417e-14,5.608224140982774e-07,4.220031577361417e-14,5.60822498498909e-07,0.3147066666776598,115200,True,controle a posteriori 7200/2880
0.25,0.5,0.0001,10,1e-09,1,2192,3600,4.562043795620439e-13,2168,2168,3477,10807,7207,7207,20.02,2168,1.8485087434926503e-40,8.344204669780511e-15,2.193581123793277e-13,8.344204669780511e-15,2.360465217188887e-13,5.17413975607804e-10,115270,True,b=b_min
0.25,0.5,0.0001,10,1e-09,1,2192,3600,4.562043795620439e-13,2880,2168,3477,12824,9224,7200,20.0,2165,1.960675832103644e-40,8.344204669780511e-15,6.075745758369932e-07,8.344204669780511e-15,6.075745925254025e-07,0.0013318035068156824,115200,True,controle a posteriori 7200/2880
0.25,0.5,0.0001,10,1e-09,256,2192,3600,1.782048357664234e-15,2579,2579,4136,12750,9150,9150,25.42,2579,1.4633713917121132e-47,4.3014016974204466e-17,8.466720315060197e-16,4.3014016974204466e-17,9.327000654544286e-16,5.233865071298835e-10,134700,True,b=b_min
0.25,0.5,0.0001,10,1e-09,256,2192,3600,1.782048357664234e-15,2880,2579,4136,13605,10005,7200,20.0,1896,1.960675832103644e-40,4.3014016974204466e-17,7.87810762596784e-07,4.3014016974204466e-17,7.878107626828121e-07,0.4420815851009854,115200,True,controle a posteriori 7200/2880
0.25,0.5,0.0001,12,1e-06,1,1827,3000,5.473453749315818e-10,1643,1643,2635,8323,5323,5323,17.74,1643,2.2160946906494528e-31,1.2276465134854467e-11,2.6097578982069627e-10,1.2276465134854467e-11,2.8552872009040524e-10,5.216609716051704e-07,107076,True,b=b_min
0.25,0.5,0.0001,12,1e-06,1,1827,3000,5.473453749315818e-10,2880,1643,2635,11815,8815,7200,24.0,2305,3.057346327779163e-38,1.2276465134854467e-11,3.079310196753148e-05,1.2276465134854467e-11,3.079312652046175e-05,0.05625904215288362,129600,True,controle a posteriori 7200/2880
0.25,0.5,0.0001,12,1e-06,256,1827,3000,2.1380678708264913e-12,2053,2053,3293,10264,7264,7264,24.21,2053,1.7841491638477418e-38,4.220031577361417e-14,1.02551115730349e-12,4.220031577361417e-14,1.1099117888507184e-12,5.191190625869472e-07,130368,True,b=b_min
0.25,0.5,0.0001,12,1e-06,256,1827,3000,2.1380678708264913e-12,2880,2053,3293,12605,9605,7200,24.0,2030,3.057346327779163e-38,4.220031577361417e-14,4.05004792271734e-05,4.220031577361417e-14,4.050047931157403e-05,1.0,129600,True,controle a posteriori 7200/2880
0.25,0.5,0.0001,12,1e-09,1,1827,3000,5.473453749315818e-13,2154,2154,3455,10742,7742,7742,25.81,2154,3.194404313603261e-40,1.2513178397210715e-14,2.595957529551675e-13,1.2513178397210715e-14,2.8462210974958893e-13,5.20004594512499e-10,136104,True,b=b_min
0.25,0.5,0.0001,12,1e-09,1,1827,3000,5.473453749315818e-13,2880,2154,3455,12798,9798,7200,24.0,1964,3.057346327779163e-38,1.2513178397210715e-14,4.294657012338505e-05,1.2513178397210715e-14,4.2946570148411405e-05,0.07846338366114763,129600,True,controle a posteriori 7200/2880
0.25,0.5,0.0001,12,1e-09,256,1827,3000,2.1380678708264916e-15,2565,2565,4115,12685,9685,9685,32.28,2565,2.5288492156419716e-47,4.3014016974204466e-17,1.0237247713793236e-15,4.3014016974204466e-17,1.1097528053277325e-15,5.190447040854444e-10,159420,True,b=b_min
0.25,0.5,0.0001,12,1e-09,256,1827,3000,2.1380678708264916e-15,2880,2565,4115,13579,10579,7200,24.0,1696,3.057346327779163e-38,4.3014016974204466e-17,5.644561025008317e-05,4.3014016974204466e-17,5.6445610250169203e-05,1.0,129600,True,controle a posteriori 7200/2880
0.25,0.5,0.001,6,1e-06,1,3653,6000,2.737476047084588e-10,1714,1714,2749,8667,2667,2667,4.45,1714,2.8344324646638926e-32,6.304188730204985e-12,1.3025652666959166e-10,6.304188730204985e-12,1.4286490413000164e-10,5.21885494786896e-07,59202,True,b=b_min
0.25,0.5,0.001,6,1e-06,1,3653,6000,2.737476047084588e-10,2880,1714,2749,11963,5963,7200,12.0,3321,1.1873709433100212e-48,6.304188730204985e-12,1.4796193016460786e-14,6.304188730204985e-12,1.2623173653426432e-11,4.611245335596675e-08,86400,True,controle a posteriori 7200/2880
0.25,0.5,0.001,6,1e-06,256,3653,6000,1.0693265808924171e-12,2129,2129,3415,10631,4631,4631,7.72,2129,2.2723164981618416e-39,2.2363928501967597e-14,5.118166007390531e-13,2.2363928501967597e-14,5.565444577429883e-13,5.20462567458595e-07,70986,True,b=b_min
0.25,0.5,0.001,6,1e-06,256,3653,6000,1.0693265808924171e-12,2880,2129,3415,12760,6760,7200,12.0,3036,1.1873709433100212e-48,2.2363928501967597e-14,1.9832856942289942e-14,2.2363928501967597e-14,6.456071394622513e-14,6.037511373966347e-08,86400,True,controle a posteriori 7200/2880
0.25,0.5,0.001,6,1e-09,1,3653,6000,2.737476047084588e-13,2232,2232,3579,11117,5117,5117,8.53,2232,3.9859758667664604e-41,6.676221148784195e-15,1.2942482237618635e-13,6.676221148784195e-15,1.4277726467375473e-13,5.21565347853226e-10,73902,True,b=b_min
0.25,0.5,0.001,6,1e-09,1,3653,6000,2.737476047084588e-13,2880,2232,3579,12954,6954,7200,12.0,2967,1.1873709433100212e-48,6.676221148784195e-15,2.1116641877900252e-14,6.676221148784195e-15,3.4469084175468645e-14,1.2591556449298697e-10,86400,True,controle a posteriori 7200/2880
0.25,0.5,0.001,6,1e-09,256,3653,6000,1.0693265808924172e-15,2647,2647,4246,13081,7081,7081,11.8,2647,3.195489339133904e-48,2.3683702824340875e-17,5.072850138786784e-16,2.3683702824340875e-17,5.546524195273602e-16,5.186931938645624e-10,85686,True,b=b_min
0.25,0.5,0.001,6,1e-09,256,3653,6000,1.0693265808924172e-15,2880,2647,4246,13743,7743,7200,12.0,2689,1.1873709433100212e-48,2.3683702824340875e-17,2.8295796619627616e-14,2.3683702824340875e-17,2.83431640252763e-14,2.6505620015189588e-08,86400,True,controle a posteriori 7200/2880
0.25,0.5,0.001,8,1e-06,1,2740,4500,3.6496350364963504e-10,1692,1692,2714,8564,4064,4064,9.03,1692,6.677417604634409e-32,6.304188730204985e-12,1.760748246412026e-10,6.304188730204985e-12,1.8868320210161259e-10,5.169919737584185e-07,75712,True,b=b_min
0.25,0.5,0.001,8,1e-06,1,2740,4500,3.6496350364963504e-10,2880,1692,2714,11922,7422,7200,16.0,2801,3.1198684584848296e-43,6.304188730204985e-12,8.785843565145355e-10,6.304188730204985e-12,8.911927339749455e-10,2.4418680910913506e-06,100800,True,controle a posteriori 7200/2880
0.25,0.5,0.001,8,1e-06,256,2740,4500,1.4256386861313869e-12,2108,2108,3381,10531,6031,6031,13.4,2108,5.2212218418402955e-39,3.3462153629753814e-14,6.763890309865501e-13,3.3462153629753814e-14,7.433133382460577e-13,5.213897079793148e-07,91448,True,b=b_min
0.25,0.5,0.001,8,1e-06,256,2740,4500,1.4256386861313869e-12,2880,2108,3381,12718,8218,7200,16.0,2519,3.1198684584848296e-43,3.3462153629753814e-14,1.144379897896462e-09,3.3462153629753814e-14,1.1444468222037217e-09,0.0008027607789665785,100800,True,controle a posteriori 7200/2880
0.25,0.5,0.001,8,1e-09,1,2740,4500,3.6496350364963506e-13,2210,2210,3545,11014,6514,6514,14.48,2210,9.390248579286716e-41,6.676221148784195e-15,1.7492952560666384e-13,6.676221148784195e-15,1.8828196790423222e-13,5.158925920575963e-10,95312,True,b=b_min
0.25,0.5,0.001,8,1e-09,1,2740,4500,3.6496350364963506e-13,2880,2210,3545,12913,8413,7200,16.0,2451,3.1198684584848296e-43,6.676221148784195e-15,1.2411978946534484e-09,6.676221148784195e-15,1.241211247095746e-09,3.400918817042344e-06,100800,True,controle a posteriori 7200/2880
0.25,0.5,0.001,8,1e-09,256,2740,4500,1.425638686131387e-15,2626,2626,4212,12980,8480,8480,18.84,2626,7.403783840157347e-48,3.5436873372216477e-17,6.754632645002124e-16,3.5436873372216477e-17,7.463370112446454e-16,5.23510633167444e-10,111040,True,b=b_min
0.25,0.5,0.001,8,1e-09,256,2740,4500,1.425638686131387e-15,2880,2626,4212,13702,9202,7200,16.0,2177,3.1198684584848296e-43,3.5436873372216477e-17,1.6159690098224685e-09,3.5436873372216477e-17,1.6159690806962154e-09,0.0011335053519635533,100800,True,controle a posteriori 7200/2880
0.25,0.5,0.001,10,1e-06,1,2192,3600,4.5620437956204375e-10,1676,1676,2688,8487,4887,4887,13.57,1676,1.2671035206502968e-31,9.432677795518891e-12,2.1798654983637995e-10,9.432677795518891e-12,2.3685190542741774e-10,5.191793766968997e-07,92070,True,b=b_min
0.25,0.5,0.001,10,1e-06,1,2192,3600,4.5620437956204375e-10,2880,1676,2688,11889,8289,7200,20.0,2492,5.57014118649565e-40,9.432677795518891e-12,5.582341232802437e-07,9.432677795518891e-12,5.582529886358349e-07,0.00122369055108975,115200,True,controle a posteriori 7200/2880
0.25,0.5,0.001,10,1e-06,256,2192,3600,1.7820483576642334e-12,2091,2091,3354,10451,6851,6851,19.03,2091,1.0158154306894335e-38,3.3462153629753814e-14,8.563329432269344e-13,3.3462153629753814e-14,9.23257250486442e-13,5.18087652624968e-07,111710,True,b=b_min
0.25,0.5,0.001,10,1e-06,256,2192,3600,1.7820483576642334e-12,2880,2091,3354,12687,9087,7200,20.0,2213,5.57014118649565e-40,3.3462153629753814e-14,7.36777954936906e-07,3.3462153629753814e-14,7.367780218612131e-07,0.41344446052346345,115200,True,controle a posteriori 7200/2880
0.25,0.5,0.001,10,1e-09,1,2192,3600,4.562043795620439e-13,2193,2193,3518,10934,7334,7334,20.37,2193,1.8269209188566173e-40,9.989333391366066e-15,2.1679185086236044e-13,9.989333391366066e-15,2.367705176450926e-13,5.19000974678043e-10,116540,True,b=b_min
0.25,0.5,0.001,10,1e-09,1,2192,3600,4.562043795620439e-13,2880,2193,3518,12881,9281,7200,20.0,2146,5.57014118649565e-40,9.989333391366066e-15,7.818787489148977e-07,9.989333391366066e-15,7.818787688935644e-07,0.0017138782614146931,115200,True,controle a posteriori 7200/2880
0.25,0.5,0.001,10,1e-09,256,2192,3600,1.782048357664234e-15,2609,2609,4185,12900,9300,9300,25.83,2609,1.4404440374573435e-47,3.5436873372216477e-17,8.550425294929453e-16,3.5436873372216477e-17,9.259162762373782e-16,5.195797702431573e-10,136200,True,b=b_min
0.25,0.5,0.001,10,1e-09,256,2192,3600,1.782048357664234e-15,2880,2609,4185,13670,10070,7200,20.0,1874,5.57014118649565e-40,3.5436873372216477e-17,1.031359792274286e-06,3.5436873372216477e-17,1.0313597923451598e-06,0.5787496101940711,115200,True,controle a posteriori 7200/2880
0.25,0.5,0.001,12,1e-06,1,1827,3000,5.473453749315818e-10,1662,1662,2666,8422,5422,5422,18.07,1662,2.1760018411548113e-31,9.432677795518891e-12,2.630193241794775e-10,9.432677795518891e-12,2.8188467977051526e-10,5.150033099407314e-07,108264,True,b=b_min
0.25,0.5,0.001,12,1e-06,1,1827,3000,5.473453749315818e-10,2880,1662,2666,11863,8863,7200,24.0,2289,8.197589180609536e-38,9.432677795518891e-12,3.8706107700246736e-05,9.432677795518891e-12,3.870612656560233e-05,0.07071609323535545,129600,True,controle a posteriori 7200/2880
0.25,0.5,0.001,12,1e-06,256,1827,3000,2.1380678708264913e-12,2077,2077,3332,10385,7385,7385,24.62,2077,1.7590371020338944e-38,5.006793531121926e-14,1.0189192788106452e-12,5.006793531121926e-14,1.119055149433084e-12,5.233955220516466e-07,131820,True,b=b_min
0.25,0.5,0.001,12,1e-06,256,1827,3000,2.1380678708264913e-12,2880,2077,3332,12660,9660,7200,24.0,2012,8.197589180609536e-38,5.006793531121926e-14,4.979142901507556e-05,5.006793531121926e-14,4.979142911521143e-05,1.0,129600,True,controle a posteriori 7200/2880
0.25,0.5,0.001,12,1e-09,1,1827,3000,5.473453749315818e-13,2180,2180,3496,10871,7871,7871,26.24,2180,3.0856086478823494e-40,9.989333391366066e-15,2.632022417301266e-13,9.989333391366066e-15,2.831809085128587e-13,5.173715198529928e-10,137652,True,b=b_min
0.25,0.5,0.001,12,1e-09,1,1827,3000,5.473453749315818e-13,2880,2180,3496,12855,9855,7200,24.0,1944,8.197589180609536e-38,9.989333391366066e-15,5.3799400711640164e-05,9.989333391366066e-15,5.3799400731618825e-05,0.0982915051366676,129600,True,controle a posteriori 7200/2880
0.25,0.5,0.001,12,1e-09,256,1827,3000,2.1380678708264916e-15,2595,2595,4163,12835,9835,9835,32.78,2595,2.47368018990191e-47,5.302262081704082e-17,1.0098354899869438e-15,5.302262081704082e-17,1.1158807316210253e-15,5.21910808747933e-10,161220,True,b=b_min
0.25,0.5,0.001,12,1e-09,256,1827,3000,2.1380678708264916e-15,2880,2595,4163,13644,10644,7200,24.0,1675,8.197589180609536e-38,5.302262081704082e-17,6.916078811713882e-05,5.302262081704082e-17,6.916078811724485e-05,1.0,129600,True,controle a posteriori 7200/2880
0.25,0.5,0.01,6,1e-06,1,3653,6000,2.737476047084588e-10,1933,1933,3100,9790,3790,3790,6.32,1933,2.4673963220330796e-32,5.784848964535608e-12,1.3038456830206394e-10,5.784848964535608e-12,1.4195426623113518e-10,5.185589345423368e-07,65940,True,b=b_min
0.25,0.5,0.01,6,1e-06,1,3653,6000,2.737476047084588e-10,2880,1933,3100,12487,6487,7200,12.0,3131,2.901274931734255e-43,5.784848964535608e-12,1.214628983679617e-12,5.784848964535608e-12,1.2784326912750833e-11,4.6701146212278794e-08,86400,True,controle a posteriori 7200/2880
0.25,0.5,0.01,6,1e-06,256,3653,6000,1.0693265808924171e-12,2402,2402,3851,12008,6008,6008,10.01,2402,1.9193696852107864e-39,1.92037415943713e-14,5.141577174359477e-13,1.92037415943713e-14,5.525652006246902e-13,5.167412935377903e-07,79248,True,b=b_min
0.25,0.5,0.01,6,1e-06,256,3653,6000,1.0693265808924171e-12,2880,2402,3851,13373,7373,7200,12.0,2819,2.901274931734255e-43,1.92037415943713e-14,1.6096291796219983e-12,1.92037415943713e-14,1.6480366628107408e-12,1.5411911498873948e-06,86400,True,controle a posteriori 7200/2880
0.25,0.5,0.01,6,1e-09,1,3653,6000,2.737476047084588e-13,2517,2517,4035,12552,6552,6552,10.92,2517,3.4637210452882614e-41,6.1320349185444564e-15,1.30333996287033e-13,6.1320349185444564e-15,1.4259806612412193e-13,5.209107355514174e-10,82512,True,b=b_min
0.25,0.5,0.01,6,1e-09,1,3653,6000,2.737476047084588e-13,2880,2517,4035,13589,7589,7200,12.0,2743,2.901274931734255e-43,6.1320349185444564e-15,1.7027883354340656e-12,6.1320349185444564e-15,1.7150524052711546e-12,6.2650864364555275e-09,86400,True,controle a posteriori 7200/2880
0.25,0.5,0.01,6,1e-09,256,3653,6000,1.0693265808924172e-15,2986,2986,4788,14770,8770,8770,14.62,2986,2.6944034539513602e-48,2.0356281511464265e-17,5.116794601624129e-16,2.0356281511464265e-17,5.523920231853415e-16,5.165793435381894e-10,95820,True,b=b_min
0.25,0.5,0.01,6,1e-09,256,3653,6000,1.0693265808924172e-15,2880,2986,4788,14466,8466,7200,12.0,2439,2.901274931734255e-43,2.0356281511464265e-17,2.254847884109722e-12,2.0356281511464265e-17,2.254888596672745e-12,2.1086996591732576e-06,86400,True,controle a posteriori 7200/2880
0.25,0.5,0.01,8,1e-06,1,2740,4500,3.6496350364963504e-10,1909,1909,3061,9676,5176,5176,11.5,1909,5.723068876130663e-32,8.463547499837811e-12,1.7295343269989455e-10,8.463547499837811e-12,1.898805276995702e-10,5.202726458968223e-07,84608,True,b=b_min
0.25,0.5,0.01,8,1e-06,1,2740,4500,3.6496350364963504e-10,2880,1909,3061,12441,7941,7200,16.0,2618,1.863600538406401e-38,8.463547499837811e-12,2.165378335702191e-08,8.463547499837811e-12,2.1670710452021584e-08,5.937774663853914e-05,100800,True,controle a posteriori 7200/2880
0.25,0.5,0.01,8,1e-06,256,2740,4500,1.4256386861313869e-12,2377,2377,3812,11891,7391,7391,16.42,2377,4.551601361601139e-39,2.8096114549400373e-14,6.825673793948998e-13,2.8096114549400373e-14,7.387596084937006e-13,5.181955397818213e-07,102328,True,b=b_min
0.25,0.5,0.01,8,1e-06,256,2740,4500,1.4256386861313869e-12,2880,2377,3812,13327,8827,7200,16.0,2310,1.863600538406401e-38,2.8096114549400373e-14,2.8474603465432522e-08,2.8096114549400373e-14,2.8474659657661618e-08,0.019973265270270164,100800,True,controle a posteriori 7200/2880
0.25,0.5,0.01,8,1e-09,1,2740,4500,3.6496350364963506e-13,2492,2492,3997,12435,7935,7935,17.63,2492,8.213882686288973e-41,8.971499363584747e-15,1.730230361130486e-13,8.971499363584747e-15,1.909660348402181e-13,5.232469354621976e-10,106680,True,b=b_min
0.25,0.5,0.01,8,1e-09,1,2740,4500,3.6496350364963506e-13,2880,2492,3997,13544,9044,7200,16.0,2235,1.863600538406401e-38,8.971499363584747e-15,3.0077436211578525e-08,8.971499363584747e-15,3.007745415457726e-08,8.241222438354169e-05,100800,True,controle a posteriori 7200/2880
0.25,0.5,0.01,8,1e-09,256,2740,4500,1.425638686131387e-15,2962,2962,4749,14656,10156,10156,22.57,2962,6.249606684321406e-48,2.978234290100929e-17,6.786434163692739e-16,2.978234290100929e-17,7.382081021712925e-16,5.178086911870314e-10,124448,True,b=b_min
0.25,0.5,0.01,8,1e-09,256,2740,4500,1.425638686131387e-15,2880,2962,4749,14421,9921,7200,16.0,1935,1.863600538406401e-38,2.978234290100929e-17,3.9532843890493844e-08,2.978234290100929e-17,3.9532843950058524e-08,0.02772991806032905,100800,True,controle a posteriori 7200/2880
0.25,0.5,0.01,10,1e-06,1,2192,3600,4.5620437956204375e-10,1890,1890,3031,9586,5986,5986,16.63,1890,1.111974451505211e-31,8.463547499837811e-12,2.192446768021069e-10,8.463547499837811e-12,2.3617177180178254e-10,5.176885237895074e-07,103060,True,b=b_min
0.25,0.5,0.01,10,1e-06,1,2192,3600,4.5620437956204375e-10,2880,1890,3031,12406,8806,7200,20.0,2315,1.4289307832463502e-35,8.463547499837811e-12,7.012287884197516e-06,8.463547499837811e-12,7.012304811292516e-06,0.015370972146353194,115200,True,controle a posteriori 7200/2880
0.25,0.5,0.01,10,1e-06,256,2192,3600,1.7820483576642334e-12,2358,2358,3782,11801,8201,8201,22.78,2358,8.843619633245955e-39,4.110613803532961e-14,8.48802725361174e-13,4.110613803532961e-14,9.310150014318332e-13,5.22440930083476e-07,125210,True,b=b_min
0.25,0.5,0.01,10,1e-06,256,2192,3600,1.7820483576642334e-12,2880,2358,3782,13292,9692,7200,20.0,2009,1.4289307832463502e-35,4.110613803532961e-14,8.99781091850732e-06,4.110613803532961e-14,8.997811000719596e-06,1.0,115200,True,controle a posteriori 7200/2880
0.25,0.5,0.01,10,1e-09,1,2192,3600,4.562043795620439e-13,2474,2474,3966,12348,8748,8748,24.3,2474,1.5609852681987723e-40,8.971499363584747e-15,2.1909649824048152e-13,8.971499363584747e-15,2.37039496967651e-13,5.195905773530911e-10,130680,True,b=b_min
0.25,0.5,0.01,10,1e-09,1,2192,3600,4.562043795620439e-13,2880,2474,3966,13508,9908,7200,20.0,1935,1.4289307832463502e-35,8.971499363584747e-15,9.661797404754641e-06,8.971499363584747e-15,9.661797422697638e-06,0.021178659950553222,115200,True,controle a posteriori 7200/2880
0.25,0.5,0.01,10,1e-09,256,2192,3600,1.782048357664234e-15,2943,2943,4719,14566,10966,10966,30.46,2943,1.2142791071248038e-47,4.3573181485713104e-17,8.438889868388068e-16,4.3573181485713104e-17,9.31035349810233e-16,5.224523486167119e-10,152860,True,b=b_min
0.25,0.5,0.01,10,1e-09,256,2192,3600,1.782048357664234e-15,2880,2943,4719,14386,10786,7200,20.0,1637,1.4289307832463502e-35,4.3573181485713104e-17,1.2390600904779977e-05,4.3573181485713104e-17,1.2390600904867123e-05,1.0,115200,True,controle a posteriori 7200/2880
0.25,0.5,0.01,12,1e-06,1,1827,3000,5.473453749315818e-10,1875,1875,3006,9514,6514,6514,21.71,1875,1.8917662723025228e-31,1.2382628608137093e-11,2.610257750707883e-10,1.2382628608137093e-11,2.8579103228706246e-10,5.221402159884631e-07,121368,True,b=b_min
0.25,0.5,0.01,12,1e-06,1,1827,3000,5.473453749315818e-10,2880,1875,3006,12376,9376,7200,24.0,2114,1.1970623427517316e-33,1.2382628608137093e-11,0.00030355624075653615,1.2382628608137093e-11,0.0003035562655217934,0.5545972971083165,129600,True,controle a posteriori 7200/2880
0.25,0.5,0.01,12,1e-06,256,1827,3000,2.1380678708264913e-12,2343,2343,3757,11730,8730,8730,29.1,2343,1.4934735944614003e-38,4.110613803532961e-14,1.0230812396381018e-12,4.110613803532961e-14,1.105293515708761e-12,5.169590408191761e-07,147960,True,b=b_min
0.25,0.5,0.01,12,1e-06,256,1827,3000,2.1380678708264913e-12,2880,2343,3757,13263,10263,7200,24.0,1810,1.1970623427517316e-33,4.110613803532961e-14,0.0003941669758839137,4.110613803532961e-14,0.00039416697596612594,1.0,129600,True,controle a posteriori 7200/2880
0.25,0.5,0.01,12,1e-09,1,1827,3000,5.473453749315818e-13,2458,2458,3942,12274,9274,9274,30.91,2458,2.6951430772181644e-40,1.3125789709284087e-14,2.5933505649912364e-13,1.3125789709284087e-14,2.8558663591769187e-13,5.21766783821623e-10,154488,True,b=b_min
0.25,0.5,0.01,12,1e-09,1,1827,3000,5.473453749315818e-13,2880,2458,3942,13479,10479,7200,24.0,1737,1.1970623427517316e-33,1.3125789709284087e-14,0.00041527634426954664,1.3125789709284087e-14,0.0004152763442957982,0.7587098810284233,129600,True,controle a posteriori 7200/2880
0.25,0.5,0.01,12,1e-09,256,1827,3000,2.1380678708264916e-15,2927,2927,4694,14491,11491,11491,38.3,2927,2.1120622764735242e-47,4.3573181485713104e-17,1.0248530310505972e-15,4.3573181485713104e-17,1.1119993940220233e-15,5.200954605768285e-10,181092,True,b=b_min
0.25,0.5,0.01,12,1e-09,256,1827,3000,2.1380678708264916e-15,2880,2927,4694,14357,11357,7200,24.0,1441,1.1970623427517316e-33,4.3573181485713104e-17,0.0005388438209136629,4.3573181485713104e-17,0.0005388438209137501,1.0,129600,True,controle a posteriori 7200/2880
0.25,0.7,0.0,6,1e-06,1,3653,6000,2.737476047084588e-10,480,480,623,1906,1,1,0.0,2497,5.83180964694664e-96,5.276241728354315e-12,2.743734280858789e-68,5.276241728354315e-12,1.055248345670863e-11,3.854822206735662e-08,43206,True,b=b_min
0.25,0.7,0.0,6,1e-06,1,3653,6000,2.737476047084588e-10,2880,480,623,6765,765,7200,12.0,6140,8.008961187956426e-210,5.276241728354315e-12,4.635452376091256e-94,5.276241728354315e-12,1.055248345670863e-11,3.854822206735662e-08,86400,True,controle a posteriori 7200/2880
0.25,0.7,0.0,6,1e-06,256,3653,6000,1.0693265808924171e-12,597,597,775,2350,1,1,0.0,2386,5.83180964694664e-96,1.3949875333314365e-14,5.0303359906451695e-64,1.3949875333314365e-14,2.789975066662873e-14,2.6090954031409855e-08,43206,True,b=b_min
0.25,0.7,0.0,6,1e-06,256,3653,6000,1.0693265808924171e-12,2880,597,775,6990,990,7200,12.0,6013,8.008961187956426e-210,1.3949875333314365e-14,7.972307126529914e-94,1.3949875333314365e-14,2.789975066662873e-14,2.6090954031409855e-08,86400,True,controle a posteriori 7200/2880
0.25,0.7,0.0,6,1e-09,1,3653,6000,2.737476047084588e-13,626,626,812,2458,1,1,0.0,2360,5.83180964694664e-96,6.6427977777687466e-15,5.054781017995619e-63,6.6427977777687466e-15,1.3285595555537493e-14,4.853228056437846e-11,43206,True,b=b_min
0.25,0.7,0.0,6,1e-09,1,3653,6000,2.737476047084588e-13,2880,626,812,7044,1044,7200,12.0,5983,8.008961187956426e-210,6.6427977777687466e-15,8.526452229876443e-94,6.6427977777687466e-15,1.3285595555537493e-14,4.853228056437846e-11,86400,True,controle a posteriori 7200/2880
0.25,0.7,0.0,6,1e-09,256,3653,6000,1.0693265808924172e-15,744,744,965,2904,1,1,0.0,2253,5.83180964694664e-96,1.7562918007775726e-17,6.838192496828931e-59,1.7562918007775726e-17,3.512583601555145e-17,3.284855781499122e-11,43206,True,b=b_min
0.25,0.7,0.0,6,1e-09,256,3653,6000,1.0693265808924172e-15,2880,744,965,7264,1264,7200,12.0,5862,8.008961187956426e-210,1.7562918007775726e-17,1.4648345053783495e-93,1.7562918007775726e-17,3.512583601555145e-17,3.284855781499122e-11,86400,True,controle a posteriori 7200/2880
0.25,0.7,0.0,8,1e-06,1,2740,4500,3.6496350364963504e-10,474,474,615,1884,1,1,0.0,1753,3.093112708511157e-72,5.276241728354315e-12,5.635255001657656e-47,5.276241728354315e-12,1.055248345670863e-11,2.8913804671381644e-08,43208,True,b=b_min
0.25,0.7,0.0,8,1e-06,1,2740,4500,3.6496350364963504e-10,2880,474,615,6753,2253,7200,16.0,5383,4.247844345435989e-186,5.276241728354315e-12,1.0041274491459363e-73,5.276241728354315e-12,1.055248345670863e-11,2.8913804671381644e-08,100800,True,controle a posteriori 7200/2880
0.25,0.7,0.0,8,1e-06,256,2740,4500,1.4256386861313869e-12,591,591,767,2326,1,1,0.0,1648,3.093112708511157e-72,2.929473819996016e-14,6.17373714363147e-43,2.929473819996016e-14,5.858947639992032e-14,4.109700232596011e-08,43208,True,b=b_min
0.25,0.7,0.0,8,1e-06,256,2740,4500,1.4256386861313869e-12,2880,591,767,6978,2478,7200,16.0,5259,4.247844345435989e-186,2.929473819996016e-14,1.5936253554735637e-73,2.929473819996016e-14,5.858947639992032e-14,4.109700232596011e-08,100800,True,controle a posteriori 7200/2880
0.25,0.7,0.0,8,1e-09,1,2740,4500,3.6496350364963506e-13,620,620,804,2436,1,1,0.0,1622,3.093112708511157e-72,6.6427977777687466e-15,6.008255882888726e-42,6.6427977777687466e-15,1.3285595555537493e-14,3.640253182217273e-11,43208,True,b=b_min
0.25,0.7,0.0,8,1e-09,1,2740,4500,3.6496350364963506e-13,2880,620,804,7033,2533,7200,16.0,5229,4.247844345435989e-186,6.6427977777687466e-15,1.8178433842900127e-73,6.6427977777687466e-15,1.3285595555537493e-14,3.640253182217273e-11,100800,True,controle a posteriori 7200/2880
0.25,0.7,0.0,8,1e-09,256,2740,4500,1.425638686131387e-15,738,738,957,2882,1,1,0.0,1520,3.093112708511157e-72,1.7562918007775726e-17,5.190000409205855e-38,1.7562918007775726e-17,3.512583601555145e-17,2.463866641474841e-11,43208,True,b=b_min
0.25,0.7,0.0,8,1e-09,256,2740,4500,1.425638686131387e-15,2880,738,957,7253,2753,7200,16.0,5110,4.247844345435989e-186,1.7562918007775726e-17,3.07898865556311e-73,1.7562918007775726e-17,3.512583601555145e-17,2.463866641474841e-11,100800,True,controle a posteriori 7200/2880
0.25,0.7,0.0,10,1e-06,1,2192,3600,4.5620437956204375e-10,469,469,609,1865,1,1,0.0,1312,5.310692903233352e-58,1.1080107629544059e-11,2.137526120472159e-34,1.1080107629544059e-11,2.2160215259088118e-11,4.8575191847921155e-08,43210,True,b=b_min
0.25,0.7,0.0,10,1e-06,1,2192,3600,4.5620437956204375e-10,2880,469,609,6744,3144,7200,20.0,4931,7.293299321835616e-172,1.1080107629544059e-11,1.0580478070951193e-61,1.1080107629544059e-11,2.2160215259088118e-11,4.8575191847921155e-08,115200,True,controle a posteriori 7200/2880
0.25,0.7,0.0,10,1e-06,256,2192,3600,1.7820483576642334e-12,587,587,761,2310,1,1,0.0,1210,5.310692903233352e-58,2.929473819996016e-14,1.9319367263434448e-30,2.929473819996016e-14,5.858947639992032e-14,3.287760186076808e-08,43210,True,b=b_min
0.25,0.7,0.0,10,1e-06,256,2192,3600,1.7820483576642334e-12,2880,587,761,6969,3369,7200,20.0,4808,7.293299321835616e-172,2.929473819996016e-14,1.7741439445261998e-61,2.929473819996016e-14,5.858947639992032e-14,3.287760186076808e-08,115200,True,controle a posteriori 7200/2880
0.25,0.7,0.0,10,1e-09,1,2192,3600,4.562043795620439e-13,615,615,798,2418,1,1,0.0,1185,5.310692903233352e-58,6.6427977777687466e-15,1.605768804832744e-29,6.6427977777687466e-15,1.3285595555537509e-14,2.912202545773822e-11,43210,True,b=b_min
0.25,0.7,0.0,10,1e-09,1,2192,3600,4.562043795620439e-13,2880,615,798,7024,3424,7200,20.0,4779,7.293299321835616e-172,6.6427977777687466e-15,2.020128556746534e-61,6.6427977777687466e-15,1.3285595555537493e-14,2.912202545773819e-11,115200,True,controle a posteriori 7200/2880
0.25,0.7,0.0,10,1e-09,256,2192,3600,1.782048357664234e-15,733,733,951,2863,1,1,0.0,1087,5.310692903233352e-58,3.688212781632902e-17,9.03829796321045e-26,3.688212781632902e-17,7.376425572304103e-17,4.139295962749592e-11,43210,True,b=b_min
0.25,0.7,0.0,10,1e-09,256,2192,3600,1.782048357664234e-15,2880,733,951,7244,3644,7200,20.0,4662,7.293299321835616e-172,3.688212781632902e-17,3.172405134220976e-61,3.688212781632902e-17,7.376425563265804e-17,4.1392959576777325e-11,115200,True,controle a posteriori 7200/2880
0.25,0.7,0.0,12,1e-06,1,1827,3000,5.473453749315818e-10,466,466,604,1852,1,1,0.0,1021,1.6405450120551407e-48,1.1080107629544059e-11,4.607399897016234e-26,1.1080107629544059e-11,2.2160215259088166e-11,4.048671327835408e-08,43212,True,b=b_min
0.25,0.7,0.0,12,1e-06,1,1827,3000,5.473453749315818e-10,2880,466,604,6736,3736,7200,24.0,4630,2.2529990044383836e-162,1.1080107629544059e-11,9.515734559244379e-54,1.1080107629544059e-11,2.2160215259088118e-11,4.0486713278353994e-08,129600,True,controle a posteriori 7200/2880
0.25,0.7,0.0,12,1e-06,256,1827,3000,2.1380678708264913e-12,583,583,756,2296,1,1,0.0,921,1.6405450120551407e-48,2.929473819996016e-14,2.9011618713942036e-22,2.929473819996016e-14,5.85894766900365e-14,2.740300132165035e-08,43212,True,b=b_min
0.25,0.7,0.0,12,1e-06,256,1827,3000,2.1380678708264913e-12,2880,583,756,6962,3962,7200,24.0,4509,2.2529990044383836e-162,2.929473819996016e-14,1.5829076296236426e-53,2.929473819996016e-14,5.858947639992032e-14,2.7403001185959533e-08,129600,True,controle a posteriori 7200/2880
0.25,0.7,0.0,12,1e-09,1,1827,3000,5.473453749315818e-13,612,612,793,2406,1,1,0.0,897,1.6405450120551407e-48,6.6427977777687466e-15,2.402740000761145e-21,6.6427977777687466e-15,1.3285597958277494e-14,2.4272787469772982e-11,43212,True,b=b_min
0.25,0.7,0.0,12,1e-09,1,1827,3000,5.473453749315818e-13,2880,612,793,7017,4017,7200,24.0,4480,2.2529990044383836e-162,6.6427977777687466e-15,1.796554564051532e-53,6.6427977777687466e-15,1.3285595555537493e-14,2.4272783079967e-11,129600,True,controle a posteriori 7200/2880
0.25,0.7,0.0,12,1e-09,256,1827,3000,2.1380678708264916e-15,729,729,946,2848,1,1,0.0,802,1.6405450120551407e-48,3.688212781632902e-17,9.212001806158547e-18,3.688212781632902e-17,8.297625743881659e-17,3.880899131922378e-11,43212,True,b=b_min
0.25,0.7,0.0,12,1e-09,256,1827,3000,2.1380678708264916e-15,2880,729,946,7237,4237,7200,24.0,4364,2.2529990044383836e-162,3.688212781632902e-17,2.8035037315888324e-53,3.688212781632902e-17,7.376425563265804e-17,3.4500427530461755e-11,129600,True,controle a posteriori 7200/2880
0.25,0.7,1e-06,6,1e-06,1,3653,6000,2.737476047084588e-10,480,480,623,1906,1,1,0.0,2497,4.733779699123248e-96,5.276814231324674e-12,2.398048128879695e-68,5.276814231324674e-12,1.0553628462649349e-11,3.855240477405807e-08,43206,True,b=b_min
0.25,0.7,1e-06,6,1e-06,1,3653,6000,2.737476047084588e-10,2880,480,623,6765,765,7200,12.0,6140,4.941923322363431e-210,5.276814231324674e-12,3.8731854954521857e-94,5.276814231324674e-12,1.0553628462649349e-11,3.855240477405807e-08,86400,True,controle a posteriori 7200/2880
0.25,0.7,1e-06,6,1e-06,256,3653,6000,1.0693265808924171e-12,597,597,775,2350,1,1,0.0,2386,4.733779699123248e-96,1.3951734974615784e-14,4.4496961927410286e-64,1.3951734974615784e-14,2.790346994923157e-14,2.6094432185482988e-08,43206,True,b=b_min
0.25,0.7,1e-06,6,1e-06,256,3653,6000,1.0693265808924171e-12,2880,597,775,6990,990,7200,12.0,6013,4.941923322363431e-210,1.3951734974615784e-14,6.659654765889949e-94,1.3951734974615784e-14,2.790346994923157e-14,2.6094432185482988e-08,86400,True,controle a posteriori 7200/2880
0.25,0.7,1e-06,6,1e-09,1,3653,6000,2.737476047084588e-13,626,626,812,2458,1,1,0.0,2360,4.733779699123248e-96,6.643703916684504e-15,4.4832233522879205e-63,6.643703916684504e-15,1.3287407833369008e-14,4.8538900815296986e-11,43206,True,b=b_min
0.25,0.7,1e-06,6,1e-09,1,3653,6000,2.737476047084588e-13,2880,626,812,7044,1044,7200,12.0,5983,4.941923322363431e-210,6.643703916684504e-15,7.124902393923347e-94,6.643703916684504e-15,1.3287407833369008e-14,4.8538900815296986e-11,86400,True,controle a posteriori 7200/2880
0.25,0.7,1e-06,6,1e-09,256,3653,6000,1.0693265808924172e-15,744,744,964,2904,1,1,0.0,2253,4.733779699123248e-96,1.7565749376803465e-17,6.1258635922599335e-59,1.7565749376803465e-17,3.513149875360693e-17,3.285385342641308e-11,43206,True,b=b_min
0.25,0.7,1e-06,6,1e-09,256,3653,6000,1.0693265808924172e-15,2880,744,964,7263,1263,7200,12.0,5862,4.941923322363431e-210,1.7565749376803465e-17,1.2250167753775076e-93,1.7565749376803465e-17,3.513149875360693e-17,3.285385342641308e-11,86400,True,controle a posteriori 7200/2880
0.25,0.7,1e-06,8,1e-06,1,2740,4500,3.6496350364963504e-10,474,474,615,1884,1,1,0.0,1753,2.6583566506945444e-72,5.276814231324674e-12,5.1706889131449815e-47,5.276814231324674e-12,1.0553628462649349e-11,2.8916941987659215e-08,43208,True,b=b_min
0.25,0.7,1e-06,8,1e-06,1,2740,4500,3.6496350364963504e-10,2880,474,615,6753,2253,7200,16.0,5383,2.7752442162993203e-186,5.276814231324674e-12,8.771276322880256e-74,5.276814231324674e-12,1.0553628462649349e-11,2.8916941987659215e-08,100800,True,controle a posteriori 7200/2880
0.25,0.7,1e-06,8,1e-06,256,2740,4500,1.4256386861313869e-12,591,591,767,2326,1,1,0.0,1648,2.6583566506945444e-72,2.9298552621089194e-14,5.721362599615921e-43,2.9298552621089194e-14,5.859710524217839e-14,4.1102353501073606e-08,43208,True,b=b_min
0.25,0.7,1e-06,8,1e-06,256,2740,4500,1.4256386861313869e-12,2880,591,767,6978,2478,7200,16.0,5259,2.7752442162993203e-186,2.9298552621089194e-14,1.3919701613468565e-73,2.9298552621089194e-14,5.859710524217839e-14,4.1102353501073606e-08,100800,True,controle a posteriori 7200/2880
0.25,0.7,1e-06,8,1e-09,1,2740,4500,3.6496350364963506e-13,620,620,804,2436,1,1,0.0,1623,2.6583566506945444e-72,6.643703916684504e-15,5.582569820379139e-42,6.643703916684504e-15,1.3287407833369008e-14,3.640749746343108e-11,43208,True,b=b_min
0.25,0.7,1e-06,8,1e-09,1,2740,4500,3.6496350364963506e-13,2880,620,804,7032,2532,7200,16.0,5230,2.7752442162993203e-186,6.643703916684504e-15,1.5877078550789544e-73,6.643703916684504e-15,1.3287407833369008e-14,3.640749746343108e-11,100800,True,controle a posteriori 7200/2880
0.25,0.7,1e-06,8,1e-09,256,2740,4500,1.425638686131387e-15,737,737,957,2879,1,1,0.0,1520,2.6583566506945444e-72,1.7565749376803465e-17,4.5321966951687623e-38,1.7565749376803465e-17,3.513149875360693e-17,2.4642638485730045e-11,43208,True,b=b_min
0.25,0.7,1e-06,8,1e-09,256,2740,4500,1.425638686131387e-15,2880,737,957,7253,2753,7200,16.0,5110,2.7752442162993203e-186,1.7565749376803465e-17,2.6921267969173798e-73,1.7565749376803465e-17,3.513149875360693e-17,2.4642638485730045e-11,100800,True,controle a posteriori 7200/2880
0.25,0.7,1e-06,10,1e-06,1,2192,3600,4.5620437956204375e-10,469,469,609,1865,1,1,0.0,1312,4.723417871861771e-58,1.1081275533793309e-11,2.016937003512701e-34,1.1081275533793309e-11,2.2162551067586618e-11,4.8580311940149865e-08,43210,True,b=b_min
0.25,0.7,1e-06,10,1e-06,1,2192,3600,4.5620437956204375e-10,2880,469,609,6744,3144,7200,20.0,4931,4.931105887023982e-172,1.1081275533793309e-11,9.484435264356156e-62,1.1081275533793309e-11,2.2162551067586618e-11,4.8580311940149865e-08,115200,True,controle a posteriori 7200/2880
0.25,0.7,1e-06,10,1e-06,256,2192,3600,1.7820483576642334e-12,587,587,761,2310,1,1,0.0,1210,4.723417871861771e-58,2.9298552621089194e-14,1.8389276456596273e-30,2.9298552621089194e-14,5.859710524217839e-14,3.2881882800858883e-08,43210,True,b=b_min
0.25,0.7,1e-06,10,1e-06,256,2192,3600,1.7820483576642334e-12,2880,587,761,6969,3369,7200,20.0,4809,4.931105887023982e-172,2.9298552621089194e-14,1.591292728713785e-61,2.9298552621089194e-14,5.859710524217839e-14,3.2881882800858883e-08,115200,True,controle a posteriori 7200/2880
0.25,0.7,1e-06,10,1e-09,1,2192,3600,4.562043795620439e-13,615,615,798,2418,1,1,0.0,1185,4.723417871861771e-58,6.643703916684504e-15,1.5318683955847204e-29,6.643703916684504e-15,1.3287407833369024e-14,2.91259979707449e-11,43210,True,b=b_min
0.25,0.7,1e-06,10,1e-09,1,2192,3600,4.562043795620439e-13,2880,615,798,7024,3424,7200,20.0,4779,4.931105887023982e-172,6.643703916684504e-15,1.810023777189998e-61,6.643703916684504e-15,1.3287407833369008e-14,2.912599797074487e-11,115200,True,controle a posteriori 7200/2880
0.25,0.7,1e-06,10,1e-09,256,2192,3600,1.782048357664234e-15,733,733,950,2862,1,1,0.0,1087,4.723417871861771e-58,3.688795933849897e-17,8.70473959220565e-26,3.688795933849897e-17,7.377591876404534e-17,4.139950436628157e-11,43210,True,b=b_min
0.25,0.7,1e-06,10,1e-09,256,2192,3600,1.782048357664234e-15,2880,733,950,7243,3643,7200,20.0,4662,4.931105887023982e-172,3.688795933849897e-17,2.847500985599761e-61,3.688795933849897e-17,7.377591867699794e-17,4.139950431743475e-11,115200,True,controle a posteriori 7200/2880
0.25,0.7,1e-06,12,1e-06,1,1827,3000,5.473453749315818e-10,466,466,604,1852,1,1,0.0,1021,1.4928578285129283e-48,1.1081275533793309e-11,4.428574664065768e-26,1.1081275533793309e-11,2.2162551067586663e-11,4.049098080048083e-08,43212,True,b=b_min
0.25,0.7,1e-06,12,1e-06,1,1827,3000,5.473453749315818e-10,2880,466,604,6736,3736,7200,24.0,4630,1.5584985758984674e-162,1.1081275533793309e-11,8.665337688630583e-54,1.1081275533793309e-11,2.2162551067586618e-11,4.049098080048075e-08,129600,True,controle a posteriori 7200/2880
0.25,0.7,1e-06,12,1e-06,256,1827,3000,2.1380678708264913e-12,583,583,756,2296,1,1,0.0,921,1.4928578285129283e-48,2.9298552621089194e-14,2.8133432777192465e-22,2.9298552621089194e-14,5.859710552351272e-14,2.740656941861318e-08,43212,True,b=b_min
0.25,0.7,1e-06,12,1e-06,256,1827,3000,2.1380678708264913e-12,2880,583,756,6962,3962,7200,24.0,4509,1.5584985758984674e-162,2.9298552621089194e-14,1.4423269576758074e-53,2.9298552621089194e-14,5.859710524217839e-14,2.7406569287029737e-08,129600,True,controle a posteriori 7200/2880
0.25,0.7,1e-06,12,1e-09,1,1827,3000,5.473453749315818e-13,612,612,793,2405,1,1,0.0,897,1.4928578285129283e-48,6.643703916684504e-15,2.3345561715968142e-21,6.643703916684504e-15,1.328741016792518e-14,2.4276098376799302e-11,43212,True,b=b_min
0.25,0.7,1e-06,12,1e-09,1,1827,3000,5.473453749315818e-13,2880,612,793,7017,4017,7200,24.0,4480,1.5584985758984674e-162,6.643703916684504e-15,1.6391238996029957e-53,6.643703916684504e-15,1.3287407833369008e-14,2.4276094111565177e-11,129600,True,controle a posteriori 7200/2880
0.25,0.7,1e-06,12,1e-09,256,1827,3000,2.1380678708264916e-15,729,729,945,2847,1,1,0.0,802,1.4928578285129283e-48,3.688795933849897e-17,9.021029450727948e-18,3.688795933849897e-17,8.27969481277259e-17,3.872512620271494e-11,43212,True,b=b_min
0.25,0.7,1e-06,12,1e-09,256,1827,3000,2.1380678708264916e-15,2880,729,945,7236,4236,7200,24.0,4364,1.5584985758984674e-162,3.688795933849897e-17,2.5584618224052793e-53,3.688795933849897e-17,7.377591867699794e-17,3.450588247625606e-11,129600,True,controle a posteriori 7200/2880
0.25,0.7,0.0001,6,1e-06,1,3653,6000,2.737476047084588e-10,481,481,623,1909,1,1,0.0,2496,6.317207434068508e-96,5.3337974612519625e-12,3.1602220918271297e-68,5.3337974612519625e-12,1.0667594922503925e-11,3.896872425190684e-08,43206,True,b=b_min
0.25,0.7,0.0001,6,1e-06,1,3653,6000,2.737476047084588e-10,2880,481,623,6766,766,7200,12.0,6139,9.432377341760653e-210,5.3337974612519625e-12,5.09182111510586e-94,5.3337974612519625e-12,1.0667594922503925e-11,3.896872425190684e-08,86400,True,controle a posteriori 7200/2880
0.25,0.7,0.0001,6,1e-06,256,3653,6000,1.0693265808924171e-12,598,598,776,2353,1,1,0.0,2385,6.317207434068508e-96,1.4137061703327867e-14,5.7694901379385124e-64,1.4137061703327867e-14,2.8274123406655734e-14,2.644105543795543e-08,43206,True,b=b_min
0.25,0.7,0.0001,6,1e-06,256,3653,6000,1.0693265808924171e-12,2880,598,776,6991,991,7200,12.0,6012,9.432377341760653e-210,1.4137061703327867e-14,8.752982077686929e-94,1.4137061703327867e-14,2.8274123406655734e-14,2.644105543795543e-08,86400,True,controle a posteriori 7200/2880
0.25,0.7,0.0001,6,1e-09,1,3653,6000,2.737476047084588e-13,627,627,813,2461,1,1,0.0,2359,6.317207434068508e-96,6.734021252737449e-15,5.794411395388989e-63,6.734021252737449e-15,1.3468042505474899e-14,4.9198759272499805e-11,43206,True,b=b_min
0.25,0.7,0.0001,6,1e-09,1,3653,6000,2.737476047084588e-13,2880,627,813,7045,1045,7200,12.0,5982,9.432377341760653e-210,6.734021252737449e-15,9.367998029357166e-94,6.734021252737449e-15,1.3468042505474899e-14,4.9198759272499805e-11,86400,True,controle a posteriori 7200/2880
0.25,0.7,0.0001,6,1e-09,256,3653,6000,1.0693265808924172e-15,744,744,965,2905,1,1,0.0,2252,6.317207434068508e-96,1.7848310636663193e-17,7.241231156435099e-59,1.7848310636663193e-17,3.5696621273326387e-17,3.338233792293409e-11,43206,True,b=b_min
0.25,0.7,0.0001,6,1e-09,256,3653,6000,1.0693265808924172e-15,2880,744,965,7265,1265,7200,12.0,5861,9.432377341760653e-210,1.7848310636663193e-17,1.6103078610519708e-93,1.7848310636663193e-17,3.5696621273326387e-17,3.338233792293409e-11,86400,True,controle a posteriori 7200/2880
0.25,0.7,0.0001,8,1e-06,1,2740,4500,3.6496350364963504e-10,475,475,615,1887,1,1,0.0,1753,3.2926772493698823e-72,5.3337974612519625e-12,6.372736906999102e-47,5.3337974612519625e-12,1.0667594922503925e-11,2.9229210087660754e-08,43208,True,b=b_min
0.25,0.7,0.0001,8,1e-06,1,2740,4500,3.6496350364963504e-10,2880,475,615,6755,2255,7200,16.0,5382,4.916377150003597e-186,5.3337974612519625e-12,1.0878633283155356e-73,5.3337974612519625e-12,1.0667594922503925e-11,2.9229210087660754e-08,100800,True,controle a posteriori 7200/2880
0.25,0.7,0.0001,8,1e-06,256,2740,4500,1.4256386861313869e-12,592,592,768,2329,1,1,0.0,1647,3.2926772493698823e-72,2.9678628282091574e-14,6.947940250347925e-43,2.9678628282091574e-14,5.935725656418315e-14,4.163555404438063e-08,43208,True,b=b_min
0.25,0.7,0.0001,8,1e-06,256,2740,4500,1.4256386861313869e-12,2880,592,768,6979,2479,7200,16.0,5258,4.916377150003597e-186,2.9678628282091574e-14,1.7245756045942688e-73,2.9678628282091574e-14,5.935725656418315e-14,4.163555404438063e-08,100800,True,controle a posteriori 7200/2880
0.25,0.7,0.0001,8,1e-09,1,2740,4500,3.6496350364963506e-13,621,621,805,2439,1,1,0.0,1622,3.2926772493698823e-72,6.734021252737449e-15,6.755819303942992e-42,6.734021252737449e-15,1.3468042505474899e-14,3.6902436465001223e-11,43208,True,b=b_min
0.25,0.7,0.0001,8,1e-09,1,2740,4500,3.6496350364963506e-13,2880,621,805,7034,2534,7200,16.0,5229,4.916377150003597e-186,6.734021252737449e-15,1.9682319627204426e-73,6.734021252737449e-15,1.3468042505474899e-14,3.6902436465001223e-11,100800,True,controle a posteriori 7200/2880
0.25,0.7,0.0001,8,1e-09,256,2740,4500,1.425638686131387e-15,738,738,958,2883,1,1,0.0,1520,3.2926772493698823e-72,1.7848310636663193e-17,5.410990597703241e-38,1.7848310636663193e-17,3.5696621273326387e-17,2.503903802596206e-11,43208,True,b=b_min
0.25,0.7,0.0001,8,1e-09,256,2740,4500,1.425638686131387e-15,2880,738,958,7254,2754,7200,16.0,5109,4.916377150003597e-186,1.7848310636663193e-17,3.3322265230938744e-73,1.7848310636663193e-17,3.5696621273326387e-17,2.503903802596206e-11,100800,True,controle a posteriori 7200/2880
0.25,0.7,0.0001,10,1e-06,1,2192,3600,4.5620437956204375e-10,470,470,609,1868,1,1,0.0,1312,5.594529626272452e-58,1.1197503095512198e-11,2.3889768655756426e-34,1.1197503095512198e-11,2.2395006191024397e-11,4.908985357072548e-08,43210,True,b=b_min
0.25,0.7,0.0001,10,1e-06,1,2192,3600,4.5620437956204375e-10,2880,470,609,6745,3145,7200,20.0,4930,8.353329384131903e-172,1.1197503095512198e-11,1.1355100559691655e-61,1.1197503095512198e-11,2.2395006191024397e-11,4.908985357072548e-08,115200,True,controle a posteriori 7200/2880
0.25,0.7,0.0001,10,1e-06,256,2192,3600,1.7820483576642334e-12,587,587,762,2311,1,1,0.0,1210,5.594529626272452e-58,2.9678628282091574e-14,2.000956142106477e-30,2.9678628282091574e-14,5.935725656418315e-14,3.33084432355045e-08,43210,True,b=b_min
0.25,0.7,0.0001,10,1e-06,256,2192,3600,1.7820483576642334e-12,2880,587,762,6971,3371,7200,20.0,4808,8.353329384131903e-172,2.9678628282091574e-14,1.904790601704447e-61,2.9678628282091574e-14,5.935725656418315e-14,3.33084432355045e-08,115200,True,controle a posteriori 7200/2880
0.25,0.7,0.0001,10,1e-09,1,2192,3600,4.562043795620439e-13,616,616,799,2421,1,1,0.0,1185,5.594529626272452e-58,6.734021252737449e-15,1.783726922286502e-29,6.734021252737449e-15,1.3468042505474916e-14,2.9521949172001015e-11,43210,True,b=b_min
0.25,0.7,0.0001,10,1e-09,1,2192,3600,4.562043795620439e-13,2880,616,799,7025,3425,7200,20.0,4778,8.353329384131903e-172,6.734021252737449e-15,2.1660880725345606e-61,6.734021252737449e-15,1.3468042505474899e-14,2.9521949172000976e-11,115200,True,controle a posteriori 7200/2880
0.25,0.7,0.0001,10,1e-09,256,2192,3600,1.782048357664234e-15,734,734,951,2865,1,1,0.0,1086,5.594529626272452e-58,3.7469835526298476e-17,9.992704858960207e-26,3.7469835526298476e-17,7.493967115252401e-17,4.205254634658115e-11,43210,True,b=b_min
0.25,0.7,0.0001,10,1e-09,256,2192,3600,1.782048357664234e-15,2880,734,951,7245,3645,7200,20.0,4661,8.353329384131903e-172,3.7469835526298476e-17,3.4050128601890026e-61,3.7469835526298476e-17,7.493967105259695e-17,4.205254629050689e-11,115200,True,controle a posteriori 7200/2880
0.25,0.7,0.0001,12,1e-06,1,1827,3000,5.473453749315818e-10,466,466,604,1853,1,1,0.0,1020,1.716220906416412e-48,1.1197503095512198e-11,4.755328028441407e-26,1.1197503095512198e-11,2.2395006191024445e-11,4.091567631100166e-08,43212,True,b=b_min
0.25,0.7,0.0001,12,1e-06,1,1827,3000,5.473453749315818e-10,2880,466,604,6737,3737,7200,24.0,4629,2.5625315236343576e-162,1.1197503095512198e-11,1.0144291202077723e-53,1.1197503095512198e-11,2.2395006191024397e-11,4.091567631100157e-08,129600,True,controle a posteriori 7200/2880
0.25,0.7,0.0001,12,1e-06,256,1827,3000,2.1380678708264913e-12,583,583,757,2297,1,1,0.0,921,1.716220906416412e-48,2.9678628282091574e-14,2.987491894481682e-22,2.9678628282091574e-14,5.935725686293234e-14,2.7762101321875812e-08,43212,True,b=b_min
0.25,0.7,0.0001,12,1e-06,256,1827,3000,2.1380678708264913e-12,2880,583,757,6964,3964,7200,24.0,4508,2.5625315236343576e-162,2.9678628282091574e-14,1.687507107203172e-53,2.9678628282091574e-14,5.935725656418315e-14,2.776210118214723e-08,129600,True,controle a posteriori 7200/2880
0.25,0.7,0.0001,12,1e-09,1,1827,3000,5.473453749315818e-13,612,612,794,2406,1,1,0.0,897,1.716220906416412e-48,6.734021252737449e-15,2.472835179710157e-21,6.734021252737449e-15,1.3468044978310079e-14,2.4606118175372514e-11,43212,True,b=b_min
0.25,0.7,0.0001,12,1e-09,1,1827,3000,5.473453749315818e-13,2880,612,794,7018,4018,7200,24.0,4479,2.5625315236343576e-162,6.734021252737449e-15,1.9167191198924077e-53,6.734021252737449e-15,1.3468042505474899e-14,2.460611365750264e-11,129600,True,controle a posteriori 7200/2880
0.25,0.7,0.0001,12,1e-09,256,1827,3000,2.1380678708264916e-15,730,730,946,2851,1,1,0.0,801,1.716220906416412e-48,3.7469835526298476e-17,1.009739739508382e-17,3.7469835526298476e-17,8.503706844768078e-17,3.977285735780167e-11,43212,True,b=b_min
0.25,0.7,0.0001,12,1e-09,256,1827,3000,2.1380678708264916e-15,2880,730,946,7238,4238,7200,24.0,4363,2.5625315236343576e-162,3.7469835526298476e-17,2.9919708031143767e-53,3.7469835526298476e-17,7.493967105259695e-17,3.5050183427352227e-11,129600,True,controle a posteriori 7200/2880
0.25,0.7,0.001,6,1e-06,1,3653,6000,2.737476047084588e-10,484,484,628,1922,1,1,0.0,2491,3.028904087351219e-95,5.880574698360315e-12,1.2088120152455088e-67,5.880574698360315e-12,1.176114939672063e-11,4.296347874622046e-08,43206,True,b=b_min
0.25,0.7,0.001,6,1e-06,1,3653,6000,2.737476047084588e-10,2880,484,628,6778,778,7200,12.0,6130,2.9255167973222946e-208,5.880574698360315e-12,2.4782374134694014e-93,5.880574698360315e-12,1.176114939672063e-11,4.296347874622046e-08,86400,True,controle a posteriori 7200/2880
0.25,0.7,0.001,6,1e-06,256,3653,6000,1.0693265808924171e-12,603,603,782,2372,1,1,0.0,2379,3.028904087351219e-95,1.5937859880864737e-14,2.3943426846091088e-63,1.5937859880864737e-14,3.187571976172947e-14,2.980915309813703e-08,43206,True,b=b_min
0.25,0.7,0.001,6,1e-06,256,3653,6000,1.0693265808924171e-12,2880,603,782,7004,1004,7200,12.0,6003,2.9255167973222946e-208,1.5937859880864737e-14,4.244232498824435e-93,1.5937859880864737e-14,3.187571976172947e-14,2.980915309813703e-08,86400,True,controle a posteriori 7200/2880
0.25,0.7,0.001,6,1e-09,1,3653,6000,2.737476047084588e-13,632,632,819,2482,1,1,0.0,2353,3.028904087351219e-95,3.6364913821746566e-15,2.5456645378885597e-62,3.6364913821746566e-15,7.272982764349313e-15,2.6568206038168043e-11,43206,True,b=b_min
0.25,0.7,0.001,6,1e-09,1,3653,6000,2.737476047084588e-13,2880,632,819,7059,1059,7200,12.0,5972,2.9255167973222946e-208,3.6364913821746566e-15,4.853724914824289e-93,3.6364913821746566e-15,7.272982764349313e-15,2.6568206038168043e-11,86400,True,controle a posteriori 7200/2880
0.25,0.7,0.001,6,1e-09,256,3653,6000,1.0693265808924172e-15,750,750,973,2928,1,1,0.0,2246,3.028904087351219e-95,2.0633196628888906e-17,2.958756369828036e-58,2.0633196628888906e-17,4.126639325777781e-17,3.859101045008956e-11,43206,True,b=b_min
0.25,0.7,0.001,6,1e-09,256,3653,6000,1.0693265808924172e-15,2880,750,973,7279,1279,7200,12.0,5851,2.9255167973222946e-208,2.0633196628888906e-17,7.77165392595515e-93,2.0633196628888906e-17,4.126639325777781e-17,3.859101045008956e-11,86400,True,controle a posteriori 7200/2880
0.25,0.7,0.001,8,1e-06,1,2740,4500,3.6496350364963504e-10,478,478,620,1900,1,1,0.0,1748,1.0699538126382042e-71,5.880574698360315e-12,1.7300608244113419e-46,5.880574698360315e-12,1.176114939672063e-11,3.222554934701453e-08,43208,True,b=b_min
0.25,0.7,0.001,8,1e-06,1,2740,4500,3.6496350364963504e-10,2880,478,620,6766,2266,7200,16.0,5374,1.0334324762225031e-184,5.880574698360315e-12,3.8635607298541516e-73,5.880574698360315e-12,1.176114939672063e-11,3.222554934701453e-08,100800,True,controle a posteriori 7200/2880
0.25,0.7,0.001,8,1e-06,256,2740,4500,1.4256386861313869e-12,596,596,774,2346,1,1,0.0,1642,1.0699538126382042e-71,3.33659677118712e-14,1.8961316134270085e-42,3.33659677118712e-14,6.67319354237424e-14,4.6808448783629866e-08,43208,True,b=b_min
0.25,0.7,0.001,8,1e-06,256,2740,4500,1.4256386861313869e-12,2880,596,774,6992,2492,7200,16.0,5250,1.0334324762225031e-184,3.33659677118712e-14,6.108780180779034e-73,3.33659677118712e-14,6.67319354237424e-14,4.6808448783629866e-08,100800,True,controle a posteriori 7200/2880
0.25,0.7,0.001,8,1e-09,1,2740,4500,3.6496350364963506e-13,626,626,811,2458,1,1,0.0,1617,1.0699538126382042e-71,7.613007953960892e-15,1.9459545561019849e-41,7.613007953960892e-15,1.5226015907921785e-14,4.171928358770569e-11,43208,True,b=b_min
0.25,0.7,0.001,8,1e-09,1,2740,4500,3.6496350364963506e-13,2880,626,811,7047,2547,7200,16.0,5220,1.0334324762225031e-184,7.613007953960892e-15,6.967385477424729e-73,7.613007953960892e-15,1.5226015907921785e-14,4.171928358770569e-11,100800,True,controle a posteriori 7200/2880
0.25,0.7,0.001,8,1e-09,256,2740,4500,1.425638686131387e-15,744,744,965,2905,1,1,0.0,1514,1.0699538126382042e-71,2.0633196628888906e-17,1.5650668586159302e-37,2.0633196628888906e-17,4.126639325777781e-17,2.894589888673567e-11,43208,True,b=b_min
0.25,0.7,0.001,8,1e-09,256,2740,4500,1.425638686131387e-15,2880,744,965,7268,2768,7200,16.0,5100,1.0334324762225031e-184,2.0633196628888906e-17,1.1755373987098242e-72,2.0633196628888906e-17,4.126639325777781e-17,2.894589888673567e-11,100800,True,controle a posteriori 7200/2880
0.25,0.7,0.001,10,1e-06,1,2192,3600,4.5620437956204375e-10,473,473,614,1882,1,1,0.0,1307,1.4395035367533364e-57,5.880574698360315e-12,5.686754696410171e-34,5.880574698360315e-12,1.176114939672063e-11,2.578043947761162e-08,43210,True,b=b_min
0.25,0.7,0.001,10,1e-06,1,2192,3600,4.5620437956204375e-10,2880,473,614,6757,3157,7200,20.0,4922,1.3903681513597475e-170,5.880574698360315e-12,3.5731319455658384e-61,5.880574698360315e-12,1.176114939672063e-11,2.578043947761162e-08,115200,True,controle a posteriori 7200/2880
0.25,0.7,0.001,10,1e-06,256,2192,3600,1.7820483576642334e-12,592,592,767,2330,1,1,0.0,1205,1.4395035367533364e-57,3.33659677118712e-14,4.7654334975887305e-30,3.33659677118712e-14,6.67319354237424e-14,3.7446759026903894e-08,43210,True,b=b_min
0.25,0.7,0.001,10,1e-06,256,2192,3600,1.7820483576642334e-12,2880,592,767,6983,3383,7200,20.0,4799,1.3903681513597475e-170,3.33659677118712e-14,5.6016952227151045e-61,3.33659677118712e-14,6.67319354237424e-14,3.7446759026903894e-08,115200,True,controle a posteriori 7200/2880
0.25,0.7,0.001,10,1e-09,1,2192,3600,4.562043795620439e-13,621,621,805,2440,1,1,0.0,1180,1.4395035367533364e-57,7.613007953960892e-15,4.1768671544374105e-29,7.613007953960892e-15,1.5226015907921826e-14,3.337542687016464e-11,43210,True,b=b_min
0.25,0.7,0.001,10,1e-09,1,2192,3600,4.562043795620439e-13,2880,621,805,7038,3438,7200,20.0,4770,1.3903681513597475e-170,7.613007953960892e-15,6.367658031692239e-61,7.613007953960892e-15,1.5226015907921785e-14,3.337542687016455e-11,115200,True,controle a posteriori 7200/2880
0.25,0.7,0.001,10,1e-09,256,2192,3600,1.782048357664234e-15,739,739,959,2886,1,1,0.0,1081,1.4395035367533364e-57,4.319567229592459e-17,2.193510114246777e-25,4.319567229592459e-17,8.639134481120018e-17,4.84786759234946e-11,43210,True,b=b_min
0.25,0.7,0.001,10,1e-09,256,2192,3600,1.782048357664234e-15,2880,739,959,7259,3659,7200,20.0,4652,1.3903681513597475e-170,4.319567229592459e-17,9.980456539654026e-61,4.319567229592459e-17,8.639134459184917e-17,4.8478675800405346e-11,115200,True,controle a posteriori 7200/2880
0.25,0.7,0.001,12,1e-06,1,1827,3000,5.473453749315818e-10,470,470,609,1868,1,1,0.0,1017,3.7795886834441694e-48,1.231100455013482e-11,9.839570090814999e-26,1.231100455013482e-11,2.462200910026974e-11,4.4984410626192816e-08,43212,True,b=b_min
0.25,0.7,0.001,12,1e-06,1,1827,3000,5.473453749315818e-10,2880,470,609,6749,3749,7200,24.0,4622,3.650577853078857e-161,1.231100455013482e-11,2.648808708029198e-53,1.231100455013482e-11,2.462200910026964e-11,4.498441062619263e-08,129600,True,controle a posteriori 7200/2880
0.25,0.7,0.001,12,1e-06,256,1827,3000,2.1380678708264913e-12,588,588,762,2315,1,1,0.0,917,3.7795886834441694e-48,3.33659677118712e-14,6.200368880834958e-22,3.33659677118712e-14,6.67319360437793e-14,3.1211327270908105e-08,43212,True,b=b_min
0.25,0.7,0.001,12,1e-06,256,1827,3000,2.1380678708264913e-12,2880,588,762,6976,3976,7200,24.0,4500,3.650577853078857e-161,3.33659677118712e-14,4.392294378470773e-53,3.33659677118712e-14,6.67319354237424e-14,3.12113269809094e-08,129600,True,controle a posteriori 7200/2880
0.25,0.7,0.001,12,1e-09,1,1827,3000,5.473453749315818e-13,617,617,800,2425,1,1,0.0,892,3.7795886834441694e-48,7.613007953960892e-15,5.0497744427269905e-21,7.613007953960892e-15,1.5226020957696228e-14,2.7817940289711008e-11,43212,True,b=b_min
0.25,0.7,0.001,12,1e-09,1,1827,3000,5.473453749315818e-13,2880,617,800,7031,4031,7200,24.0,4471,3.650577853078857e-161,7.613007953960892e-15,4.983422458520571e-53,7.613007953960892e-15,1.5226015907921785e-14,2.78179310637731e-11,129600,True,controle a posteriori 7200/2880
0.25,0.7,0.001,12,1e-09,256,1827,3000,2.1380678708264916e-15,735,735,954,2871,1,1,0.0,796,3.7795886834441694e-48,4.319567229592459e-17,1.9319183043172153e-17,4.319567229592459e-17,1.0571052763502132e-16,4.944208230123109e-11,43212,True,b=b_min
0.25,0.7,0.001,12,1e-09,256,1827,3000,2.1380678708264916e-15,2880,735,954,7252,4252,7200,24.0,4354,3.650577853078857e-161,4.319567229592459e-17,7.75326923151847e-53,4.319567229592459e-17,8.639134459184917e-17,4.040626856174296e-11,129600,True,controle a posteriori 7200/2880
0.25,0.7,0.01,6,1e-06,1,3653,6000,2.737476047084588e-10,524,524,680,2083,1,1,0.0,2434,3.6027273432577166e-88,3.744004412903205e-12,2.394545629297579e-61,3.744004412903205e-12,7.48800882580641e-12,2.7353696240670817e-08,43206,True,b=b_min
0.25,0.7,0.01,6,1e-06,1,3653,6000,2.737476047084588e-10,2880,524,680,6899,899,7200,12.0,6038,1.0525796773927628e-192,3.744004412903205e-12,3.38067665649364e-86,3.744004412903205e-12,7.48800882580641e-12,2.7353696240670817e-08,86400,True,controle a posteriori 7200/2880
0.25,0.7,0.01,6,1e-06,256,3653,6000,1.0693265808924171e-12,652,652,845,2566,1,1,0.0,2318,3.6027273432577166e-88,2.5794975590378125e-14,3.7987980450574e-57,2.5794975590378125e-14,5.158995118075625e-14,4.8245271465805464e-08,43206,True,b=b_min
0.25,0.7,0.01,6,1e-06,256,3653,6000,1.0693265808924171e-12,2880,652,845,7138,1138,7200,12.0,5906,1.0525796773927628e-192,2.5794975590378125e-14,5.2490559897305646e-86,2.5794975590378125e-14,5.158995118075625e-14,4.8245271465805464e-08,86400,True,controle a posteriori 7200/2880
0.25,0.7,0.01,6,1e-09,1,3653,6000,2.737476047084588e-13,683,683,886,2684,1,1,0.0,2290,3.6027273432577166e-88,6.221249613200505e-15,3.852674695691637e-56,6.221249613200505e-15,1.244249922640101e-14,4.545244967404289e-11,43206,True,b=b_min
0.25,0.7,0.01,6,1e-09,1,3653,6000,2.737476047084588e-13,2880,683,886,7197,1197,7200,12.0,5875,1.0525796773927628e-192,6.221249613200505e-15,5.9499421571500105e-86,6.221249613200505e-15,1.244249922640101e-14,4.545244967404289e-11,86400,True,controle a posteriori 7200/2880
0.25,0.7,0.01,6,1e-09,256,3653,6000,1.0693265808924172e-15,811,811,1052,3168,1,1,0.0,2177,3.6027273432577166e-88,2.104978424541903e-17,4.532673989565733e-52,2.104978424541903e-17,4.209956849083806e-17,3.937016926644005e-11,43206,True,b=b_min
0.25,0.7,0.01,6,1e-09,256,3653,6000,1.0693265808924172e-15,2880,811,1052,7432,1432,7200,12.0,5747,1.0525796773927628e-192,2.104978424541903e-17,9.833979138264866e-86,2.104978424541903e-17,4.209956849083806e-17,3.937016926644005e-11,86400,True,controle a posteriori 7200/2880
0.25,0.7,0.01,8,1e-06,1,2740,4500,3.6496350364963504e-10,518,518,671,2059,1,1,0.0,1700,2.1759635886132426e-66,7.623687732052657e-12,8.518319928800832e-42,7.623687732052657e-12,1.5247375464105314e-11,4.177780877164856e-08,43208,True,b=b_min
0.25,0.7,0.01,8,1e-06,1,2740,4500,3.6496350364963504e-10,2880,518,671,6886,2386,7200,16.0,5290,6.357336633889938e-171,7.623687732052657e-12,1.844922327864356e-67,7.623687732052657e-12,1.5247375464105314e-11,4.177780877164856e-08,100800,True,controle a posteriori 7200/2880
0.25,0.7,0.01,8,1e-06,256,2740,4500,1.4256386861313869e-12,645,645,837,2541,1,1,0.0,1588,2.1759635886132426e-66,2.5794975590378125e-14,8.809928114038387e-38,2.5794975590378125e-14,5.158995118075625e-14,3.618725535622966e-08,43208,True,b=b_min
0.25,0.7,0.01,8,1e-06,256,2740,4500,1.4256386861313869e-12,2880,645,837,7126,2626,7200,16.0,5160,6.357336633889938e-171,2.5794975590378125e-14,3.008861248897151e-67,2.5794975590378125e-14,5.158995118075625e-14,3.618725535622966e-08,100800,True,controle a posteriori 7200/2880
0.25,0.7,0.01,8,1e-09,1,2740,4500,3.6496350364963506e-13,677,677,878,2661,1,1,0.0,1561,2.1759635886132426e-66,6.221249613200505e-15,8.591772876419931e-37,6.221249613200505e-15,1.244249922640101e-14,3.4092447880338766e-11,43208,True,b=b_min
0.25,0.7,0.01,8,1e-09,1,2740,4500,3.6496350364963506e-13,2880,677,878,7185,2685,7200,16.0,5129,6.357336633889938e-171,6.221249613200505e-15,3.4016784606061315e-67,6.221249613200505e-15,1.244249922640101e-14,3.4092447880338766e-11,100800,True,controle a posteriori 7200/2880
0.25,0.7,0.01,8,1e-09,256,2740,4500,1.425638686131387e-15,805,805,1043,3145,1,1,0.0,1453,2.1759635886132426e-66,2.104978424541903e-17,6.497196421744366e-33,2.104978424541903e-17,4.2099568490838066e-17,2.953032132221345e-11,43208,True,b=b_min
0.25,0.7,0.01,8,1e-09,256,2740,4500,1.425638686131387e-15,2880,805,1043,7420,2920,7200,16.0,5004,6.357336633889938e-171,2.104978424541903e-17,5.5478480872520535e-67,2.104978424541903e-17,4.209956849083806e-17,2.9530321322213446e-11,100800,True,controle a posteriori 7200/2880
0.25,0.7,0.01,10,1e-06,1,2192,3600,4.5620437956204375e-10,512,512,664,2038,1,1,0.0,1264,2.5483774927260894e-53,7.623687732052657e-12,3.0199456237098834e-30,7.623687732052657e-12,1.5247375464105314e-11,3.342224701731885e-08,43210,True,b=b_min
0.25,0.7,0.01,10,1e-06,1,2192,3600,4.5620437956204375e-10,2880,512,664,6876,3276,7200,20.0,4843,7.445388184005711e-158,7.623687732052657e-12,2.437746830079757e-56,7.623687732052657e-12,1.5247375464105314e-11,3.342224701731885e-08,115200,True,controle a posteriori 7200/2880
0.25,0.7,0.01,10,1e-06,256,2192,3600,1.7820483576642334e-12,640,640,830,2522,1,1,0.0,1156,2.5483774927260894e-53,2.5794975590378125e-14,2.3848661094042458e-26,2.5794975590378125e-14,5.15899511807801e-14,2.8949804284997114e-08,43210,True,b=b_min
0.25,0.7,0.01,10,1e-06,256,2192,3600,1.7820483576642334e-12,2880,640,830,7117,3517,7200,20.0,4715,7.445388184005711e-158,2.5794975590378125e-14,3.9410117765103268e-56,2.5794975590378125e-14,5.158995118075625e-14,2.894980428498373e-08,115200,True,controle a posteriori 7200/2880
0.25,0.7,0.01,10,1e-09,1,2192,3600,4.562043795620439e-13,672,672,871,2642,1,1,0.0,1129,2.5483774927260894e-53,6.221249613200505e-15,2.130652421997469e-25,6.221249613200505e-15,1.2442499226614075e-14,2.7273958304738052e-11,43210,True,b=b_min
0.25,0.7,0.01,10,1e-09,1,2192,3600,4.562043795620439e-13,2880,672,871,7176,3576,7200,20.0,4684,7.445388184005711e-158,6.221249613200505e-15,4.442412651345041e-56,6.221249613200505e-15,1.244249922640101e-14,2.7273958304271012e-11,115200,True,controle a posteriori 7200/2880
0.25,0.7,0.01,10,1e-09,256,2192,3600,1.782048357664234e-15,800,800,1037,3125,1,1,0.0,1026,2.5483774927260894e-53,4.286239123038802e-17,1.0530656648889084e-21,4.286239123038802e-17,8.572583552644093e-17,4.810522405733338e-11,43210,True,b=b_min
0.25,0.7,0.01,10,1e-09,256,2192,3600,1.782048357664234e-15,2880,800,1037,7410,3810,7200,20.0,4560,7.445388184005711e-158,4.286239123038802e-17,6.762849167643084e-56,4.286239123038802e-17,8.572478246077604e-17,4.8104633127429396e-11,115200,True,controle a posteriori 7200/2880
0.25,0.7,0.01,12,1e-06,1,1827,3000,5.473453749315818e-10,508,508,659,2023,1,1,0.0,976,1.314231438532683e-44,7.623687732052657e-12,1.246584063524055e-22,7.623687732052657e-12,1.5247375464229973e-11,2.785695497314816e-08,43212,True,b=b_min
0.25,0.7,0.01,12,1e-06,1,1827,3000,5.473453749315818e-10,2880,508,659,6869,3869,7200,24.0,4546,3.8396835835467305e-149,7.623687732052657e-12,5.340454547404831e-49,7.623687732052657e-12,1.5247375464105314e-11,2.7856954972920408e-08,129600,True,controle a posteriori 7200/2880
0.25,0.7,0.01,12,1e-06,256,1827,3000,2.1380678708264913e-12,636,636,825,2506,1,1,0.0,871,1.314231438532683e-44,5.2524734821151935e-14,6.920275508643982e-19,5.2524734821151935e-14,1.0505016166985473e-13,4.91332212149311e-08,43212,True,b=b_min
0.25,0.7,0.01,12,1e-06,256,1827,3000,2.1380678708264913e-12,2880,636,825,7109,4109,7200,24.0,4419,3.8396835835467305e-149,5.2524734821151935e-14,8.080716305980642e-49,5.2524734821151935e-14,1.0504946964230387e-13,4.913289754534123e-08,129600,True,controle a posteriori 7200/2880
0.25,0.7,0.01,12,1e-09,1,1827,3000,5.473453749315818e-13,668,668,865,2626,1,1,0.0,846,1.314231438532683e-44,1.2667950975361264e-14,5.733147418889281e-18,1.2667950975361264e-14,2.5341635098141417e-14,4.629916732430437e-11,43212,True,b=b_min
0.25,0.7,0.01,12,1e-09,1,1827,3000,5.473453749315818e-13,2880,668,865,7167,4167,7200,24.0,4388,3.8396835835467305e-149,1.2667950975361264e-14,9.089474010921739e-49,1.2667950975361264e-14,2.5335901950722527e-14,4.6288692863970055e-11,129600,True,controle a posteriori 7200/2880
0.25,0.7,0.01,12,1e-09,256,1827,3000,2.1380678708264916e-15,795,795,1031,3108,108,108,0.36,795,3.672476925218976e-46,4.286239123038802e-17,1.0014846086731898e-15,4.286239123038802e-17,1.0872093911339657e-15,5.085008787460493e-10,44496,True,b=b_min
0.25,0.7,0.01,12,1e-09,256,1827,3000,2.1380678708264916e-15,2880,795,1031,7402,4402,7200,24.0,4266,3.8396835835467305e-149,4.286239123038802e-17,1.4579696951682798e-48,4.286239123038802e-17,8.572478246077604e-17,4.009450945429448e-11,129600,True,controle a posteriori 7200/2880
0.25,1.0,0.0,6,1e-06,1,3653,6000,2.737476047084588e-10,216,216,216,634,1,1,0.0,4075,2.3385226077478703e-273,3.540706161472145e-12,5.428932831393406e-229,3.540706161472145e-12,7.08141232294429e-12,2.586839921571549e-08,43206,True,b=b_min
0.25,1.0,0.0,6,1e-06,1,3653,6000,2.737476047084588e-10,2880,216,216,4361,1,7200,12.0,9361,0.0,3.540706161472145e-12,0.0,3.540706161472145e-12,7.08141232294429e-12,2.586839921571549e-08,86400,True,controle a posteriori 7200/2880
0.25,1.0,0.0,6,1e-06,256,3653,6000,1.0693265808924171e-12,269,269,269,784,1,1,0.0,4006,2.3385226077478703e-273,1.457080724885656e-14,2.789586525806125e-224,1.457080724885656e-14,2.914161449771312e-14,2.7252305346597385e-08,43206,True,b=b_min
0.25,1.0,0.0,6,1e-06,256,3653,6000,1.0693265808924171e-12,2880,269,269,4451,1,7200,12.0,9279,0.0,1.457080724885656e-14,0.0,1.457080724885656e-14,2.914161449771312e-14,2.7252305346597385e-08,86400,True,controle a posteriori 7200/2880
0.25,1.0,0.0,6,1e-09,1,3653,6000,2.737476047084588e-13,282,282,282,821,1,1,0.0,3989,2.3385226077478703e-273,4.856935749618853e-15,3.592313626836985e-223,4.856935749618853e-15,9.713871499237706e-15,3.5484772586715336e-11,43206,True,b=b_min
0.25,1.0,0.0,6,1e-09,1,3653,6000,2.737476047084588e-13,2880,282,282,4473,1,7200,12.0,9260,0.0,4.856935749618853e-15,0.0,4.856935749618853e-15,9.713871499237706e-15,3.5484772586715336e-11,86400,True,controle a posteriori 7200/2880
0.25,1.0,0.0,6,1e-09,256,3653,6000,1.0693265808924172e-15,335,335,335,971,1,1,0.0,3923,2.3385226077478703e-273,1.9987389916126963e-17,1.1830774180163033e-218,1.9987389916126963e-17,3.9974779832253925e-17,3.738313490616924e-11,43206,True,b=b_min
0.25,1.0,0.0,6,1e-09,256,3653,6000,1.0693265808924172e-15,2880,335,335,4560,1,7200,12.0,9182,0.0,1.9987389916126963e-17,0.0,1.9987389916126963e-17,3.9974779832253925e-17,3.738313490616924e-11,86400,True,controle a posteriori 7200/2880
0.25,1.0,0.0,8,1e-06,1,2740,4500,3.6496350364963504e-10,213,213,213,626,1,1,0.0,2985,2.6327660139581183e-205,3.540706161472145e-12,3.28222289058625e-167,3.540706161472145e-12,7.08141232294429e-12,1.9403069764867354e-08,43208,True,b=b_min
0.25,1.0,0.0,8,1e-06,1,2740,4500,3.6496350364963504e-10,2880,213,213,4357,1,7200,16.0,8260,0.0,3.540706161472145e-12,1.500430249497782e-280,3.540706161472145e-12,7.08141232294429e-12,1.9403069764867354e-08,100800,True,controle a posteriori 7200/2880
0.25,1.0,0.0,8,1e-06,256,2740,4500,1.4256386861313869e-12,267,267,267,778,1,1,0.0,2919,2.6327660139581183e-205,1.457080724885656e-14,1.1905197162431872e-162,1.457080724885656e-14,2.914161449771312e-14,2.044109407327589e-08,43208,True,b=b_min
0.25,1.0,0.0,8,1e-06,256,2740,4500,1.4256386861313869e-12,2880,267,267,4447,1,7200,16.0,8180,0.0,1.457080724885656e-14,3.0314658986511053e-280,1.457080724885656e-14,2.914161449771312e-14,2.044109407327589e-08,100800,True,controle a posteriori 7200/2880
0.25,1.0,0.0,8,1e-09,1,2740,4500,3.6496350364963506e-13,280,280,280,814,1,1,0.0,2903,2.6327660139581183e-205,4.856935749618853e-15,1.3781059108006964e-161,4.856935749618853e-15,9.713871499237706e-15,2.6616007907911314e-11,43208,True,b=b_min
0.25,1.0,0.0,8,1e-09,1,2740,4500,3.6496350364963506e-13,2880,280,280,4468,1,7200,16.0,8162,0.0,4.856935749618853e-15,3.4662803724561395e-280,4.856935749618853e-15,9.713871499237706e-15,2.6616007907911314e-11,100800,True,controle a posteriori 7200/2880
0.25,1.0,0.0,8,1e-09,256,2740,4500,1.425638686131387e-15,333,333,333,965,1,1,0.0,2840,2.6327660139581183e-205,1.9987389916126963e-17,2.7528696699578013e-157,1.9987389916126963e-17,3.9974779832253925e-17,2.8039909565536192e-11,43208,True,b=b_min
0.25,1.0,0.0,8,1e-09,256,2740,4500,1.425638686131387e-15,2880,333,333,4556,56,7200,16.0,8086,0.0,1.9987389916126963e-17,6.999835014762023e-280,1.9987389916126963e-17,3.9974779832253925e-17,2.8039909565536192e-11,100800,True,controle a posteriori 7200/2880
0.25,1.0,0.0,10,1e-06,1,2192,3600,4.5620437956204375e-10,211,211,211,619,1,1,0.0,2334,1.783588556357148e-164,1.0622118484416435e-11,2.176912310554185e-130,1.0622118484416435e-11,2.124423696883287e-11,4.656736743568165e-08,43210,True,b=b_min
0.25,1.0,0.0,10,1e-06,1,2192,3600,4.5620437956204375e-10,2880,211,211,4352,752,7200,20.0,7602,0.0,1.0622118484416435e-11,1.3024748034196172e-245,1.0622118484416435e-11,2.124423696883287e-11,4.656736743568165e-08,115200,True,controle a posteriori 7200/2880
0.25,1.0,0.0,10,1e-06,256,2192,3600,1.7820483576642334e-12,264,264,264,770,1,1,0.0,2271,1.783588556357148e-164,4.3712421746569684e-14,4.644034720212435e-126,4.3712421746569684e-14,8.742484349313937e-14,4.905862577586214e-08,43210,True,b=b_min
0.25,1.0,0.0,10,1e-06,256,2192,3600,1.7820483576642334e-12,2880,264,264,4443,843,7200,20.0,7523,0.0,4.3712421746569684e-14,2.6066437232115537e-245,4.3712421746569684e-14,8.742484349313937e-14,4.905862577586214e-08,115200,True,controle a posteriori 7200/2880
0.25,1.0,0.0,10,1e-09,1,2192,3600,4.562043795620439e-13,277,277,277,807,1,1,0.0,2255,1.783588556357148e-164,4.856935749618853e-15,5.750557101272915e-125,4.856935749618853e-15,9.713871499237706e-15,2.1292806326329052e-11,43210,True,b=b_min
0.25,1.0,0.0,10,1e-09,1,2192,3600,4.562043795620439e-13,2880,277,277,4465,865,7200,20.0,7504,0.0,4.856935749618853e-15,3.411873348780029e-245,4.856935749618853e-15,9.713871499237706e-15,2.1292806326329052e-11,115200,True,controle a posteriori 7200/2880
0.25,1.0,0.0,10,1e-09,256,2192,3600,1.782048357664234e-15,331,331,331,959,1,1,0.0,2195,1.783588556357148e-164,1.9987389916126963e-17,9.594035870725169e-121,1.9987389916126963e-17,3.9974779832253925e-17,2.2431927652428954e-11,43210,True,b=b_min
0.25,1.0,0.0,10,1e-09,256,2192,3600,1.782048357664234e-15,2880,331,331,4553,953,7200,20.0,7429,0.0,1.9987389916126963e-17,6.790776056671556e-245,1.9987389916126963e-17,3.9974779832253925e-17,2.2431927652428954e-11,115200,True,controle a posteriori 7200/2880
0.25,1.0,0.0,12,1e-06,1,1827,3000,5.473453749315818e-10,210,210,210,616,1,1,0.0,1902,2.964032445650765e-137,1.0622118484416435e-11,7.374838826482465e-106,1.0622118484416435e-11,2.124423696883287e-11,3.881322094205765e-08,43212,True,b=b_min
0.25,1.0,0.0,12,1e-06,1,1827,3000,5.473453749315818e-10,2880,210,210,4350,1350,7200,24.0,7163,0.0,1.0622118484416435e-11,2.0989097053293656e-222,1.0622118484416435e-11,2.124423696883287e-11,3.881322094205765e-08,129600,True,controle a posteriori 7200/2880
0.25,1.0,0.0,12,1e-06,256,1827,3000,2.1380678708264913e-12,263,263,263,766,1,1,0.0,1841,2.964032445650765e-137,4.3712421746569684e-14,1.1765066702793599e-101,4.3712421746569684e-14,8.742484349313937e-14,4.08896483998632e-08,43212,True,b=b_min
0.25,1.0,0.0,12,1e-06,256,1827,3000,2.1380678708264913e-12,2880,263,263,4440,1440,7200,24.0,7085,0.0,4.3712421746569684e-14,4.121515563576266e-222,4.3712421746569684e-14,8.742484349313937e-14,4.08896483998632e-08,129600,True,controle a posteriori 7200/2880
0.25,1.0,0.0,12,1e-09,1,1827,3000,5.473453749315818e-13,276,276,276,804,1,1,0.0,1826,2.964032445650765e-137,4.856935749618853e-15,1.346916566876333e-100,4.856935749618853e-15,9.713871499237706e-15,1.774724322910729e-11,43212,True,b=b_min
0.25,1.0,0.0,12,1e-09,1,1827,3000,5.473453749315818e-13,2880,276,276,4462,1462,7200,24.0,7066,0.0,4.856935749618853e-15,5.4457219618664675e-222,4.856935749618853e-15,9.713871499237706e-15,1.774724322910729e-11,129600,True,controle a posteriori 7200/2880
0.25,1.0,0.0,12,1e-09,256,1827,3000,2.1380678708264916e-15,329,329,329,954,1,1,0.0,1767,2.964032445650765e-137,1.9987389916126963e-17,1.451687268305657e-96,1.9987389916126963e-17,3.9974779832253925e-17,1.8696684224903147e-11,43212,True,b=b_min
0.25,1.0,0.0,12,1e-09,256,1827,3000,2.1380678708264916e-15,2880,329,329,4550,1550,7200,24.0,6992,0.0,1.9987389916126963e-17,1.0665046362302073e-221,1.9987389916126963e-17,3.9974779832253925e-17,1.8696684224903147e-11,129600,True,controle a posteriori 7200/2880
0.25,1.0,1e-06,6,1e-06,1,3653,6000,2.737476047084588e-10,216,216,216,634,1,1,0.0,4075,2.349138422590684e-273,3.541046085239805e-12,5.448860207569331e-229,3.541046085239805e-12,7.08209217047961e-12,2.5870882698762013e-08,43206,True,b=b_min
0.25,1.0,1e-06,6,1e-06,1,3653,6000,2.737476047084588e-10,2880,216,216,4361,1,7200,12.0,9361,0.0,3.541046085239805e-12,0.0,3.541046085239805e-12,7.08209217047961e-12,2.5870882698762013e-08,86400,True,controle a posteriori 7200/2880
0.25,1.0,1e-06,6,1e-06,256,3653,6000,1.0693265808924171e-12,269,269,269,784,1,1,0.0,4006,2.349138422590684e-273,1.4572497558843214e-14,2.7997188883078174e-224,1.4572497558843214e-14,2.914499511768643e-14,2.7255466794216583e-08,43206,True,b=b_min
0.25,1.0,1e-06,6,1e-06,256,3653,6000,1.0693265808924171e-12,2880,269,269,4451,1,7200,12.0,9279,0.0,1.4572497558843214e-14,0.0,1.4572497558843214e-14,2.914499511768643e-14,2.7255466794216583e-08,86400,True,controle a posteriori 7200/2880
0.25,1.0,1e-06,6,1e-09,1,3653,6000,2.737476047084588e-13,282,282,282,821,1,1,0.0,3989,2.349138422590684e-273,4.857518616297246e-15,3.6050321248512006e-223,4.857518616297246e-15,9.715037232594492e-15,3.548903101066768e-11,43206,True,b=b_min
0.25,1.0,1e-06,6,1e-09,1,3653,6000,2.737476047084588e-13,2880,282,282,4473,1,7200,12.0,9260,0.0,4.857518616297246e-15,0.0,4.857518616297246e-15,9.715037232594492e-15,3.548903101066768e-11,86400,True,controle a posteriori 7200/2880
0.25,1.0,1e-06,6,1e-09,256,3653,6000,1.0693265808924172e-15,335,335,335,971,1,1,0.0,3923,2.349138422590684e-273,1.999018834380218e-17,1.1872694885307296e-218,1.999018834380218e-17,3.998037668760436e-17,3.738836890619359e-11,43206,True,b=b_min
0.25,1.0,1e-06,6,1e-09,256,3653,6000,1.0693265808924172e-15,2880,335,335,4560,1,7200,12.0,9182,0.0,1.999018834380218e-17,0.0,1.999018834380218e-17,3.998037668760436e-17,3.738836890619359e-11,86400,True,controle a posteriori 7200/2880
0.25,1.0,1e-06,8,1e-06,1,2740,4500,3.6496350364963504e-10,213,213,213,626,1,1,0.0,2985,2.641726190841474e-205,3.541046085239805e-12,3.2911347909141766e-167,3.541046085239805e-12,7.08209217047961e-12,1.940493254711413e-08,43208,True,b=b_min
0.25,1.0,1e-06,8,1e-06,1,2740,4500,3.6496350364963504e-10,2880,213,213,4357,1,7200,16.0,8260,0.0,3.541046085239805e-12,1.5075127203634597e-280,3.541046085239805e-12,7.08209217047961e-12,1.940493254711413e-08,100800,True,controle a posteriori 7200/2880
0.25,1.0,1e-06,8,1e-06,256,2740,4500,1.4256386861313869e-12,267,267,267,778,1,1,0.0,2919,2.641726190841474e-205,1.4572497558843214e-14,1.1936069723521396e-162,1.4572497558843214e-14,2.914499511768643e-14,2.0443465375349967e-08,43208,True,b=b_min
0.25,1.0,1e-06,8,1e-06,256,2740,4500,1.4256386861313869e-12,2880,267,267,4447,1,7200,16.0,8180,0.0,1.4572497558843214e-14,3.045740658757914e-280,1.4572497558843214e-14,2.914499511768643e-14,2.0443465375349967e-08,100800,True,controle a posteriori 7200/2880
0.25,1.0,1e-06,8,1e-09,1,2740,4500,3.6496350364963506e-13,280,280,280,814,1,1,0.0,2903,2.641726190841474e-205,4.857518616297246e-15,1.3815986075018406e-161,4.857518616297246e-15,9.715037232594492e-15,2.661920201730891e-11,43208,True,b=b_min
0.25,1.0,1e-06,8,1e-09,1,2740,4500,3.6496350364963506e-13,2880,280,280,4468,1,7200,16.0,8162,0.0,4.857518616297246e-15,3.4826253376962896e-280,4.857518616297246e-15,9.715037232594492e-15,2.661920201730891e-11,100800,True,controle a posteriori 7200/2880
0.25,1.0,1e-06,8,1e-09,256,2740,4500,1.425638686131387e-15,333,333,333,965,1,1,0.0,2840,2.641726190841474e-205,1.999018834380218e-17,2.759750433611946e-157,1.999018834380218e-17,3.998037668760436e-17,2.80438354237532e-11,43208,True,b=b_min
0.25,1.0,1e-06,8,1e-09,256,2740,4500,1.425638686131387e-15,2880,333,333,4556,56,7200,16.0,8086,0.0,1.999018834380218e-17,7.032760380981189e-280,1.999018834380218e-17,3.998037668760436e-17,2.80438354237532e-11,100800,True,controle a posteriori 7200/2880
0.25,1.0,1e-06,10,1e-06,1,2192,3600,4.5620437956204375e-10,211,211,211,619,1,1,0.0,2334,1.7884438852254946e-164,1.0623095763293868e-11,2.181414880226792e-130,1.0623095763293868e-11,2.1246191526587736e-11,4.6571651826280315e-08,43210,True,b=b_min
0.25,1.0,1e-06,10,1e-06,1,2192,3600,4.5620437956204375e-10,2880,211,211,4352,752,7200,20.0,7602,0.0,1.0623095763293868e-11,1.3079028443845247e-245,1.0623095763293868e-11,2.1246191526587736e-11,4.6571651826280315e-08,115200,True,controle a posteriori 7200/2880
0.25,1.0,1e-06,10,1e-06,256,2192,3600,1.7820483576642334e-12,264,264,264,770,1,1,0.0,2271,1.7884438852254946e-164,4.371731780708354e-14,4.653576179022963e-126,4.371731780708354e-14,8.743463561416708e-14,4.9064120644161086e-08,43210,True,b=b_min
0.25,1.0,1e-06,10,1e-06,256,2192,3600,1.7820483576642334e-12,2880,264,264,4443,843,7200,20.0,7523,0.0,4.371731780708354e-14,2.617454549957852e-245,4.371731780708354e-14,8.743463561416708e-14,4.9064120644161086e-08,115200,True,controle a posteriori 7200/2880
0.25,1.0,1e-06,10,1e-09,1,2192,3600,4.562043795620439e-13,277,277,277,807,1,1,0.0,2255,1.7884438852254946e-164,4.857518616297246e-15,5.762241479647045e-125,4.857518616297246e-15,9.715037232594492e-15,2.1295361613847124e-11,43210,True,b=b_min
0.25,1.0,1e-06,10,1e-09,1,2192,3600,4.562043795620439e-13,2880,277,277,4465,865,7200,20.0,7504,0.0,4.857518616297246e-15,3.4261033913274723e-245,4.857518616297246e-15,9.715037232594492e-15,2.1295361613847124e-11,115200,True,controle a posteriori 7200/2880
0.25,1.0,1e-06,10,1e-09,256,2192,3600,1.782048357664234e-15,331,331,331,959,1,1,0.0,2195,1.7884438852254946e-164,1.999018834380218e-17,9.61289427757794e-121,1.999018834380218e-17,3.998037668760436e-17,2.243506833900256e-11,43210,True,b=b_min
0.25,1.0,1e-06,10,1e-09,256,2192,3600,1.782048357664234e-15,2880,331,331,4553,953,7200,20.0,7429,0.0,1.999018834380218e-17,6.818948533606425e-245,1.999018834380218e-17,3.998037668760436e-17,2.243506833900256e-11,115200,True,controle a posteriori 7200/2880
0.25,1.0,1e-06,12,1e-06,1,1827,3000,5.473453749315818e-10,210,210,210,616,1,1,0.0,1902,2.970756086685227e-137,1.0623095763293868e-11,7.387430003183327e-106,1.0623095763293868e-11,2.1246191526587736e-11,3.881679191907579e-08,43212,True,b=b_min
0.25,1.0,1e-06,12,1e-06,1,1827,3000,5.473453749315818e-10,2880,210,210,4350,1350,7200,24.0,7163,0.0,1.0623095763293868e-11,2.1069379131492954e-222,1.0623095763293868e-11,2.1246191526587736e-11,3.881679191907579e-08,129600,True,controle a posteriori 7200/2880
0.25,1.0,1e-06,12,1e-06,256,1827,3000,2.1380678708264913e-12,263,263,263,766,1,1,0.0,1841,2.970756086685227e-137,4.371731780708354e-14,1.1784062922758277e-101,4.371731780708354e-14,8.743463561416708e-14,4.0894228292373316e-08,43212,True,b=b_min
0.25,1.0,1e-06,12,1e-06,256,1827,3000,2.1380678708264913e-12,2880,263,263,4440,1440,7200,24.0,7085,0.0,4.371731780708354e-14,4.1371471555172184e-222,4.371731780708354e-14,8.743463561416708e-14,4.0894228292373316e-08,129600,True,controle a posteriori 7200/2880
0.25,1.0,1e-06,12,1e-09,1,1827,3000,5.473453749315818e-13,276,276,276,804,1,1,0.0,1826,2.970756086685227e-137,4.857518616297246e-15,1.3491173586912927e-100,4.857518616297246e-15,9.715037232594492e-15,1.7749373023950136e-11,43212,True,b=b_min
0.25,1.0,1e-06,12,1e-09,1,1827,3000,5.473453749315818e-13,2880,276,276,4462,1462,7200,24.0,7066,0.0,4.857518616297246e-15,5.466266585951275e-222,4.857518616297246e-15,9.715037232594492e-15,1.7749373023950136e-11,129600,True,controle a posteriori 7200/2880
0.25,1.0,1e-06,12,1e-09,256,1827,3000,2.1380678708264916e-15,329,329,329,954,1,1,0.0,1767,2.970756086685227e-137,1.999018834380218e-17,1.453981778224467e-96,1.999018834380218e-17,3.998037668760436e-17,1.869930194131281e-11,43212,True,b=b_min
0.25,1.0,1e-06,12,1e-09,256,1827,3000,2.1380678708264916e-15,2880,329,329,4550,1550,7200,24.0,6992,0.0,1.999018834380218e-17,1.0705489708574763e-221,1.999018834380218e-17,3.998037668760436e-17,1.869930194131281e-11,129600,True,controle a posteriori 7200/2880
0.25,1.0,0.0001,6,1e-06,1,3653,6000,2.737476047084588e-10,216,216,216,634,1,1,0.0,4074,9.224855086644078e-273,3.574857188652075e-12,1.581230562771424e-228,3.574857188652075e-12,7.14971437730415e-12,2.611790662029206e-08,43206,True,b=b_min
0.25,1.0,0.0001,6,1e-06,1,3653,6000,2.737476047084588e-10,2880,216,216,4362,1,7200,12.0,9360,0.0,3.574857188652075e-12,0.0,3.574857188652075e-12,7.14971437730415e-12,2.611790662029206e-08,86400,True,controle a posteriori 7200/2880
0.25,1.0,0.0001,6,1e-06,256,3653,6000,1.0693265808924171e-12,269,269,269,785,1,1,0.0,4005,9.224855086644078e-273,1.474079564311524e-14,7.890812019921994e-224,1.474079564311524e-14,2.948159128623048e-14,2.757024075996159e-08,43206,True,b=b_min
0.25,1.0,0.0001,6,1e-06,256,3653,6000,1.0693265808924171e-12,2880,269,269,4452,1,7200,12.0,9278,0.0,1.474079564311524e-14,0.0,1.474079564311524e-14,2.948159128623048e-14,2.757024075996159e-08,86400,True,controle a posteriori 7200/2880
0.25,1.0,0.0001,6,1e-09,1,3653,6000,2.737476047084588e-13,283,283,283,823,1,1,0.0,3988,9.224855086644078e-273,4.915564183687762e-15,1.2156335670882398e-222,4.915564183687762e-15,9.831128367375524e-15,3.591311192602279e-11,43206,True,b=b_min
0.25,1.0,0.0001,6,1e-09,1,3653,6000,2.737476047084588e-13,2880,283,283,4474,1,7200,12.0,9258,0.0,4.915564183687762e-15,0.0,4.915564183687762e-15,9.831128367375524e-15,3.591311192602279e-11,86400,True,controle a posteriori 7200/2880
0.25,1.0,0.0001,6,1e-09,256,3653,6000,1.0693265808924172e-15,336,336,336,973,1,1,0.0,3922,9.224855086644078e-273,2.0269152941933098e-17,3.908378987862523e-218,2.0269152941933098e-17,4.0538305883866196e-17,3.791012643680338e-11,43206,True,b=b_min
0.25,1.0,0.0001,6,1e-09,256,3653,6000,1.0693265808924172e-15,2880,336,336,4561,1,7200,12.0,9180,0.0,2.0269152941933098e-17,0.0,2.0269152941933098e-17,4.0538305883866196e-17,3.791012643680338e-11,86400,True,controle a posteriori 7200/2880
0.25,1.0,0.0001,8,1e-06,1,2740,4500,3.6496350364963504e-10,214,214,214,628,1,1,0.0,2984,7.317523210183858e-205,3.574857188652075e-12,8.47594287507617e-167,3.574857188652075e-12,7.14971437730415e-12,1.9590217393813372e-08,43208,True,b=b_min
0.25,1.0,0.0001,8,1e-06,1,2740,4500,3.6496350364963504e-10,2880,214,214,4357,1,7200,16.0,8259,0.0,3.574857188652075e-12,5.457427107513606e-280,3.574857188652075e-12,7.14971437730415e-12,1.9590217393813372e-08,100800,True,controle a posteriori 7200/2880
0.25,1.0,0.0001,8,1e-06,256,2740,4500,1.4256386861313869e-12,267,267,267,778,1,1,0.0,2918,7.317523210183858e-205,1.474079564311524e-14,2.5383184432336795e-162,1.474079564311524e-14,2.948159128623048e-14,2.0679567391813508e-08,43208,True,b=b_min
0.25,1.0,0.0001,8,1e-06,256,2740,4500,1.4256386861313869e-12,2880,267,267,4448,1,7200,16.0,8179,0.0,1.474079564311524e-14,1.0950045754901439e-279,1.474079564311524e-14,2.948159128623048e-14,2.0679567391813508e-08,100800,True,controle a posteriori 7200/2880
0.25,1.0,0.0001,8,1e-09,1,2740,4500,3.6496350364963506e-13,280,280,280,815,1,1,0.0,2903,7.317523210183858e-205,4.915564183687762e-15,2.8645624043746064e-161,4.915564183687762e-15,9.831128367375524e-15,2.6937291726608937e-11,43208,True,b=b_min
0.25,1.0,0.0001,8,1e-09,1,2740,4500,3.6496350364963506e-13,2880,280,280,4469,1,7200,16.0,8160,0.0,4.915564183687762e-15,1.2582885657204357e-279,4.915564183687762e-15,9.831128367375524e-15,2.6937291726608937e-11,100800,True,controle a posteriori 7200/2880
0.25,1.0,0.0001,8,1e-09,256,2740,4500,1.425638686131387e-15,333,333,333,965,1,1,0.0,2840,7.317523210183858e-205,2.0269152941933098e-17,5.6616244439507244e-157,2.0269152941933098e-17,4.0538305883866196e-17,2.8435189279179104e-11,43208,True,b=b_min
0.25,1.0,0.0001,8,1e-09,256,2740,4500,1.425638686131387e-15,2880,333,333,4557,57,7200,16.0,8084,0.0,2.0269152941933098e-17,2.5257419710020947e-279,2.0269152941933098e-17,4.0538305883866196e-17,2.8435189279179104e-11,100800,True,controle a posteriori 7200/2880
0.25,1.0,0.0001,10,1e-06,1,2192,3600,4.5620437956204375e-10,211,211,211,620,1,1,0.0,2334,4.0179714108631214e-164,1.072028302389246e-11,3.945550532006843e-130,1.072028302389246e-11,2.144056604778492e-11,4.699772077674455e-08,43210,True,b=b_min
0.25,1.0,0.0001,10,1e-06,1,2192,3600,4.5620437956204375e-10,2880,211,211,4353,753,7200,20.0,7601,0.0,1.072028302389246e-11,4.008828584468922e-245,1.072028302389246e-11,2.144056604778492e-11,4.699772077674455e-08,115200,True,controle a posteriori 7200/2880
0.25,1.0,0.0001,10,1e-06,256,2192,3600,1.7820483576642334e-12,265,265,265,771,1,1,0.0,2271,4.0179714108631214e-164,4.420470327966889e-14,9.706946803111691e-126,4.420470327966889e-14,8.840940655933778e-14,4.961111530958551e-08,43210,True,b=b_min
0.25,1.0,0.0001,10,1e-06,256,2192,3600,1.7820483576642334e-12,2880,265,265,4443,843,7200,20.0,7522,0.0,4.420470327966889e-14,8.009503090192647e-245,4.420470327966889e-14,8.840940655933778e-14,4.961111530958551e-08,115200,True,controle a posteriori 7200/2880
0.25,1.0,0.0001,10,1e-09,1,2192,3600,4.562043795620439e-13,278,278,278,809,1,1,0.0,2255,4.0179714108631214e-164,4.915564183687762e-15,1.195524015020392e-124,4.915564183687762e-15,9.831128367375524e-15,2.154983338128715e-11,43210,True,b=b_min
0.25,1.0,0.0001,10,1e-09,1,2192,3600,4.562043795620439e-13,2880,278,278,4466,866,7200,20.0,7503,0.0,4.915564183687762e-15,1.0468336818046677e-244,4.915564183687762e-15,9.831128367375524e-15,2.154983338128715e-11,115200,True,controle a posteriori 7200/2880
0.25,1.0,0.0001,10,1e-09,256,2192,3600,1.782048357664234e-15,331,331,331,960,1,1,0.0,2194,4.0179714108631214e-164,2.0269152941933098e-17,1.657125915376119e-120,2.0269152941933098e-17,4.0538305883866196e-17,2.2748151423343284e-11,43210,True,b=b_min
0.25,1.0,0.0001,10,1e-09,256,2192,3600,1.782048357664234e-15,2880,331,331,4554,954,7200,20.0,7428,0.0,2.0269152941933098e-17,2.0851611803305518e-244,2.0269152941933098e-17,4.0538305883866196e-17,2.2748151423343284e-11,115200,True,controle a posteriori 7200/2880
0.25,1.0,0.0001,12,1e-06,1,1827,3000,5.473453749315818e-10,210,210,210,616,1,1,0.0,1902,5.804551445920018e-137,1.072028302389246e-11,1.2002275849649016e-105,1.072028302389246e-11,2.144056604778492e-11,3.9171914169303054e-08,43212,True,b=b_min
0.25,1.0,0.0001,12,1e-06,1,1827,3000,5.473453749315818e-10,2880,210,210,4350,1350,7200,24.0,7162,0.0,1.072028302389246e-11,5.794103085621691e-222,1.072028302389246e-11,2.144056604778492e-11,3.9171914169303054e-08,129600,True,controle a posteriori 7200/2880
0.25,1.0,0.0001,12,1e-06,256,1827,3000,2.1380678708264913e-12,263,263,263,766,1,1,0.0,1841,5.804551445920018e-137,4.420470327966889e-14,1.8409064328721028e-101,4.420470327966889e-14,8.840940655933778e-14,4.135014036068099e-08,43212,True,b=b_min
0.25,1.0,0.0001,12,1e-06,256,1827,3000,2.1380678708264913e-12,2880,263,263,4441,1441,7200,24.0,7084,0.0,4.420470327966889e-14,1.1356206485931318e-221,4.420470327966889e-14,8.840940655933778e-14,4.135014036068099e-08,129600,True,controle a posteriori 7200/2880
0.25,1.0,0.0001,12,1e-09,1,1827,3000,5.473453749315818e-13,276,276,276,804,1,1,0.0,1825,5.804551445920018e-137,4.915564183687762e-15,2.1350398140770688e-100,4.915564183687762e-15,9.831128367375524e-15,1.7961471527195083e-11,43212,True,b=b_min
0.25,1.0,0.0001,12,1e-09,1,1827,3000,5.473453749315818e-13,2880,276,276,4463,1463,7200,24.0,7065,0.0,4.915564183687762e-15,1.4990779763537767e-221,4.915564183687762e-15,9.831128367375524e-15,1.7961471527195083e-11,129600,True,controle a posteriori 7200/2880
0.25,1.0,0.0001,12,1e-09,256,1827,3000,2.1380678708264916e-15,329,329,329,954,1,1,0.0,1766,5.804551445920018e-137,2.0269152941933098e-17,2.2278365769468366e-96,2.0269152941933098e-17,4.0538305883866196e-17,1.8960252121554826e-11,43212,True,b=b_min
0.25,1.0,0.0001,12,1e-09,256,1827,3000,2.1380678708264916e-15,2880,329,329,4551,1551,7200,24.0,6991,0.0,2.0269152941933098e-17,2.9332015448597815e-221,2.0269152941933098e-17,4.0538305883866196e-17,1.8960252121554826e-11,129600,True,controle a posteriori 7200/2880
0.25,1.0,0.001,6,1e-06,1,3653,6000,2.737476047084588e-10,218,218,218,639,1,1,0.0,4069,5.121999705889165e-271,3.897091132638574e-12,5.9487061771603405e-227,3.897091132638574e-12,7.794182265277147e-12,2.847214781505742e-08,43206,True,b=b_min
0.25,1.0,0.001,6,1e-06,1,3653,6000,2.737476047084588e-10,2880,218,218,4368,1,7200,12.0,9349,0.0,3.897091132638574e-12,0.0,3.897091132638574e-12,7.794182265277147e-12,2.847214781505742e-08,86400,True,controle a posteriori 7200/2880
0.25,1.0,0.001,6,1e-06,256,3653,6000,1.0693265808924171e-12,271,271,271,790,1,1,0.0,3999,5.121999705889165e-271,1.6361062820186597e-14,2.726149987502843e-222,1.6361062820186597e-14,3.2722125640373195e-14,3.060068479085652e-08,43206,True,b=b_min
0.25,1.0,0.001,6,1e-06,256,3653,6000,1.0693265808924171e-12,2880,271,271,4458,1,7200,12.0,9267,0.0,1.6361062820186597e-14,0.0,1.6361062820186597e-14,3.2722125640373195e-14,3.060068479085652e-08,86400,True,controle a posteriori 7200/2880
0.25,1.0,0.001,6,1e-09,1,3653,6000,2.737476047084588e-13,284,284,284,827,1,1,0.0,3983,5.121999705889165e-271,5.475524193742794e-15,3.471604792696786e-221,5.475524193742794e-15,1.0951048387485589e-14,4.0004179759484855e-11,43206,True,b=b_min
0.25,1.0,0.001,6,1e-09,1,3653,6000,2.737476047084588e-13,2880,284,284,4480,1,7200,12.0,9248,0.0,5.475524193742794e-15,0.0,5.475524193742794e-15,1.0951048387485589e-14,4.0004179759484855e-11,86400,True,controle a posteriori 7200/2880
0.25,1.0,0.001,6,1e-09,256,3653,6000,1.0693265808924172e-15,338,338,338,979,1,1,0.0,3916,5.121999705889165e-271,2.2987759910716413e-17,1.2307388538626812e-216,2.2987759910716413e-17,4.5975519821432826e-17,4.299483492036969e-11,43206,True,b=b_min
0.25,1.0,0.001,6,1e-09,256,3653,6000,1.0693265808924172e-15,2880,338,338,4568,1,7200,12.0,9170,0.0,2.2987759910716413e-17,0.0,2.2987759910716413e-17,4.5975519821432826e-17,4.299483492036969e-11,86400,True,controle a posteriori 7200/2880
0.25,1.0,0.001,8,1e-06,1,2740,4500,3.6496350364963504e-10,215,215,215,631,1,1,0.0,2980,1.4897142210836755e-203,3.897091132638574e-12,1.0957019458249776e-165,3.897091132638574e-12,7.794182265277147e-12,2.1356059406859384e-08,43208,True,b=b_min
0.25,1.0,0.001,8,1e-06,1,2740,4500,3.6496350364963504e-10,2880,215,215,4363,1,7200,16.0,8250,0.0,3.897091132638574e-12,3.5758564418362554e-278,3.897091132638574e-12,7.794182265277147e-12,2.1356059406859384e-08,100800,True,controle a posteriori 7200/2880
0.25,1.0,0.001,8,1e-06,256,2740,4500,1.4256386861313869e-12,268,268,268,782,1,1,0.0,2914,1.4897142210836755e-203,1.6361062820186597e-14,3.039458698113101e-161,1.6361062820186597e-14,3.2722125640373195e-14,2.2952607809183374e-08,43208,True,b=b_min
0.25,1.0,0.001,8,1e-06,256,2740,4500,1.4256386861313869e-12,2880,268,268,4454,1,7200,16.0,8170,0.0,1.6361062820186597e-14,7.163961458732275e-278,1.6361062820186597e-14,3.2722125640373195e-14,2.2952607809183374e-08,100800,True,controle a posteriori 7200/2880
0.25,1.0,0.001,8,1e-09,1,2740,4500,3.6496350364963506e-13,282,282,282,820,1,1,0.0,2898,1.4897142210836755e-203,5.475524193742794e-15,4.0450231680510124e-160,5.475524193742794e-15,1.0951048387485589e-14,3.000587258171051e-11,43208,True,b=b_min
0.25,1.0,0.001,8,1e-09,1,2740,4500,3.6496350364963506e-13,2880,282,282,4476,1,7200,16.0,8151,0.0,5.475524193742794e-15,8.2106770108176e-278,5.475524193742794e-15,1.0951048387485589e-14,3.000587258171051e-11,100800,True,controle a posteriori 7200/2880
0.25,1.0,0.001,8,1e-09,256,2740,4500,1.425638686131387e-15,335,335,335,971,1,1,0.0,2835,1.4897142210836755e-203,2.2987759910716413e-17,7.428964735824485e-156,2.2987759910716413e-17,4.5975519821432826e-17,3.224906862354584e-11,43208,True,b=b_min
0.25,1.0,0.001,8,1e-09,256,2740,4500,1.425638686131387e-15,2880,335,335,4564,64,7200,16.0,8074,0.0,2.2987759910716413e-17,1.6437923768137915e-277,2.2987759910716413e-17,4.5975519821432826e-17,3.224906862354584e-11,100800,True,controle a posteriori 7200/2880
0.25,1.0,0.001,10,1e-06,1,2192,3600,4.5620437956204375e-10,213,213,213,626,1,1,0.0,2330,4.4802372472121654e-163,3.897091132638574e-12,4.2375288761854807e-129,3.897091132638574e-12,7.794182265277147e-12,1.7084847525487506e-08,43210,True,b=b_min
0.25,1.0,0.001,10,1e-06,1,2192,3600,4.5620437956204375e-10,2880,213,213,4360,760,7200,20.0,7592,0.0,3.897091132638574e-12,1.8537591305756537e-243,3.897091132638574e-12,7.794182265277147e-12,1.7084847525487506e-08,115200,True,controle a posteriori 7200/2880
0.25,1.0,0.001,10,1e-06,256,2192,3600,1.7820483576642334e-12,266,266,266,776,1,1,0.0,2266,4.4802372472121654e-163,1.6361062820186597e-14,8.196950535779562e-125,1.6361062820186597e-14,3.2722125640373195e-14,1.83620862473467e-08,43210,True,b=b_min
0.25,1.0,0.001,10,1e-06,256,2192,3600,1.7820483576642334e-12,2880,266,266,4450,850,7200,20.0,7513,0.0,1.6361062820186597e-14,3.685053896088755e-243,1.6361062820186597e-14,3.2722125640373195e-14,1.83620862473467e-08,115200,True,controle a posteriori 7200/2880
0.25,1.0,0.001,10,1e-09,1,2192,3600,4.562043795620439e-13,279,279,279,813,1,1,0.0,2251,4.4802372472121654e-163,5.475524193742794e-15,8.406615518982516e-124,5.475524193742794e-15,1.0951048387485589e-14,2.400469806536841e-11,43210,True,b=b_min
0.25,1.0,0.001,10,1e-09,1,2192,3600,4.562043795620439e-13,2880,279,279,4472,872,7200,20.0,7494,0.0,5.475524193742794e-15,4.20824254579387e-243,5.475524193742794e-15,1.0951048387485589e-14,2.400469806536841e-11,115200,True,controle a posteriori 7200/2880
0.25,1.0,0.001,10,1e-09,256,2192,3600,1.782048357664234e-15,333,333,333,966,1,1,0.0,2190,4.4802372472121654e-163,2.2987759910716413e-17,1.2887401258563732e-119,2.2987759910716413e-17,4.5975519821432826e-17,2.5799254898836674e-11,43210,True,b=b_min
0.25,1.0,0.001,10,1e-09,256,2192,3600,1.782048357664234e-15,2880,333,333,4560,960,7200,20.0,7419,0.0,2.2987759910716413e-17,8.331452794784955e-243,2.2987759910716413e-17,4.5975519821432826e-17,2.5799254898836674e-11,115200,True,controle a posteriori 7200/2880
0.25,1.0,0.001,12,1e-06,1,1827,3000,5.473453749315818e-10,211,211,211,619,1,1,0.0,1899,4.332777407127579e-136,1.1644648179977873e-11,6.4207345477731745e-105,1.1644648179977873e-11,2.3289296359955746e-11,4.254954444963915e-08,43212,True,b=b_min
0.25,1.0,0.001,12,1e-06,1,1827,3000,5.473453749315818e-10,2880,211,211,4356,1356,7200,24.0,7154,0.0,1.1644648179977873e-11,1.6821806477180475e-220,1.1644648179977873e-11,2.3289296359955746e-11,4.254954444963915e-08,129600,True,controle a posteriori 7200/2880
0.25,1.0,0.001,12,1e-06,256,1827,3000,2.1380678708264913e-12,265,265,265,772,1,1,0.0,1837,4.332777407127579e-136,4.888744294326943e-14,1.0974815979457488e-100,4.888744294326943e-14,9.777488588653886e-14,4.573048742776486e-08,43212,True,b=b_min
0.25,1.0,0.001,12,1e-06,256,1827,3000,2.1380678708264913e-12,2880,265,265,4447,1447,7200,24.0,7076,0.0,4.888744294326943e-14,3.303727538606368e-220,4.888744294326943e-14,9.777488588653886e-14,4.573048742776486e-08,129600,True,controle a posteriori 7200/2880
0.25,1.0,0.001,12,1e-09,1,1827,3000,5.473453749315818e-13,278,278,278,810,1,1,0.0,1822,4.332777407127579e-136,5.475524193742794e-15,1.23471001384147e-99,5.475524193742794e-15,1.0951048387485589e-14,2.000756540393617e-11,43212,True,b=b_min
0.25,1.0,0.001,12,1e-09,1,1827,3000,5.473453749315818e-13,2880,278,278,4469,1469,7200,24.0,7057,0.0,5.475524193742794e-15,4.334117501188869e-220,5.475524193742794e-15,1.0951048387485589e-14,2.000756540393617e-11,129600,True,controle a posteriori 7200/2880
0.25,1.0,0.001,12,1e-09,256,1827,3000,2.1380678708264916e-15,331,331,331,961,1,1,0.0,1762,4.332777407127579e-136,2.2987759910716413e-17,1.2220709978285902e-95,2.2987759910716413e-17,4.5975519821432826e-17,2.150330232672199e-11,43212,True,b=b_min
0.25,1.0,0.001,12,1e-09,256,1827,3000,2.1380678708264916e-15,2880,331,331,4557,1557,7200,24.0,6982,0.0,2.2987759910716413e-17,8.479498506213852e-220,2.2987759910716413e-17,4.5975519821432826e-17,2.150330232672199e-11,129600,True,controle a posteriori 7200/2880
0.25,1.0,0.01,6,1e-06,1,3653,6000,2.737476047084588e-10,233,233,233,685,1,1,0.0,4015,2.442283484617854e-253,3.1770158733310595e-12,1.8097337967284946e-211,3.1770158733310595e-12,6.354031746662119e-12,2.321127797055672e-08,43206,True,b=b_min
0.25,1.0,0.01,6,1e-06,1,3653,6000,2.737476047084588e-10,2880,233,233,4427,1,7200,12.0,9246,0.0,3.1770158733310595e-12,1.907060064e-314,3.1770158733310595e-12,6.354031746662119e-12,2.321127797055672e-08,86400,True,controle a posteriori 7200/2880
0.25,1.0,0.01,6,1e-06,256,3653,6000,1.0693265808924171e-12,290,290,290,846,1,1,0.0,3943,2.442283484617854e-253,1.5937612436273642e-14,7.832691214769034e-207,1.5937612436273642e-14,3.1875224872547284e-14,2.98086902936103e-08,43206,True,b=b_min
0.25,1.0,0.01,6,1e-06,256,3653,6000,1.0693265808924171e-12,2880,290,290,4522,1,7200,12.0,9161,0.0,1.5937612436273642e-14,3.720896479e-314,1.5937612436273642e-14,3.1875224872547284e-14,2.98086902936103e-08,86400,True,controle a posteriori 7200/2880
0.25,1.0,0.01,6,1e-09,1,3653,6000,2.737476047084588e-13,304,304,304,886,1,1,0.0,3925,2.442283484617854e-253,5.527185457697593e-15,9.814612691251738e-206,5.527185457697593e-15,1.1054370915395187e-14,4.038161695393862e-11,43206,True,b=b_min
0.25,1.0,0.01,6,1e-09,1,3653,6000,2.737476047084588e-13,2880,304,304,4545,1,7200,12.0,9140,0.0,5.527185457697593e-15,4.259190848e-314,5.527185457697593e-15,1.1054370915395187e-14,4.038161695393862e-11,86400,True,controle a posteriori 7200/2880
0.25,1.0,0.01,6,1e-09,256,3653,6000,1.0693265808924172e-15,361,361,361,1049,1,1,0.0,3856,2.442283484617854e-253,9.615872347453118e-18,3.29304564484956e-201,9.615872347453118e-18,1.9231744694906236e-17,1.7984912222846077e-11,43206,True,b=b_min
0.25,1.0,0.01,6,1e-09,256,3653,6000,1.0693265808924172e-15,2880,361,361,4638,1,7200,12.0,9059,0.0,9.615872347453118e-18,9.531321267e-314,9.615872347453118e-18,1.9231744694906236e-17,1.7984912222846077e-11,86400,True,controle a posteriori 7200/2880
0.25,1.0,0.01,8,1e-06,1,2740,4500,3.6496350364963504e-10,230,230,230,676,1,1,0.0,2937,2.6917666276540576e-190,3.1770158733310595e-12,4.3010040111511865e-154,3.1770158733310595e-12,6.354031746662119e-12,1.7410046985854206e-08,43208,True,b=b_min
0.25,1.0,0.01,8,1e-06,1,2740,4500,3.6496350364963504e-10,2880,230,230,4422,1,7200,16.0,8157,0.0,3.1770158733310595e-12,8.465404613690455e-260,3.1770158733310595e-12,6.354031746662119e-12,1.7410046985854206e-08,100800,True,controle a posteriori 7200/2880
0.25,1.0,0.01,8,1e-06,256,2740,4500,1.4256386861313869e-12,287,287,287,838,1,1,0.0,2868,2.6917666276540576e-190,1.5937612436273642e-14,1.1369437351124593e-149,1.5937612436273642e-14,3.1875224872547284e-14,2.2358557734599567e-08,43208,True,b=b_min
0.25,1.0,0.01,8,1e-06,256,2740,4500,1.4256386861313869e-12,2880,287,287,4517,17,7200,16.0,8074,0.0,1.5937612436273642e-14,1.626974812811722e-259,1.5937612436273642e-14,3.1875224872547284e-14,2.2358557734599567e-08,100800,True,controle a posteriori 7200/2880
0.25,1.0,0.01,8,1e-09,1,2740,4500,3.6496350364963506e-13,301,301,301,878,1,1,0.0,2852,2.6917666276540576e-190,5.527185457697593e-15,1.2677789220958897e-148,5.527185457697593e-15,1.1054370915395187e-14,3.028897630818281e-11,43208,True,b=b_min
0.25,1.0,0.01,8,1e-09,1,2740,4500,3.6496350364963506e-13,2880,301,301,4540,40,7200,16.0,8054,0.0,5.527185457697593e-15,1.85662846916679e-259,5.527185457697593e-15,1.1054370915395187e-14,3.028897630818281e-11,100800,True,controle a posteriori 7200/2880
0.25,1.0,0.01,8,1e-09,256,2740,4500,1.425638686131387e-15,359,359,359,1041,1,1,0.0,2786,2.6917666276540576e-190,2.7727321234889087e-17,2.646225651668201e-144,2.7727321234889087e-17,5.5454642469778174e-17,3.88981044140012e-11,43208,True,b=b_min
0.25,1.0,0.01,8,1e-09,256,2740,4500,1.425638686131387e-15,2880,359,359,4633,133,7200,16.0,7975,0.0,2.7727321234889087e-17,3.5619037609884364e-259,2.7727321234889087e-17,5.5454642469778174e-17,3.88981044140012e-11,100800,True,controle a posteriori 7200/2880
0.25,1.0,0.01,10,1e-06,1,2192,3600,4.5620437956204375e-10,227,227,227,668,1,1,0.0,2293,1.800454719470043e-152,9.160909848342956e-12,5.725397904247262e-120,9.160909848342956e-12,1.8321819696685912e-11,4.016142877513552e-08,43210,True,b=b_min
0.25,1.0,0.01,10,1e-06,1,2192,3600,4.5620437956204375e-10,2880,227,227,4418,818,7200,20.0,7505,0.0,9.160909848342956e-12,2.676485779166704e-227,9.160909848342956e-12,1.8321819696685912e-11,4.016142877513552e-08,115200,True,controle a posteriori 7200/2880
0.25,1.0,0.01,10,1e-06,256,2192,3600,1.7820483576642334e-12,285,285,285,832,1,1,0.0,2227,1.800454719470043e-152,1.5937612436273642e-14,1.4640759313780277e-115,1.5937612436273642e-14,3.1875224872547284e-14,1.7886846187679655e-08,43210,True,b=b_min
0.25,1.0,0.01,10,1e-06,256,2192,3600,1.7820483576642334e-12,2880,285,285,4514,914,7200,20.0,7423,0.0,1.5937612436273642e-14,5.792611020845617e-227,1.5937612436273642e-14,3.1875224872547284e-14,1.7886846187679655e-08,115200,True,controle a posteriori 7200/2880
0.25,1.0,0.01,10,1e-09,1,2192,3600,4.562043795620439e-13,299,299,299,872,1,1,0.0,2211,1.800454719470043e-152,5.527185457697593e-15,1.4995912404740561e-114,5.527185457697593e-15,1.1054370915395187e-14,2.4231181046546248e-11,43210,True,b=b_min
0.25,1.0,0.01,10,1e-09,1,2192,3600,4.562043795620439e-13,2880,299,299,4537,937,7200,20.0,7403,0.0,5.527185457697593e-15,6.591286470080694e-227,5.527185457697593e-15,1.1054370915395187e-14,2.4231181046546248e-11,115200,True,controle a posteriori 7200/2880
0.25,1.0,0.01,10,1e-09,256,2192,3600,1.782048357664234e-15,356,356,356,1034,1,1,0.0,2147,1.800454719470043e-152,2.7727321234889087e-17,1.8656639914787104e-110,2.7727321234889087e-17,5.5454642469778174e-17,3.111848353120096e-11,43210,True,b=b_min
0.25,1.0,0.01,10,1e-09,256,2192,3600,1.782048357664234e-15,2880,356,356,4629,1029,7200,20.0,7326,0.0,2.7727321234889087e-17,1.2532487503138297e-226,2.7727321234889087e-17,5.5454642469778174e-17,3.111848353120096e-11,115200,True,controle a posteriori 7200/2880
0.25,1.0,0.01,12,1e-06,1,1827,3000,5.473453749315818e-10,226,226,226,664,1,1,0.0,1866,2.9667348706189344e-127,9.160909848342956e-12,3.4273618565512366e-97,9.160909848342956e-12,1.8321819696685912e-11,3.3473964585845164e-08,43212,True,b=b_min
0.25,1.0,0.01,12,1e-06,1,1827,3000,5.473453749315818e-10,2880,226,226,4414,1414,7200,24.0,7071,0.0,9.160909848342956e-12,1.0266829251076375e-205,9.160909848342956e-12,1.8321819696685912e-11,3.3473964585845164e-08,129600,True,controle a posteriori 7200/2880
0.25,1.0,0.01,12,1e-06,256,1827,3000,2.1380678708264913e-12,283,283,283,826,1,1,0.0,1802,2.9667348706189344e-127,4.595602809294438e-14,4.759881685655102e-93,4.595602809294438e-14,9.191205618588875e-14,4.29883716228144e-08,43212,True,b=b_min
0.25,1.0,0.01,12,1e-06,256,1827,3000,2.1380678708264913e-12,2880,283,283,4510,1510,7200,24.0,6990,0.0,4.595602809294438e-14,1.950964713865157e-205,4.595602809294438e-14,9.191205618588875e-14,4.29883716228144e-08,129600,True,controle a posteriori 7200/2880
0.25,1.0,0.01,12,1e-09,1,1827,3000,5.473453749315818e-13,297,297,297,867,1,1,0.0,1786,2.9667348706189344e-127,5.527185457697593e-15,5.3002366962294174e-92,5.527185457697593e-15,1.1054370915395187e-14,2.0196335662427007e-11,43212,True,b=b_min
0.25,1.0,0.01,12,1e-09,1,1827,3000,5.473453749315818e-13,2880,297,297,4534,1534,7200,24.0,6971,0.0,5.527185457697593e-15,2.50226573153698e-205,5.527185457697593e-15,1.1054370915395187e-14,2.0196335662427007e-11,129600,True,controle a posteriori 7200/2880
0.25,1.0,0.01,12,1e-09,256,1827,3000,2.1380678708264916e-15,354,354,354,1028,1,1,0.0,1724,2.9667348706189344e-127,2.7727321234889087e-17,5.10596624853666e-88,2.7727321234889087e-17,5.5454642469778174e-17,2.593680173882489e-11,43212,True,b=b_min
0.25,1.0,0.01,12,1e-09,256,1827,3000,2.1380678708264916e-15,2880,354,354,4626,1626,7200,24.0,6894,0.0,2.7727321234889087e-17,4.741960602412425e-205,2.7727321234889087e-17,5.5454642469778174e-17,2.593680173882489e-11,129600,True,controle a posteriori 7200/2880
0.3,0.7,0.0,6,1e-06,1,3653,6000,2.737476047084588e-10,1134,1134,1439,4462,1,1,0.0,1842,2.511492479769159e-42,5.093710503992614e-12,3.6611333304626555e-20,5.093710503992614e-12,1.018742104459656e-11,3.7214649075911235e-08,43206,True,b=b_min
0.3,0.7,0.0,6,1e-06,1,3653,6000,2.737476047084588e-10,2880,1134,1439,8228,2228,7200,12.0,5222,6.307722728534841e-92,5.093710503992614e-12,9.068316638977261e-41,5.093710503992614e-12,1.0187421007985228e-11,3.721464894217004e-08,86400,True,controle a posteriori 7200/2880
0.3,0.7,0.0,6,1e-06,256,3653,6000,1.0693265808924171e-12,1410,1410,1788,5485,1,1,0.0,1646,2.511492479769159e-42,2.307869141422234e-14,3.4378559352679853e-16,2.307869141422234e-14,4.6501168421971476e-14,4.348640467083822e-08,43206,True,b=b_min
0.3,0.7,0.0,6,1e-06,256,3653,6000,1.0693265808924171e-12,2880,1410,1788,8665,2665,7200,12.0,5007,6.307722728534841e-92,2.307869141422234e-14,1.2874879114312548e-40,2.307869141422234e-14,4.615738282844468e-14,4.316490738491095e-08,86400,True,controle a posteriori 7200/2880
0.3,0.7,0.0,6,1e-09,1,3653,6000,2.737476047084588e-13,1478,1478,1874,5737,1,1,0.0,1599,2.511492479769159e-42,5.296472287771279e-15,3.1461704730647707e-15,5.296472287771279e-15,1.3739115048607329e-14,5.018898727256257e-11,43206,True,b=b_min
0.3,0.7,0.0,6,1e-09,1,3653,6000,2.737476047084588e-13,2880,1478,1874,8772,2772,7200,12.0,4955,6.307722728534841e-92,5.296472287771279e-15,1.416581208488517e-40,5.296472287771279e-15,1.0592944575542558e-14,3.869602653445696e-11,86400,True,controle a posteriori 7200/2880
0.3,0.7,0.0,6,1e-09,256,3653,6000,1.0693265808924172e-15,1753,1753,2224,6758,758,758,1.26,1753,1.528665161899694e-47,2.399736879778333e-17,5.039923068787286e-16,2.399736879778333e-17,5.519870444742953e-16,5.162006204069377e-10,47748,True,b=b_min
0.3,0.7,0.0,6,1e-09,256,3653,6000,1.0693265808924172e-15,2880,1753,2224,9204,3204,7200,12.0,4745,6.307722728534841e-92,2.399736879778333e-17,2.0106881857033076e-40,2.399736879778333e-17,4.799473759556666e-17,4.488314276777088e-11,86400,True,controle a posteriori 7200/2880
0.3,0.7,0.0,8,1e-06,1,2740,4500,3.6496350364963504e-10,1120,1120,1421,4409,1,1,0.0,1162,5.428913890300662e-32,8.31972715652127e-12,4.722213249404739e-11,8.31972715652127e-12,6.386158680708993e-11,1.749807478514264e-07,43208,True,b=b_min
0.3,0.7,0.0,8,1e-06,1,2740,4500,3.6496350364963504e-10,2880,1120,1421,8205,3705,7200,16.0,4524,1.3634953643283654e-81,8.31972715652127e-12,1.6902361583809883e-31,8.31972715652127e-12,1.663945431304254e-11,4.559210481773656e-08,100800,True,controle a posteriori 7200/2880
0.3,0.7,0.0,8,1e-06,256,2740,4500,1.4256386861313869e-12,1396,1396,1770,5433,933,933,2.07,1396,2.057638043819366e-38,2.307869141422234e-14,6.82594410929985e-13,2.307869141422234e-14,7.287517937584298e-13,5.11175658213913e-07,50664,True,b=b_min
0.3,0.7,0.0,8,1e-06,256,2740,4500,1.4256386861313869e-12,2880,1396,1770,8643,4143,7200,16.0,4311,1.3634953643283654e-81,2.307869141422234e-14,2.458042078174907e-31,2.307869141422234e-14,4.615738282844468e-14,3.2376634611184235e-08,100800,True,controle a posteriori 7200/2880
0.3,0.7,0.0,8,1e-09,1,2740,4500,3.6496350364963506e-13,1463,1463,1856,5682,1182,1182,2.63,1463,3.960913180757328e-40,8.650904736693088e-15,1.7215838350280968e-13,8.650904736693088e-15,1.8946019297619588e-13,5.191209287547767e-10,52656,True,b=b_min
0.3,0.7,0.0,8,1e-09,1,2740,4500,3.6496350364963506e-13,2880,1463,1856,8750,4250,7200,16.0,4260,1.3634953643283654e-81,8.650904736693088e-15,2.6161246609390057e-31,8.650904736693088e-15,1.7301809473386176e-14,4.7406957957078124e-11,100800,True,controle a posteriori 7200/2880
0.3,0.7,0.0,8,1e-09,256,2740,4500,1.425638686131387e-15,1739,1739,2206,6706,2206,2206,4.9,1739,3.4880666804758793e-47,2.399736879778333e-17,6.804232248433919e-16,2.399736879778333e-17,7.284179624389586e-16,5.109414955731832e-10,60848,True,b=b_min
0.3,0.7,0.0,8,1e-09,256,2740,4500,1.425638686131387e-15,2880,1739,2206,9182,4682,7200,16.0,4053,1.3634953643283654e-81,2.399736879778333e-17,3.802812321537336e-31,2.399736879778333e-17,4.7994737595567037e-17,3.366542873903454e-11,100800,True,controle a posteriori 7200/2880
0.3,0.7,0.0,10,1e-06,1,2192,3600,4.5620437956204375e-10,1109,1109,1407,4368,768,768,2.13,1109,4.477788138124754e-31,8.31972715652127e-12,2.1924532366164103e-10,8.31972715652127e-12,2.358847779746836e-10,5.170594333205065e-07,50880,True,b=b_min
0.3,0.7,0.0,10,1e-06,1,2192,3600,4.5620437956204375e-10,2880,1109,1407,8188,4588,7200,20.0,4108,2.1653211026665052e-75,8.31972715652127e-12,5.528205090903563e-26,8.31972715652127e-12,1.6639454313042595e-11,3.647368385418937e-08,115200,True,controle a posteriori 7200/2880
0.3,0.7,0.0,10,1e-06,256,2192,3600,1.7820483576642334e-12,1385,1385,1756,5391,1791,1791,4.97,1385,4.006294317238822e-38,3.769519597656315e-14,8.516007169147556e-13,3.769519597656315e-14,9.26991108867882e-13,5.201829147234296e-07,61110,True,b=b_min
0.3,0.7,0.0,10,1e-06,256,2192,3600,1.7820483576642334e-12,2880,1385,1756,8625,5025,7200,20.0,3897,2.1653211026665052e-75,3.769519597656315e-14,7.749395554432529e-26,3.769519597656315e-14,7.539039195320379e-14,4.230546922532421e-08,115200,True,controle a posteriori 7200/2880
0.3,0.7,0.0,10,1e-09,1,2192,3600,4.562043795620439e-13,1452,1452,1842,5641,2041,2041,5.67,1452,7.590656507221166e-40,8.650904736693088e-15,2.1840334567862203e-13,8.650904736693088e-15,2.357051551520082e-13,5.16665700093202e-10,63610,True,b=b_min
0.3,0.7,0.0,10,1e-09,1,2192,3600,4.562043795620439e-13,2880,1452,1842,8732,5132,7200,20.0,3846,2.1653211026665052e-75,8.650904736693088e-15,8.497821940215181e-26,8.650904736693088e-15,1.7301809473471156e-14,3.7925566365848774e-11,115200,True,controle a posteriori 7200/2880
0.3,0.7,0.0,10,1e-09,256,2192,3600,1.782048357664234e-15,1728,1728,2192,6664,3064,3064,8.51,1728,6.79138965286732e-47,3.919570236971277e-17,8.488477623431164e-16,3.919570236971277e-17,9.27239167082542e-16,5.203221130867025e-10,73840,True,b=b_min
0.3,0.7,0.0,10,1e-09,256,2192,3600,1.782048357664234e-15,2880,1728,2192,9164,5564,7200,20.0,3641,2.1653211026665052e-75,3.919570236971277e-17,1.1908654267451147e-25,3.919570236971277e-17,7.839140485851209e-17,4.398949361916377e-11,115200,True,controle a posteriori 7200/2880
0.3,0.7,0.0,12,1e-06,1,1827,3000,5.473453749315818e-10,1100,1100,1395,4334,1334,1334,4.45,1100,7.679245981940459e-31,1.358888768898474e-11,2.5999693663365604e-10,1.358888768898474e-11,2.871747120116255e-10,5.246681988452398e-07,59208,True,b=b_min
0.3,0.7,0.0,12,1e-06,1,1827,3000,5.473453749315818e-10,2880,1100,1395,8173,5173,7200,24.0,3832,2.9473705306269517e-71,1.358888768898474e-11,2.373026455062344e-22,1.358888768898474e-11,2.7177775378206782e-11,4.965379561598379e-08,129600,True,controle a posteriori 7200/2880
0.3,0.7,0.0,12,1e-06,256,1827,3000,2.1380678708264913e-12,1376,1376,1745,5358,2358,2358,7.86,1376,6.762511779080033e-38,3.769519597656315e-14,1.0268026501184952e-12,3.769519597656315e-14,1.1021930420716216e-12,5.155089120934022e-07,71496,True,b=b_min
0.3,0.7,0.0,12,1e-06,256,1827,3000,2.1380678708264913e-12,2880,1376,1745,8611,5611,7200,24.0,3622,2.9473705306269517e-71,3.769519597656315e-14,3.41500228714809e-22,3.769519597656315e-14,7.539039229462652e-14,3.526099116090436e-08,129600,True,controle a posteriori 7200/2880
0.3,0.7,0.0,12,1e-09,1,1827,3000,5.473453749315818e-13,1443,1443,1831,5608,2608,2608,8.69,1443,1.2812814031199808e-39,8.650904736693088e-15,2.6332668857831425e-13,8.650904736693088e-15,2.8062849805170045e-13,5.127082659404567e-10,74496,True,b=b_min
0.3,0.7,0.0,12,1e-09,1,1827,3000,5.473453749315818e-13,2880,1443,1831,8718,5718,7200,24.0,3572,2.9473705306269517e-71,8.650904736693088e-15,3.739916628967768e-22,8.650904736693088e-15,1.730180984737784e-14,3.161040659115931e-11,129600,True,controle a posteriori 7200/2880
0.3,0.7,0.0,12,1e-09,256,1827,3000,2.1380678708264916e-15,1719,1719,2180,6631,3631,3631,12.1,1719,1.1463674130534362e-46,3.919570236971277e-17,1.0233623273684017e-15,3.919570236971277e-17,1.1017537321078274e-15,5.153034415516162e-10,86772,True,b=b_min
0.3,0.7,0.0,12,1e-09,256,1827,3000,2.1380678708264916e-15,2880,1719,2180,9150,6150,7200,24.0,3368,2.9473705306269517e-71,3.919570236971277e-17,5.219573249647918e-22,3.919570236971277e-17,7.839192669675051e-17,3.6664844819190575e-11,129600,True,controle a posteriori 7200/2880
0.3,0.7,1e-06,6,1e-06,1,3653,6000,2.737476047084588e-10,1134,1134,1439,4462,1,1,0.0,1842,2.5138326227536593e-42,5.094421465575639e-12,3.662970291105198e-20,5.094421465575639e-12,1.0188842967780981e-11,3.721984336130392e-08,43206,True,b=b_min
0.3,0.7,1e-06,6,1e-06,1,3653,6000,2.737476047084588e-10,2880,1134,1439,8228,2228,7200,12.0,5222,6.32039790538411e-92,5.094421465575639e-12,9.077076146902454e-41,5.094421465575639e-12,1.0188842931151278e-11,3.721984322749562e-08,86400,True,controle a posteriori 7200/2880
0.3,0.7,1e-06,6,1e-06,256,3653,6000,1.0693265808924171e-12,1410,1410,1788,5485,1,1,0.0,1646,2.5138326227536593e-42,2.308258126955972e-14,3.43931294276892e-16,2.308258126955972e-14,4.650909383339633e-14,4.349381626198958e-08,43206,True,b=b_min
0.3,0.7,1e-06,6,1e-06,256,3653,6000,1.0693265808924171e-12,2880,1410,1788,8665,2665,7200,12.0,5007,6.32039790538411e-92,2.308258126955972e-14,1.2887280119196377e-40,2.308258126955972e-14,4.616516253911944e-14,4.317218272138325e-08,86400,True,controle a posteriori 7200/2880
0.3,0.7,1e-06,6,1e-09,1,3653,6000,2.737476047084588e-13,1478,1478,1874,5737,1,1,0.0,1599,2.5138326227536593e-42,5.297406844177055e-15,3.147446309998905e-15,5.297406844177055e-15,1.3742259998353015e-14,5.020047577398356e-11,43206,True,b=b_min
0.3,0.7,1e-06,6,1e-09,1,3653,6000,2.737476047084588e-13,2880,1478,1874,8772,2772,7200,12.0,4955,6.32039790538411e-92,5.297406844177055e-15,1.4179445804303155e-40,5.297406844177055e-15,1.059481368835411e-14,3.870285440355756e-11,86400,True,controle a posteriori 7200/2880
0.3,0.7,1e-06,6,1e-09,256,3653,6000,1.0693265808924172e-15,1753,1753,2224,6758,758,758,1.26,1753,1.530262682348585e-47,2.4002298362022563e-17,5.042081640248265e-16,2.4002298362022563e-17,5.522127607488717e-16,5.164117030440009e-10,47748,True,b=b_min
0.3,0.7,1e-06,6,1e-09,256,3653,6000,1.0693265808924172e-15,2880,1753,2224,9204,3204,7200,12.0,4745,6.32039790538411e-92,2.4002298362022563e-17,2.012617739031524e-40,2.4002298362022563e-17,4.8004596724045126e-17,4.489236270923183e-11,86400,True,controle a posteriori 7200/2880
0.3,0.7,1e-06,8,1e-06,1,2740,4500,3.6496350364963504e-10,1120,1120,1421,4409,1,1,0.0,1162,5.432754133869929e-32,8.32086648213656e-12,4.72374345429139e-11,8.32086648213656e-12,6.387916750718703e-11,1.7502891896969244e-07,43208,True,b=b_min
0.3,0.7,1e-06,8,1e-06,1,2740,4500,3.6496350364963504e-10,2880,1120,1421,8205,3705,7200,16.0,4524,1.3659289619117657e-81,8.32086648213656e-12,1.6915408604713087e-31,8.32086648213656e-12,1.664173296427312e-11,4.559834832210835e-08,100800,True,controle a posteriori 7200/2880
0.3,0.7,1e-06,8,1e-06,256,2740,4500,1.4256386861313869e-12,1396,1396,1770,5433,933,933,2.07,1396,2.0593804376389456e-38,2.308258126955972e-14,6.828365717809746e-13,2.308258126955972e-14,7.290017343200941e-13,5.113509765214868e-07,50664,True,b=b_min
0.3,0.7,1e-06,8,1e-06,256,2740,4500,1.4256386861313869e-12,2880,1396,1770,8643,4143,7200,16.0,4311,1.3659289619117657e-81,2.308258126955972e-14,2.4599367972059336e-31,2.308258126955972e-14,4.616516253911944e-14,3.238209161143994e-08,100800,True,controle a posteriori 7200/2880
0.3,0.7,1e-06,8,1e-09,1,2740,4500,3.6496350364963506e-13,1463,1463,1856,5682,1182,1182,2.63,1463,3.964414810704158e-40,8.652408394124299e-15,1.722218898267798e-13,8.652408394124299e-15,1.8952670661502838e-13,5.193031761251777e-10,52656,True,b=b_min
0.3,0.7,1e-06,8,1e-09,1,2740,4500,3.6496350364963506e-13,2880,1463,1856,8750,4250,7200,16.0,4260,1.3659289619117657e-81,8.652408394124299e-15,2.6181391659894746e-31,8.652408394124299e-15,1.7304816788248598e-14,4.7415197999801157e-11,100800,True,controle a posteriori 7200/2880
0.3,0.7,1e-06,8,1e-09,256,2740,4500,1.425638686131387e-15,1739,1739,2206,6706,2206,2206,4.9,1739,3.491684718280032e-47,2.4002298362022563e-17,6.807124845575749e-16,2.4002298362022563e-17,7.287170812816201e-16,5.111513094941796e-10,60848,True,b=b_min
0.3,0.7,1e-06,8,1e-09,256,2740,4500,1.425638686131387e-15,2880,1739,2206,9182,4682,7200,16.0,4053,1.3659289619117657e-81,2.4002298362022563e-17,3.805722536457625e-31,2.4002298362022563e-17,4.800459672404551e-17,3.3672344326114484e-11,100800,True,controle a posteriori 7200/2880
0.3,0.7,1e-06,10,1e-06,1,2192,3600,4.5620437956204375e-10,1109,1109,1407,4368,768,768,2.13,1109,4.480866500305923e-31,8.32086648213656e-12,2.1931291050539795e-10,8.32086648213656e-12,2.3595464346967105e-10,5.17212578485519e-07,50880,True,b=b_min
0.3,0.7,1e-06,10,1e-06,1,2192,3600,4.5620437956204375e-10,2880,1109,1407,8188,4588,7200,20.0,4108,2.1688940099819642e-75,8.32086648213656e-12,5.531833487905734e-26,8.32086648213656e-12,1.6641732964273176e-11,3.64786786576868e-08,115200,True,controle a posteriori 7200/2880
0.3,0.7,1e-06,10,1e-06,256,2192,3600,1.7820483576642334e-12,1385,1385,1756,5391,1791,1791,4.97,1385,4.0096616463259373e-38,3.770145012636292e-14,8.519011194453027e-13,3.770145012636292e-14,9.273040196980285e-13,5.203585052615881e-07,61110,True,b=b_min
0.3,0.7,1e-06,10,1e-06,256,2192,3600,1.7820483576642334e-12,2880,1385,1756,8625,5025,7200,20.0,3897,2.1688940099819642e-75,3.770145012636292e-14,7.75446770209642e-26,3.770145012636292e-14,7.540290025280338e-14,4.231248828266113e-08,115200,True,controle a posteriori 7200/2880
0.3,0.7,1e-06,10,1e-09,1,2192,3600,4.562043795620439e-13,1452,1452,1842,5641,2041,2041,5.67,1452,7.597320435707637e-40,8.652408394124299e-15,2.1848339118495196e-13,8.652408394124299e-15,2.3578820797320056e-13,5.168477518772556e-10,63610,True,b=b_min
0.3,0.7,1e-06,10,1e-09,1,2192,3600,4.562043795620439e-13,2880,1452,1842,8732,5132,7200,20.0,3846,2.1688940099819642e-75,8.652408394124299e-15,8.503370871514113e-26,8.652408394124299e-15,1.7304816788333634e-14,3.7932158400027327e-11,115200,True,controle a posteriori 7200/2880
0.3,0.7,1e-06,10,1e-09,256,2192,3600,1.782048357664234e-15,1728,1728,2192,6664,3064,3064,8.51,1728,6.798391419120792e-47,3.920365075491995e-17,8.492066126048684e-16,3.920365075491995e-17,9.276139141147083e-16,5.205324031332968e-10,73840,True,b=b_min
0.3,0.7,1e-06,10,1e-09,256,2192,3600,1.782048357664234e-15,2880,1728,2192,9164,5564,7200,20.0,3641,2.1688940099819642e-75,3.920365075491995e-17,1.1916407999121402e-25,3.920365075491995e-17,7.840730162900398e-17,4.399841412371884e-11,115200,True,controle a posteriori 7200/2880
0.3,0.7,1e-06,12,1e-06,1,1827,3000,5.473453749315818e-10,1100,1100,1395,4334,1334,1334,4.45,1100,7.684486207258876e-31,1.359071279857689e-11,2.600765183346228e-10,1.359071279857689e-11,2.872579439317766e-10,5.248202635633559e-07,59208,True,b=b_min
0.3,0.7,1e-06,12,1e-06,1,1827,3000,5.473453749315818e-10,2880,1100,1395,8173,5173,7200,24.0,3832,2.951969095806422e-71,1.359071279857689e-11,2.3744118154257993e-22,1.359071279857689e-11,2.718142559739122e-11,4.966046456643376e-08,129600,True,controle a posteriori 7200/2880
0.3,0.7,1e-06,12,1e-06,256,1827,3000,2.1380678708264913e-12,1376,1376,1745,5358,2358,2358,7.86,1376,6.76816234902372e-38,3.770145012636292e-14,1.0271633565598746e-12,3.770145012636292e-14,1.1025662568126004e-12,5.15683469106335e-07,71496,True,b=b_min
0.3,0.7,1e-06,12,1e-06,256,1827,3000,2.1380678708264913e-12,2880,1376,1745,8611,5611,7200,24.0,3622,2.951969095806422e-71,3.770145012636292e-14,3.416984362304109e-22,3.770145012636292e-14,7.540290059442427e-14,3.526684144281936e-08,129600,True,controle a posteriori 7200/2880
0.3,0.7,1e-06,12,1e-09,1,1827,3000,5.473453749315818e-13,1443,1443,1831,5608,2608,2608,8.69,1443,1.2823999295187503e-39,8.652408394124299e-15,2.634226129729463e-13,8.652408394124299e-15,2.807274297611949e-13,5.128890141737031e-10,74496,True,b=b_min
0.3,0.7,1e-06,12,1e-09,1,1827,3000,5.473453749315818e-13,2880,1443,1831,8718,5718,7200,24.0,3572,2.951969095806422e-71,8.652408394124299e-15,3.7420802726750217e-22,8.652408394124299e-15,1.7304817162456623e-14,3.161590095580825e-11,129600,True,controle a posteriori 7200/2880
0.3,0.7,1e-06,12,1e-09,256,1827,3000,2.1380678708264916e-15,1719,1719,2180,6631,3631,3631,12.1,1719,1.147543630744507e-46,3.920365075491995e-17,1.0237925702468793e-15,3.920365075491995e-17,1.1021998717567193e-15,5.155121064190787e-10,86772,True,b=b_min
0.3,0.7,1e-06,12,1e-09,256,1827,3000,2.1380678708264916e-15,2880,1719,2180,9150,6150,7200,24.0,3368,2.951969095806422e-71,3.920365075491995e-17,5.222577945493959e-22,3.920365075491995e-17,7.840782376763445e-17,3.667228007000785e-11,129600,True,controle a posteriori 7200/2880
0.3,0.7,0.0001,6,1e-06,1,3653,6000,2.737476047084588e-10,1136,1136,1441,4468,1,1,0.0,1841,2.7928736946326137e-42,5.165297855482997e-12,4.126871232879469e-20,5.165297855482997e-12,1.0330595752234707e-11,3.773766628291339e-08,43206,True,b=b_min
0.3,0.7,0.0001,6,1e-06,1,3653,6000,2.737476047084588e-10,2880,1136,1441,8231,2231,7200,12.0,5221,7.965887685375347e-92,5.165297855482997e-12,1.0108667207143558e-40,5.165297855482997e-12,1.0330595710965994e-11,3.7737666132158775e-08,86400,True,controle a posteriori 7200/2880
0.3,0.7,0.0001,6,1e-06,256,3653,6000,1.0693265808924171e-12,1412,1412,1790,5492,1,1,0.0,1645,2.7928736946326137e-42,2.347092783682837e-14,3.830834241634361e-16,2.347092783682837e-14,4.7324939097820173e-14,4.42567686462303e-08,43206,True,b=b_min
0.3,0.7,0.0001,6,1e-06,256,3653,6000,1.0693265808924171e-12,2880,1412,1790,8669,2669,7200,12.0,5005,7.965887685375347e-92,2.347092783682837e-14,1.434695875632155e-40,2.347092783682837e-14,4.694185567365674e-14,4.389852128662222e-08,86400,True,controle a posteriori 7200/2880
0.3,0.7,0.0001,6,1e-09,1,3653,6000,2.737476047084588e-13,1479,1479,1876,5742,1,1,0.0,1597,2.7928736946326137e-42,5.390745934308178e-15,3.389366624742594e-15,5.390745934308178e-15,1.417085849335895e-14,5.1766146076240246e-11,43206,True,b=b_min
0.3,0.7,0.0001,6,1e-09,1,3653,6000,2.737476047084588e-13,2880,1479,1876,8775,2775,7200,12.0,4953,7.965887685375347e-92,5.390745934308178e-15,1.5784000827606359e-40,5.390745934308178e-15,1.0781491868616356e-14,3.938478979605555e-11,86400,True,controle a posteriori 7200/2880
0.3,0.7,0.0001,6,1e-09,256,3653,6000,1.0693265808924172e-15,1755,1755,2226,6765,765,765,1.27,1755,1.541932724810214e-47,2.4495355805380172e-17,5.085880054466864e-16,2.4495355805380172e-17,5.575787170574468e-16,5.214297736731784e-10,47790,True,b=b_min
0.3,0.7,0.0001,6,1e-09,256,3653,6000,1.0693265808924172e-15,2880,1755,2226,9207,3207,7200,12.0,4743,7.965887685375347e-92,2.4495355805380172e-17,2.239595788224231e-40,2.4495355805380172e-17,4.8990711610760344e-17,4.581454579561153e-11,86400,True,controle a posteriori 7200/2880
0.3,0.7,0.0001,8,1e-06,1,2740,4500,3.6496350364963504e-10,1121,1121,1422,4413,1,1,0.0,1161,5.879250739404114e-32,8.434431874766285e-12,5.031609479095264e-11,8.434431874766285e-12,6.71849585404852e-11,1.8408678640092946e-07,43208,True,b=b_min
0.3,0.7,0.0001,8,1e-06,1,2740,4500,3.6496350364963504e-10,2880,1121,1422,8208,3708,7200,16.0,4523,1.6768911230843354e-81,8.434431874766285e-12,1.841751945403932e-31,8.434431874766285e-12,1.686886374953257e-11,4.622068667371924e-08,100800,True,controle a posteriori 7200/2880
0.3,0.7,0.0001,8,1e-06,256,2740,4500,1.4256386861313869e-12,1397,1397,1772,5438,938,938,2.08,1397,2.0927574341814645e-38,2.347092783682837e-14,6.813730759579568e-13,2.347092783682837e-14,7.283149316316136e-13,5.10869225643679e-07,50704,True,b=b_min
0.3,0.7,0.0001,8,1e-06,256,2740,4500,1.4256386861313869e-12,2880,1397,1772,8646,4146,7200,16.0,4310,1.6768911230843354e-81,2.347092783682837e-14,2.677727221056918e-31,2.347092783682837e-14,4.694185567365674e-14,3.2926895243729784e-08,100800,True,controle a posteriori 7200/2880
0.3,0.7,0.0001,8,1e-09,1,2740,4500,3.6496350364963506e-13,1465,1465,1858,5689,1189,1189,2.64,1465,3.9200499274724675e-40,8.802566784959208e-15,1.7257354418341287e-13,8.802566784959208e-15,1.901786777533313e-13,5.210895770441278e-10,52712,True,b=b_min
0.3,0.7,0.0001,8,1e-09,1,2740,4500,3.6496350364963506e-13,2880,1465,1858,8753,4253,7200,16.0,4258,1.6768911230843354e-81,8.802566784959208e-15,2.8497132312421795e-31,8.802566784959208e-15,1.7605133569918417e-14,4.823806598157646e-11,100800,True,controle a posteriori 7200/2880
0.3,0.7,0.0001,8,1e-09,256,2740,4500,1.425638686131387e-15,1741,1741,2208,6713,2213,2213,4.92,1741,3.515109104292689e-47,2.4495355805380172e-17,6.86414973339481e-16,2.4495355805380172e-17,7.354056849502414e-16,5.158429636514973e-10,60904,True,b=b_min
0.3,0.7,0.0001,8,1e-09,256,2740,4500,1.425638686131387e-15,2880,1741,2208,9185,4685,7200,16.0,4051,1.6768911230843354e-81,2.4495355805380172e-17,4.140387110627985e-31,2.4495355805380172e-17,4.899071161076076e-17,3.436404475225203e-11,100800,True,controle a posteriori 7200/2880
0.3,0.7,0.0001,10,1e-06,1,2192,3600,4.5620437956204375e-10,1110,1110,1408,4373,773,773,2.15,1110,4.469316193754474e-31,8.434431874766285e-12,2.173798930755501e-10,8.434431874766285e-12,2.3424875682508265e-10,5.134732749605812e-07,50930,True,b=b_min
0.3,0.7,0.0001,10,1e-06,1,2192,3600,4.5620437956204375e-10,2880,1110,1408,8191,4591,7200,20.0,4106,2.621001550547036e-75,8.434431874766285e-12,5.942789871722558e-26,8.434431874766285e-12,1.686886374953263e-11,3.6976549338975524e-08,115200,True,controle a posteriori 7200/2880
0.3,0.7,0.0001,10,1e-06,256,2192,3600,1.7820483576642334e-12,1386,1386,1758,5396,1796,1796,4.99,1386,4.071650316149933e-38,3.8325755341900464e-14,8.498102121958314e-13,3.8325755341900464e-14,9.264617228796324e-13,5.198858487173515e-07,61160,True,b=b_min
0.3,0.7,0.0001,10,1e-06,256,2192,3600,1.7820483576642334e-12,2880,1386,1758,8628,5028,7200,20.0,3896,2.621001550547036e-75,3.8325755341900464e-14,8.328371861824936e-26,3.8325755341900464e-14,7.665151068388422e-14,4.3013148523282996e-08,115200,True,controle a posteriori 7200/2880
0.3,0.7,0.0001,10,1e-09,1,2192,3600,4.562043795620439e-13,1454,1454,1844,5648,2048,2048,5.69,1454,7.506906336124793e-40,8.802566784959208e-15,2.1887031676756353e-13,8.802566784959208e-15,2.3647545033748193e-13,5.183541871397604e-10,63680,True,b=b_min
0.3,0.7,0.0001,10,1e-09,1,2192,3600,4.562043795620439e-13,2880,1454,1844,8735,5135,7200,20.0,3845,2.621001550547036e-75,8.802566784959208e-15,9.131357525221653e-26,8.802566784959208e-15,1.760513357000973e-14,3.859045278546133e-11,115200,True,controle a posteriori 7200/2880
0.3,0.7,0.0001,10,1e-09,256,2192,3600,1.782048357664234e-15,1730,1730,2194,6672,3072,3072,8.53,1730,6.731443551842284e-47,3.99985471446391e-17,8.441733961920044e-16,3.99985471446391e-17,9.241704904812826e-16,5.186001190745527e-10,73920,True,b=b_min
0.3,0.7,0.0001,10,1e-09,256,2192,3600,1.782048357664234e-15,2880,1730,2194,9168,5568,7200,20.0,3639,2.621001550547036e-75,3.99985471446391e-17,1.279307150896153e-25,3.99985471446391e-17,7.999709441720891e-17,4.489052952640561e-11,115200,True,controle a posteriori 7200/2880
0.3,0.7,0.0001,12,1e-06,1,1827,3000,5.473453749315818e-10,1101,1101,1397,4340,1340,1340,4.47,1101,7.539682123292165e-31,8.434431874766285e-12,2.620185837881188e-10,8.434431874766285e-12,2.7888744753765136e-10,5.09527366651289e-07,59280,True,b=b_min
0.3,0.7,0.0001,12,1e-06,1,1827,3000,5.473453749315818e-10,2880,1101,1397,8176,5176,7200,24.0,3830,3.530006886541516e-71,8.434431874766285e-12,2.6067240191636394e-22,8.434431874766285e-12,1.686886374979324e-11,3.081941407087225e-08,129600,True,controle a posteriori 7200/2880
0.3,0.7,0.0001,12,1e-06,256,1827,3000,2.1380678708264913e-12,1377,1377,1747,5363,2363,2363,7.88,1377,6.868824618824679e-38,3.8325755341900464e-14,1.024185228073147e-12,3.8325755341900464e-14,1.1008367387569481e-12,5.148745527574898e-07,71556,True,b=b_min
0.3,0.7,0.0001,12,1e-06,256,1827,3000,2.1380678708264913e-12,2880,1377,1747,8614,5614,7200,24.0,3621,3.530006886541516e-71,3.8325755341900464e-14,3.638170813941686e-22,3.8325755341900464e-14,7.665151104761801e-14,3.585083153510351e-08,129600,True,controle a posteriori 7200/2880
0.3,0.7,0.0001,12,1e-09,1,1827,3000,5.473453749315818e-13,1445,1445,1833,5615,2615,2615,8.72,1445,1.2664059791250058e-39,8.802566784959208e-15,2.638596356466835e-13,8.802566784959208e-15,2.814647692166019e-13,5.142361333587316e-10,74580,True,b=b_min
0.3,0.7,0.0001,12,1e-09,1,1827,3000,5.473453749315818e-13,2880,1445,1833,8721,5721,7200,24.0,3570,3.530006886541516e-71,8.802566784959208e-15,3.9836033157877575e-22,8.802566784959208e-15,1.7605133968278747e-14,3.216457976004527e-11,129600,True,controle a posteriori 7200/2880
0.3,0.7,0.0001,12,1e-09,256,1827,3000,2.1380678708264916e-15,1721,1721,2183,6639,3639,3639,12.13,1721,1.1355863494889649e-46,3.99985471446391e-17,1.0175582761090438e-15,3.99985471446391e-17,1.0975553703983222e-15,5.133398173997401e-10,86868,True,b=b_min
0.3,0.7,0.0001,12,1e-09,256,1827,3000,2.1380678708264916e-15,2880,1721,2183,9154,6154,7200,24.0,3366,3.530006886541516e-71,3.99985471446391e-17,5.557797382142266e-22,3.99985471446391e-17,7.99976500690164e-17,3.74158609090798e-11,129600,True,controle a posteriori 7200/2880
0.3,0.7,0.001,6,1e-06,1,3653,6000,2.737476047084588e-10,1147,1147,1455,4513,1,1,0.0,1831,7.261188798835179e-42,5.856365031211468e-12,9.615323680569458e-20,5.856365031211468e-12,1.1712730158576173e-11,4.278660326927876e-08,43206,True,b=b_min
0.3,0.7,0.001,6,1e-06,1,3653,6000,2.737476047084588e-10,2880,1147,1455,8255,2255,7200,12.0,5207,6.510108507735718e-91,5.856365031211468e-12,2.6856091138871245e-40,5.856365031211468e-12,1.1712730062422936e-11,4.278660291803099e-08,86400,True,controle a posteriori 7200/2880
0.3,0.7,0.001,6,1e-06,256,3653,6000,1.0693265808924171e-12,1426,1426,1809,5548,1,1,0.0,1633,7.261188798835179e-42,1.6766777615227354e-14,9.183631460755572e-16,1.6766777615227354e-14,3.445191837653027e-14,3.221833160434306e-08,43206,True,b=b_min
0.3,0.7,0.001,6,1e-06,256,3653,6000,1.0693265808924171e-12,2880,1426,1809,8697,2697,7200,12.0,4990,6.510108507735718e-91,1.6766777615227354e-14,3.921535181100255e-40,1.6766777615227354e-14,3.353355523045471e-14,3.135950777775387e-08,86400,True,controle a posteriori 7200/2880
0.3,0.7,0.001,6,1e-09,1,3653,6000,2.737476047084588e-13,1494,1494,1895,5801,1,1,0.0,1585,7.261188798835179e-42,6.318100285188311e-15,7.935194265824769e-15,6.318100285188311e-15,2.057139483620139e-14,7.514730533664369e-11,43206,True,b=b_min
0.3,0.7,0.001,6,1e-09,1,3653,6000,2.737476047084588e-13,2880,1494,1895,8804,2804,7200,12.0,4937,6.510108507735718e-91,6.318100285188311e-15,4.1768426405913274e-40,6.318100285188311e-15,1.2636200570376622e-14,4.61600406835858e-11,86400,True,controle a posteriori 7200/2880
0.3,0.7,0.001,6,1e-09,256,3653,6000,1.0693265808924172e-15,1773,1773,2249,6836,836,836,1.39,1773,1.4862072180522354e-47,1.8088726004591797e-17,5.109342091894985e-16,1.8088726004591797e-17,5.471116611986821e-16,5.116413179798491e-10,48216,True,b=b_min
0.3,0.7,0.001,6,1e-09,256,3653,6000,1.0693265808924172e-15,2880,1773,2249,9240,3240,7200,12.0,4726,6.510108507735718e-91,1.8088726004591797e-17,6.096855128069544e-40,1.8088726004591797e-17,3.6177452009183594e-17,3.38319954405242e-11,86400,True,controle a posteriori 7200/2880
0.3,0.7,0.001,8,1e-06,1,2740,4500,3.6496350364963504e-10,1133,1133,1437,4461,1,1,0.0,1151,1.204036128261221e-31,5.856365031211468e-12,1.0028937566091835e-10,5.856365031211468e-12,1.1200210572334129e-10,3.0688576968195514e-07,43208,True,b=b_min
0.3,0.7,0.001,8,1e-06,1,2740,4500,3.6496350364963504e-10,2880,1133,1437,8233,3733,7200,16.0,4510,1.0794934630362715e-80,5.856365031211468e-12,4.112354220527402e-31,5.856365031211468e-12,1.1712730062422936e-11,3.209288037103884e-08,100800,True,controle a posteriori 7200/2880
0.3,0.7,0.001,8,1e-06,256,2740,4500,1.4256386861313869e-12,1411,1411,1790,5493,993,993,2.21,1411,2.0992122969305826e-38,2.7313738595061205e-14,6.809166551347673e-13,2.7313738595061205e-14,7.355441323248897e-13,5.159400761779706e-07,51144,True,b=b_min
0.3,0.7,0.001,8,1e-06,256,2740,4500,1.4256386861313869e-12,2880,1411,1790,8674,4174,7200,16.0,4295,1.0794934630362715e-80,2.7313738595061205e-14,5.777005193007774e-31,2.7313738595061205e-14,5.462747719012241e-14,3.8317897600239465e-08,100800,True,controle a posteriori 7200/2880
0.3,0.7,0.001,8,1e-09,1,2740,4500,3.6496350364963506e-13,1480,1480,1877,5748,1248,1248,2.77,1480,3.8434298390680835e-40,6.318100285188311e-15,1.7587190092617228e-13,6.318100285188311e-15,1.8850810149654892e-13,5.16512198100544e-10,53184,True,b=b_min
0.3,0.7,0.001,8,1e-09,1,2740,4500,3.6496350364963506e-13,2880,1480,1877,8782,4282,7200,16.0,4244,1.0794934630362715e-80,6.318100285188311e-15,6.337173224917749e-31,6.318100285188311e-15,1.2636200570376622e-14,3.462318956283194e-11,100800,True,controle a posteriori 7200/2880
0.3,0.7,0.001,8,1e-09,256,2740,4500,1.425638686131387e-15,1759,1759,2231,6783,2283,2283,5.07,1759,3.41328869841556e-47,2.946724438919009e-17,6.762212918620514e-16,2.946724438919009e-17,7.351557806404316e-16,5.156676707724244e-10,61464,True,b=b_min
0.3,0.7,0.001,8,1e-09,256,2740,4500,1.425638686131387e-15,2880,1759,2231,9218,4718,7200,16.0,4035,1.0794934630362715e-80,2.946724438919009e-17,8.897888566172089e-31,2.946724438919009e-17,5.893448877838107e-17,4.133900780870761e-11,100800,True,controle a posteriori 7200/2880
0.3,0.7,0.001,10,1e-06,1,2192,3600,4.5620437956204375e-10,1122,1122,1423,4419,819,819,2.27,1122,4.358255862623879e-31,9.540248415682137e-12,2.180110165891147e-10,9.540248415682137e-12,2.3709151342047896e-10,5.197045974176899e-07,51390,True,b=b_min
0.3,0.7,0.001,10,1e-06,1,2192,3600,4.5620437956204375e-10,2880,1122,1423,8214,4614,7200,20.0,4094,1.462174112282476e-74,9.540248415682137e-12,1.1393587550049693e-25,9.540248415682137e-12,1.908049683136439e-11,4.182444905435075e-08,115200,True,controle a posteriori 7200/2880
0.3,0.7,0.001,10,1e-06,256,2192,3600,1.7820483576642334e-12,1400,1400,1776,5452,1852,1852,5.14,1400,3.99386116669964e-38,4.449515185087161e-14,8.356331515260243e-13,4.449515185087161e-14,9.246234552277675e-13,5.188543011479722e-07,61720,True,b=b_min
0.3,0.7,0.001,10,1e-06,256,2192,3600,1.7820483576642334e-12,2880,1400,1776,8656,5056,7200,20.0,3882,1.462174112282476e-74,4.449515185087161e-14,1.592159339273785e-25,4.449515185087161e-14,8.899030370190244e-14,4.993708690292996e-08,115200,True,controle a posteriori 7200/2880
0.3,0.7,0.001,10,1e-09,1,2192,3600,4.562043795620439e-13,1469,1469,1863,5707,2107,2107,5.85,1469,7.312326249057175e-40,1.029243326101544e-14,2.1582910747056027e-13,1.029243326101544e-14,2.3641397399259117e-13,5.182194309917598e-10,64270,True,b=b_min
0.3,0.7,0.001,10,1e-09,1,2192,3600,4.562043795620439e-13,2880,1469,1863,8764,5164,7200,20.0,3830,1.462174112282476e-74,1.029243326101544e-14,1.744008529824009e-25,1.029243326101544e-14,2.0584866522205283e-14,4.512202741667398e-11,115200,True,controle a posteriori 7200/2880
0.3,0.7,0.001,10,1e-09,256,2192,3600,1.782048357664234e-15,1747,1747,2216,6740,3140,3140,8.72,1747,6.700941102334784e-47,2.946724438919009e-17,8.531973034093516e-16,2.946724438919009e-17,9.121317921877317e-16,5.118445794497301e-10,74600,True,b=b_min
0.3,0.7,0.001,10,1e-09,256,2192,3600,1.782048357664234e-15,2880,1747,2216,9201,5601,7200,20.0,3623,1.462174112282476e-74,2.946724438919009e-17,2.511394230460255e-25,2.946724438919009e-17,5.893448902951961e-17,3.3071206387892984e-11,115200,True,controle a posteriori 7200/2880
0.3,0.7,0.001,12,1e-06,1,1827,3000,5.473453749315818e-10,1112,1112,1411,4384,1384,1384,4.61,1112,7.5469382772544365e-31,9.540248415682137e-12,2.6157020574023405e-10,9.540248415682137e-12,2.806507025715983e-10,5.127488335983101e-07,59808,True,b=b_min
0.3,0.7,0.001,12,1e-06,1,1827,3000,5.473453749315818e-10,2880,1112,1411,8200,5200,7200,24.0,3818,1.7899949522398166e-70,9.540248415682137e-12,4.612233761257279e-22,9.540248415682137e-12,1.90804968318255e-11,3.486006771174519e-08,129600,True,controle a posteriori 7200/2880
0.3,0.7,0.001,12,1e-06,256,1827,3000,2.1380678708264913e-12,1391,1391,1764,5418,2418,2418,8.06,1391,6.808288509494573e-38,4.449515185087161e-14,1.0191167362229623e-12,4.449515185087161e-14,1.1081070399247056e-12,5.182749598572639e-07,72216,True,b=b_min
0.3,0.7,0.001,12,1e-06,256,1827,3000,2.1380678708264913e-12,2880,1391,1764,8642,5642,7200,24.0,3607,1.7899949522398166e-70,4.449515185087161e-14,6.418029730523098e-22,4.449515185087161e-14,8.89903043435462e-14,4.162183322512868e-08,129600,True,controle a posteriori 7200/2880
0.3,0.7,0.001,12,1e-09,1,1827,3000,5.473453749315818e-13,1460,1460,1851,5673,2673,2673,8.91,1460,1.2465237198084824e-39,1.029243326101544e-14,2.6328462012895275e-13,1.029243326101544e-14,2.8386948665098366e-13,5.186295521113471e-10,75276,True,b=b_min
0.3,0.7,0.001,12,1e-09,1,1827,3000,5.473453749315818e-13,2880,1460,1851,8750,5750,7200,24.0,3556,1.7899949522398166e-70,1.029243326101544e-14,7.023123554235603e-22,1.029243326101544e-14,2.0584867224343238e-14,3.7608552418875096e-11,129600,True,controle a posteriori 7200/2880
0.3,0.7,0.001,12,1e-09,256,1827,3000,2.1380678708264916e-15,1738,1738,2205,6706,3706,3706,12.35,1738,1.1423016075324891e-46,4.800329728427715e-17,1.0094054643076016e-15,4.800329728427715e-17,1.1054120588761558e-15,5.170144848810846e-10,87672,True,b=b_min
0.3,0.7,0.001,12,1e-09,256,1827,3000,2.1380678708264916e-15,2880,1738,2205,9186,6186,7200,24.0,3351,1.7899949522398166e-70,4.800329728427715e-17,9.769304000964436e-22,4.800329728427715e-17,9.60075714989544e-17,4.4903893280918956e-11,129600,True,controle a posteriori 7200/2880
0.3,0.7,0.01,6,1e-06,1,3653,6000,2.737476047084588e-10,1273,1273,1614,5016,1,1,0.0,1721,7.473842672022918e-38,5.084688889071708e-12,4.638136013502425e-16,5.084688889071708e-12,1.0169841591744768e-11,3.715043133464364e-08,43206,True,b=b_min
0.3,0.7,0.01,6,1e-06,1,3653,6000,2.737476047084588e-10,2880,1273,1614,8515,2515,7200,12.0,5064,4.292726591259811e-82,5.084688889071708e-12,3.732682038292247e-36,5.084688889071708e-12,1.0169377778143416e-11,3.71487370235579e-08,86400,True,controle a posteriori 7200/2880
0.3,0.7,0.01,6,1e-06,256,3653,6000,1.0693265808924171e-12,1582,1582,2006,6163,163,163,0.27,1582,7.5507038775235e-39,1.9327611273082658e-14,5.138308323891202e-13,1.9327611273082658e-14,5.524860549352855e-13,5.166672790217211e-07,44178,True,b=b_min
0.3,0.7,0.01,6,1e-06,256,3653,6000,1.0693265808924171e-12,2880,1582,2006,8997,2997,7200,12.0,4830,4.292726591259811e-82,1.9327611273082658e-14,5.269261906042011e-36,1.9327611273082658e-14,3.8655222546165315e-14,3.6149127158052324e-08,86400,True,controle a posteriori 7200/2880
0.3,0.7,0.01,6,1e-09,1,3653,6000,2.737476047084588e-13,1658,1658,2102,6445,445,445,0.74,1658,1.396309383579967e-40,4.79906499229074e-15,1.317403562017847e-13,4.79906499229074e-15,1.413384861863662e-13,5.163094900387958e-10,45870,True,b=b_min
0.3,0.7,0.01,6,1e-09,1,3653,6000,2.737476047084588e-13,2880,1658,2102,9115,3115,7200,12.0,4774,4.292726591259811e-82,4.79906499229074e-15,5.743501868754106e-36,4.79906499229074e-15,9.59812998458148e-15,3.506196883367615e-11,86400,True,controle a posteriori 7200/2880
0.3,0.7,0.01,6,1e-09,256,3653,6000,1.0693265808924172e-15,1967,1967,2494,7592,1592,1592,2.65,1967,1.2479458125793755e-47,1.8241915025441934e-17,5.150527164820171e-16,1.8241915025441934e-17,5.51536546532901e-16,5.157793291480799e-10,52752,True,b=b_min
0.3,0.7,0.01,6,1e-09,256,3653,6000,1.0693265808924172e-15,2880,1967,2494,9592,3592,7200,12.0,4546,4.292726591259811e-82,1.8241915025441934e-17,8.102610269764714e-36,1.8241915025441934e-17,3.648383005088387e-17,3.411851038102496e-11,86400,True,controle a posteriori 7200/2880
0.3,0.7,0.01,8,1e-06,1,2740,4500,3.6496350364963504e-10,1257,1257,1594,4957,457,457,1.02,1257,1.9469401032612906e-31,8.089808396486341e-12,1.7244933091797273e-10,8.089808396486341e-12,1.8862894771094542e-10,5.168433167279905e-07,46856,True,b=b_min
0.3,0.7,0.01,8,1e-06,1,2740,4500,3.6496350364963504e-10,2880,1257,1594,8490,3990,7200,16.0,4374,7.093312441323929e-73,8.089808396486341e-12,7.60698905167971e-28,8.089808396486341e-12,1.6179616792972682e-11,4.433215001274515e-08,100800,True,controle a posteriori 7200/2880
0.3,0.7,0.01,8,1e-06,256,2740,4500,1.4256386861313869e-12,1566,1566,1986,6104,1604,1604,3.56,1566,1.7400697709116531e-38,3.075048943447818e-14,6.742558107017442e-13,3.075048943447818e-14,7.357567895707006e-13,5.160892424764722e-07,56032,True,b=b_min
0.3,0.7,0.01,8,1e-06,256,2740,4500,1.4256386861313869e-12,2880,1566,1986,8972,4472,7200,16.0,4144,7.093312441323929e-73,3.075048943447818e-14,1.066175093028799e-27,3.075048943447818e-14,6.150097886895743e-14,4.31392466178415e-08,100800,True,controle a posteriori 7200/2880
0.3,0.7,0.01,8,1e-09,1,2740,4500,3.6496350364963506e-13,1642,1642,2082,6386,1886,1886,4.19,1642,3.2178135821752166e-40,7.635376935914195e-15,1.7285806755107824e-13,7.635376935914195e-15,1.8812882142290665e-13,5.154729706987642e-10,58288,True,b=b_min
0.3,0.7,0.01,8,1e-09,1,2740,4500,3.6496350364963506e-13,2880,1642,2082,9090,4590,7200,16.0,4088,7.093312441323929e-73,7.635376935914195e-15,1.1600282402853328e-27,7.635376935914195e-15,1.527075387182955e-14,4.184186560881297e-11,100800,True,controle a posteriori 7200/2880
0.3,0.7,0.01,8,1e-09,256,2740,4500,1.425638686131387e-15,1951,1951,2474,7533,3033,3033,6.74,1951,2.875907755658628e-47,2.902313210508981e-17,6.758110206898197e-16,2.902313210508981e-17,7.338572848999992e-16,5.147568539202554e-10,67464,True,b=b_min
0.3,0.7,0.01,8,1e-09,256,2740,4500,1.425638686131387e-15,2880,1951,2474,9567,5067,7200,16.0,3863,7.093312441323929e-73,2.902313210508981e-17,1.6254591595084518e-27,2.902313210508981e-17,5.804626421180507e-17,4.071597156872855e-11,100800,True,controle a posteriori 7200/2880
0.3,0.7,0.01,10,1e-06,1,2192,3600,4.5620437956204375e-10,1244,1244,1578,4910,1310,1310,3.64,1244,3.7860547311953718e-31,8.089808396486341e-12,2.1739118828792766e-10,8.089808396486341e-12,2.3357080508090035e-10,5.119872047373336e-07,56300,True,b=b_min
0.3,0.7,0.01,10,1e-06,1,2192,3600,4.5620437956204375e-10,2880,1244,1578,8471,4871,7200,20.0,3963,2.4083444781761243e-67,8.089808396486341e-12,6.687735575698863e-23,8.089808396486341e-12,1.617961679303956e-11,3.5465720010342714e-08,115200,True,controle a posteriori 7200/2880
0.3,0.7,0.01,10,1e-06,256,2192,3600,1.7820483576642334e-12,1553,1553,1970,6057,2457,2457,6.83,1553,3.3837709633360353e-38,3.075048943447818e-14,8.49912376551012e-13,3.075048943447818e-14,9.114133554199685e-13,5.114414272206262e-07,67770,True,b=b_min
0.3,0.7,0.01,10,1e-06,256,2192,3600,1.7820483576642334e-12,2880,1553,1970,8953,5353,7200,20.0,3734,2.4083444781761243e-67,3.075048943447818e-14,9.326122353132022e-23,3.075048943447818e-14,6.150097896221757e-14,3.4511397346606313e-08,115200,True,controle a posteriori 7200/2880
0.3,0.7,0.01,10,1e-09,1,2192,3600,4.562043795620439e-13,1629,1629,2066,6339,2739,2739,7.61,1629,6.257418148864261e-40,7.635376935914195e-15,2.1791292199070166e-13,7.635376935914195e-15,2.3318367586253004e-13,5.111386174906658e-10,70590,True,b=b_min
0.3,0.7,0.01,10,1e-09,1,2192,3600,4.562043795620439e-13,2880,1629,2066,9071,5471,7200,20.0,3679,2.4083444781761243e-67,7.635376935914195e-15,1.0134891319308773e-22,7.635376935914195e-15,1.52707539731773e-14,3.3473492709204645e-11,115200,True,controle a posteriori 7200/2880
0.3,0.7,0.01,10,1e-09,256,2192,3600,1.782048357664234e-15,1938,1938,2458,7486,3886,3886,10.79,1938,5.592541931081447e-47,2.902313210508981e-17,8.519021649353171e-16,2.902313210508981e-17,9.099484291454966e-16,5.106193809118537e-10,82060,True,b=b_min
0.3,0.7,0.01,10,1e-09,256,2192,3600,1.782048357664234e-15,2880,1938,2458,9548,5948,7200,20.0,3456,2.4083444781761243e-67,2.902313210508981e-17,1.4127958846075702e-22,2.902313210508981e-17,5.804640548976807e-17,3.2572856533394336e-11,115200,True,controle a posteriori 7200/2880
0.3,0.7,0.01,12,1e-06,1,1827,3000,5.473453749315818e-10,1234,1234,1565,4872,1872,1872,6.24,1234,6.482051685999423e-31,1.2870993942720641e-11,2.5858202809403064e-10,1.2870993942720641e-11,2.8432401597947196e-10,5.194599771944953e-07,65664,True,b=b_min
0.3,0.7,0.01,12,1e-06,1,1827,3000,5.473453749315818e-10,2880,1234,1565,8454,5454,7200,24.0,3691,1.1721007690703506e-63,1.2870993942720641e-11,1.209777281211817e-19,1.2870993942720641e-11,2.574198800641901e-11,4.703061208772753e-08,129600,True,controle a posteriori 7200/2880
0.3,0.7,0.01,12,1e-06,256,1827,3000,2.1380678708264913e-12,1543,1543,1957,6019,3019,3019,10.06,1543,5.793307238060735e-38,4.892444219306449e-14,1.010839130226993e-12,4.892444219306449e-14,1.1086880146131218e-12,5.185466886907324e-07,79428,True,b=b_min
0.3,0.7,0.01,12,1e-06,256,1827,3000,2.1380678708264913e-12,2880,1543,1957,8937,5937,7200,24.0,3464,1.1721007690703506e-63,4.892444219306449e-14,1.6804379838979943e-19,4.892444219306449e-14,9.784905242992738e-14,4.576517601010619e-08,129600,True,controle a posteriori 7200/2880
0.3,0.7,0.01,12,1e-09,1,1827,3000,5.473453749315818e-13,1619,1619,2053,6301,3301,3301,11.0,1619,1.071323864593016e-39,1.2147987378196049e-14,2.5918997023633306e-13,1.2147987378196049e-14,2.8348594499272514e-13,5.179288215017089e-10,82812,True,b=b_min
0.3,0.7,0.01,12,1e-09,1,1827,3000,5.473453749315818e-13,2880,1619,2053,9055,6055,7200,24.0,3409,1.1721007690703506e-63,1.2147987378196049e-14,1.824271355473441e-19,1.2147987378196049e-14,2.4296157183527643e-14,4.4389079174305004e-11,129600,True,controle a posteriori 7200/2880
0.3,0.7,0.01,12,1e-09,256,1827,3000,2.1380678708264916e-15,1928,1928,2445,7448,4448,4448,14.83,1928,9.57491331403518e-47,4.617619345417863e-17,1.0131960898292494e-15,4.617619345417863e-17,1.1055484767376068e-15,5.170782891518995e-10,96576,True,b=b_min
0.3,0.7,0.01,12,1e-09,256,1827,3000,2.1380678708264916e-15,2880,1928,2445,9532,6532,7200,24.0,3187,1.1721007690703506e-63,4.617619345417863e-17,2.533038739853713e-19,4.617619345417863e-17,9.260569078234262e-17,4.3312792847191035e-11,129600,True,controle a posteriori 7200/2880
0.3,1.0,0.0,6,1e-06,1,3653,6000,2.737476047084588e-10,366,366,366,1088,1,1,0.0,3650,2.2314411405205847e-162,3.9148908297210204e-12,1.4188465027827826e-130,3.9148908297210204e-12,7.829781659442041e-12,2.8602192401941775e-08,43206,True,b=b_min
0.3,1.0,0.0,6,1e-06,1,3653,6000,2.737476047084588e-10,2880,366,366,4864,1,7200,12.0,8568,0.0,3.9148908297210204e-12,9.552867440357937e-201,3.9148908297210204e-12,7.829781659442041e-12,2.8602192401941775e-08,86400,True,controle a posteriori 7200/2880
0.3,1.0,0.0,6,1e-06,256,3653,6000,1.0693265808924171e-12,455,455,455,1343,1,1,0.0,3557,2.2314411405205847e-162,2.4258220765723676e-14,3.695546075829152e-126,2.4258220765723676e-14,4.851644153144735e-14,4.5371023594080554e-08,43206,True,b=b_min
0.3,1.0,0.0,6,1e-06,256,3653,6000,1.0693265808924171e-12,2880,455,455,4998,1,7200,12.0,8461,0.0,2.4258220765723676e-14,1.6443260254154105e-200,2.4258220765723676e-14,4.851644153144735e-14,4.5371023594080554e-08,86400,True,controle a posteriori 7200/2880
0.3,1.0,0.0,6,1e-09,1,3653,6000,2.737476047084588e-13,477,477,477,1406,1,1,0.0,3534,2.2314411405205847e-162,4.455591569214553e-15,4.5909293482315877e-125,4.455591569214553e-15,8.911183138429107e-15,3.2552552004681525e-11,43206,True,b=b_min
0.3,1.0,0.0,6,1e-09,1,3653,6000,2.737476047084588e-13,2880,477,477,5031,1,7200,12.0,8435,0.0,4.455591569214553e-15,1.9711943475180523e-200,4.455591569214553e-15,8.911183138429107e-15,3.2552552004681525e-11,86400,True,controle a posteriori 7200/2880
0.3,1.0,0.0,6,1e-09,256,3653,6000,1.0693265808924172e-15,567,567,567,1663,1,1,0.0,3444,2.2314411405205847e-162,1.1832264692763138e-17,1.0196550877080187e-120,1.1832264692763138e-17,2.3664529385526276e-17,2.213031061640384e-11,43206,True,b=b_min
0.3,1.0,0.0,6,1e-09,256,3653,6000,1.0693265808924172e-15,2880,567,567,5162,1,7200,12.0,8332,0.0,1.1832264692763138e-17,3.717701491119348e-200,1.1832264692763138e-17,2.3664529385526276e-17,2.213031061640384e-11,86400,True,controle a posteriori 7200/2880
0.3,1.0,0.0,8,1e-06,1,2740,4500,3.6496350364963504e-10,361,361,361,1075,1,1,0.0,2639,4.6555487349628326e-122,3.9148908297210204e-12,1.449758021487175e-93,3.9148908297210204e-12,7.829781659442041e-12,2.1453601746871192e-08,43208,True,b=b_min
0.3,1.0,0.0,8,1e-06,1,2740,4500,3.6496350364963504e-10,2880,361,361,4857,357,7200,16.0,7545,1.45144421e-315,3.9148908297210204e-12,4.844887166313895e-165,3.9148908297210204e-12,7.829781659442041e-12,2.1453601746871192e-08,100800,True,controle a posteriori 7200/2880
0.3,1.0,0.0,8,1e-06,256,2740,4500,1.4256386861313869e-12,450,450,450,1329,1,1,0.0,2550,4.6555487349628326e-122,2.4258220765723676e-14,2.488652449900136e-89,2.4258220765723676e-14,4.851644153144735e-14,3.403137274781843e-08,43208,True,b=b_min
0.3,1.0,0.0,8,1e-06,256,2740,4500,1.4256386861313869e-12,2880,450,450,4991,491,7200,16.0,7440,1.45144421e-315,2.4258220765723676e-14,8.235501103231233e-165,2.4258220765723676e-14,4.851644153144735e-14,3.403137274781843e-08,100800,True,controle a posteriori 7200/2880
0.3,1.0,0.0,8,1e-09,1,2740,4500,3.6496350364963506e-13,472,472,472,1392,1,1,0.0,2528,4.6555487349628326e-122,4.455591569214553e-15,2.786620924184657e-88,4.455591569214553e-15,8.911183138429107e-15,2.441664179929575e-11,43208,True,b=b_min
0.3,1.0,0.0,8,1e-09,1,2740,4500,3.6496350364963506e-13,2880,472,472,5024,524,7200,16.0,7415,1.45144421e-315,4.455591569214553e-15,9.838190371024087e-165,4.455591569214553e-15,8.911183138429107e-15,2.441664179929575e-11,100800,True,controle a posteriori 7200/2880
0.3,1.0,0.0,8,1e-09,256,2740,4500,1.425638686131387e-15,562,562,562,1648,1,1,0.0,2442,4.6555487349628326e-122,2.7608617616447323e-17,3.726042443799705e-84,2.7608617616447323e-17,5.5217235232894646e-17,3.873157748176162e-11,43208,True,b=b_min
0.3,1.0,0.0,8,1e-09,256,2740,4500,1.425638686131387e-15,2880,562,562,5155,655,7200,16.0,7314,1.45144421e-315,2.7608617616447323e-17,1.6813276047270541e-164,2.7608617616447323e-17,5.5217235232894646e-17,3.873157748176162e-11,100800,True,controle a posteriori 7200/2880
0.3,1.0,0.0,10,1e-06,1,2192,3600,4.5620437956204375e-10,357,357,357,1063,1,1,0.0,2037,7.237726070595151e-98,9.134745269349046e-12,1.425736993802578e-71,9.134745269349046e-12,1.8269490538698093e-11,4.0046723260826216e-08,43210,True,b=b_min
0.3,1.0,0.0,10,1e-06,1,2192,3600,4.5620437956204375e-10,2880,357,357,4851,1251,7200,20.0,6933,2.256480648518916e-291,9.134745269349046e-12,8.356742517569719e-144,9.134745269349046e-12,1.8269490538698093e-11,4.0046723260826216e-08,115200,True,controle a posteriori 7200/2880
0.3,1.0,0.0,10,1e-06,256,2192,3600,1.7820483576642334e-12,447,447,447,1320,1,1,0.0,1950,7.237726070595151e-98,2.4258220765723676e-14,2.1865391500962638e-67,2.4258220765723676e-14,4.851644153144735e-14,2.7225098198254744e-08,43210,True,b=b_min
0.3,1.0,0.0,10,1e-06,256,2192,3600,1.7820483576642334e-12,2880,447,447,4986,1386,7200,20.0,6829,2.256480648518916e-291,2.4258220765723676e-14,1.5412603419580905e-143,2.4258220765723676e-14,4.851644153144735e-14,2.7225098198254744e-08,115200,True,controle a posteriori 7200/2880
0.3,1.0,0.0,10,1e-09,1,2192,3600,4.562043795620439e-13,469,469,469,1382,1,1,0.0,1929,7.237726070595151e-98,1.039638032816729e-14,2.0575536533845954e-66,1.039638032816729e-14,2.079276065633458e-14,4.55777313586854e-11,43210,True,b=b_min
0.3,1.0,0.0,10,1e-09,1,2192,3600,4.562043795620439e-13,2880,469,469,5018,1418,7200,20.0,6805,2.256480648518916e-291,1.039638032816729e-14,1.6825039851168122e-143,1.039638032816729e-14,2.079276065633458e-14,4.55777313586854e-11,115200,True,controle a posteriori 7200/2880
0.3,1.0,0.0,10,1e-09,256,2192,3600,1.782048357664234e-15,559,559,559,1639,1,1,0.0,1845,7.237726070595151e-98,2.7608617616447323e-17,2.2369689836149094e-62,2.7608617616447323e-17,5.5217235232894646e-17,3.0985261985409296e-11,43210,True,b=b_min
0.3,1.0,0.0,10,1e-09,256,2192,3600,1.782048357664234e-15,2880,559,559,5150,1550,7200,20.0,6705,2.256480648518916e-291,2.7608617616447323e-17,3.1079479435018196e-143,2.7608617616447323e-17,5.5217235232894646e-17,3.0985261985409296e-11,115200,True,controle a posteriori 7200/2880
0.3,1.0,0.0,12,1e-06,1,1827,3000,5.473453749315818e-10,354,354,354,1055,1,1,0.0,1637,9.713065529730406e-82,9.134745269349046e-12,5.665093923222313e-57,9.134745269349046e-12,1.8269490538698093e-11,3.337835921420141e-08,43212,True,b=b_min
0.3,1.0,0.0,12,1e-06,1,1827,3000,5.473453749315818e-10,2880,354,354,4847,1847,7200,24.0,6526,3.028208610253373e-275,9.134745269349046e-12,1.0704214536789011e-129,9.134745269349046e-12,1.8269490538698093e-11,3.337835921420141e-08,129600,True,controle a posteriori 7200/2880
0.3,1.0,0.0,12,1e-06,256,1827,3000,2.1380678708264913e-12,444,444,444,1312,1,1,0.0,1552,9.713065529730406e-82,2.4258220765723676e-14,6.7610611442186385e-53,2.4258220765723676e-14,4.851644153144735e-14,2.2691721901556302e-08,43212,True,b=b_min
0.3,1.0,0.0,12,1e-06,256,1827,3000,2.1380678708264913e-12,2880,444,444,4982,1982,7200,24.0,6423,3.028208610253373e-275,2.4258220765723676e-14,1.962732153109224e-129,2.4258220765723676e-14,4.851644153144735e-14,2.2691721901556302e-08,129600,True,controle a posteriori 7200/2880
0.3,1.0,0.0,12,1e-09,1,1827,3000,5.473453749315818e-13,466,466,466,1374,1,1,0.0,1532,9.713065529730406e-82,1.039638032816729e-14,5.998386549352532e-52,1.039638032816729e-14,2.079276065633458e-14,3.7988373719123276e-11,43212,True,b=b_min
0.3,1.0,0.0,12,1e-09,1,1827,3000,5.473453749315818e-13,2880,466,466,5014,2014,7200,24.0,6399,3.028208610253373e-275,1.039638032816729e-14,2.144310451875135e-129,1.039638032816729e-14,2.079276065633458e-14,3.7988373719123276e-11,129600,True,controle a posteriori 7200/2880
0.3,1.0,0.0,12,1e-09,256,1827,3000,2.1380678708264916e-15,556,556,556,1631,1,1,0.0,1450,9.713065529730406e-82,2.7608617616447323e-17,5.085783553480658e-48,2.7608617616447323e-17,5.5217235232894646e-17,2.582576352524762e-11,43212,True,b=b_min
0.3,1.0,0.0,12,1e-09,256,1827,3000,2.1380678708264916e-15,2880,556,556,5146,2146,7200,24.0,6300,3.028208610253373e-275,2.7608617616447323e-17,3.9261579295496124e-129,2.7608617616447323e-17,5.5217235232894646e-17,2.582576352524762e-11,129600,True,controle a posteriori 7200/2880
0.3,1.0,1e-06,6,1e-06,1,3653,6000,2.737476047084588e-10,366,366,366,1088,1,1,0.0,3650,1.225612148652526e-162,3.915295389072252e-12,9.045375040819455e-131,3.915295389072252e-12,7.830590778144504e-12,2.8605148112561875e-08,43206,True,b=b_min
0.3,1.0,1e-06,6,1e-06,1,3653,6000,2.737476047084588e-10,2880,366,366,4864,1,7200,12.0,8568,0.0,3.915295389072252e-12,4.8904068518086084e-201,3.915295389072252e-12,7.830590778144504e-12,2.8605148112561875e-08,86400,True,controle a posteriori 7200/2880
0.3,1.0,1e-06,6,1e-06,256,3653,6000,1.0693265808924171e-12,455,455,455,1342,1,1,0.0,3557,1.225612148652526e-162,2.4261212795461423e-14,2.4067695377977912e-126,2.4261212795461423e-14,4.8522425590922846e-14,4.537661969501214e-08,43206,True,b=b_min
0.3,1.0,1e-06,6,1e-06,256,3653,6000,1.0693265808924171e-12,2880,455,455,4997,1,7200,12.0,8461,0.0,2.4261212795461423e-14,8.426882754963147e-201,2.4261212795461423e-14,4.8522425590922846e-14,4.537661969501214e-08,86400,True,controle a posteriori 7200/2880
0.3,1.0,1e-06,6,1e-09,1,3653,6000,2.737476047084588e-13,477,477,477,1405,1,1,0.0,3535,1.225612148652526e-162,4.456170833383722e-15,2.998887788673943e-125,4.456170833383722e-15,8.912341666767443e-15,3.255678410870147e-11,43206,True,b=b_min
0.3,1.0,1e-06,6,1e-09,1,3653,6000,2.737476047084588e-13,2880,477,477,5030,1,7200,12.0,8435,0.0,4.456170833383722e-15,1.0096414278569699e-200,4.456170833383722e-15,8.912341666767443e-15,3.255678410870147e-11,86400,True,controle a posteriori 7200/2880
0.3,1.0,1e-06,6,1e-09,256,3653,6000,1.0693265808924172e-15,567,567,567,1662,1,1,0.0,3444,1.225612148652526e-162,1.1834079111241583e-17,6.816064920007773e-121,1.1834079111241583e-17,2.3668158222483166e-17,2.2133704188603136e-11,43206,True,b=b_min
0.3,1.0,1e-06,6,1e-09,256,3653,6000,1.0693265808924172e-15,2880,567,567,5161,1,7200,12.0,8332,0.0,1.1834079111241583e-17,1.909126684609793e-200,1.1834079111241583e-17,2.3668158222483166e-17,2.2133704188603136e-11,86400,True,controle a posteriori 7200/2880
0.3,1.0,1e-06,8,1e-06,1,2740,4500,3.6496350364963504e-10,361,361,361,1075,1,1,0.0,2639,2.994237409052004e-122,3.915295389072252e-12,1.0650003844425616e-93,3.915295389072252e-12,7.830590778144504e-12,2.1455818732115943e-08,43208,True,b=b_min
0.3,1.0,1e-06,8,1e-06,1,2740,4500,3.6496350364963504e-10,2880,361,361,4857,357,7200,16.0,7545,4.3765539e-316,3.915295389072252e-12,2.81490820634366e-165,3.915295389072252e-12,7.830590778144504e-12,2.1455818732115943e-08,100800,True,controle a posteriori 7200/2880
0.3,1.0,1e-06,8,1e-06,256,2740,4500,1.4256386861313869e-12,450,450,450,1329,1,1,0.0,2550,2.994237409052004e-122,2.4261212795461423e-14,1.8535299414738725e-89,2.4261212795461423e-14,4.8522425590922846e-14,3.403557020649692e-08,43208,True,b=b_min
0.3,1.0,1e-06,8,1e-06,256,2740,4500,1.4256386861313869e-12,2880,450,450,4991,491,7200,16.0,7440,4.3765539e-316,2.4261212795461423e-14,4.791175614571821e-165,2.4261212795461423e-14,4.8522425590922846e-14,3.403557020649692e-08,100800,True,controle a posteriori 7200/2880
0.3,1.0,1e-06,8,1e-09,1,2740,4500,3.6496350364963506e-13,472,472,472,1392,1,1,0.0,2528,2.994237409052004e-122,4.456170833383722e-15,2.0845352237882702e-88,4.456170833383722e-15,8.912341666767443e-15,2.4419816166942795e-11,43208,True,b=b_min
0.3,1.0,1e-06,8,1e-09,1,2740,4500,3.6496350364963506e-13,2880,472,472,5024,524,7200,16.0,7415,4.3765539e-316,4.456170833383722e-15,5.721363534768947e-165,4.456170833383722e-15,8.912341666767443e-15,2.4419816166942795e-11,100800,True,controle a posteriori 7200/2880
0.3,1.0,1e-06,8,1e-09,256,2740,4500,1.425638686131387e-15,562,562,562,1648,1,1,0.0,2442,2.994237409052004e-122,2.761275921694093e-17,2.847351392292871e-84,2.761275921694093e-17,5.522551843388186e-17,3.873738765026209e-11,43208,True,b=b_min
0.3,1.0,1e-06,8,1e-09,256,2740,4500,1.425638686131387e-15,2880,562,562,5154,654,7200,16.0,7315,4.3765539e-316,2.761275921694093e-17,9.77006062486869e-165,2.761275921694093e-17,5.522551843388186e-17,3.873738765026209e-11,100800,True,controle a posteriori 7200/2880
0.3,1.0,1e-06,10,1e-06,1,2192,3600,4.5620437956204375e-10,357,357,357,1063,1,1,0.0,2037,5.117361964960941e-98,9.135658788942172e-12,1.1338645044796754e-71,9.135658788942172e-12,1.8271317577884344e-11,4.005072813072248e-08,43210,True,b=b_min
0.3,1.0,1e-06,10,1e-06,1,2192,3600,4.5620437956204375e-10,2880,357,357,4851,1251,7200,20.0,6933,7.479837907011415e-292,9.135658788942172e-12,5.24277835611521e-144,9.135658788942172e-12,1.8271317577884344e-11,4.005072813072248e-08,115200,True,controle a posteriori 7200/2880
0.3,1.0,1e-06,10,1e-06,256,2192,3600,1.7820483576642334e-12,447,447,447,1320,1,1,0.0,1950,5.117361964960941e-98,2.4261212795461423e-14,1.7710619009379757e-67,2.4261212795461423e-14,4.8522425590922846e-14,2.7228456165197538e-08,43210,True,b=b_min
0.3,1.0,1e-06,10,1e-06,256,2192,3600,1.7820483576642334e-12,2880,447,447,4986,1386,7200,20.0,6830,7.479837907011415e-292,2.4261212795461423e-14,9.677111476441797e-144,2.4261212795461423e-14,4.8522425590922846e-14,2.7228456165197538e-08,115200,True,controle a posteriori 7200/2880
0.3,1.0,1e-06,10,1e-09,1,2192,3600,4.562043795620439e-13,469,469,469,1382,1,1,0.0,1929,5.117361964960941e-98,1.0397697285536406e-14,1.676674385404889e-66,1.0397697285536406e-14,2.079539457107281e-14,4.55835048997916e-11,43210,True,b=b_min
0.3,1.0,1e-06,10,1e-09,1,2192,3600,4.562043795620439e-13,2880,469,469,5018,1418,7200,20.0,6805,7.479837907011415e-292,1.0397697285536406e-14,1.0554585191724393e-143,1.0397697285536406e-14,2.079539457107281e-14,4.55835048997916e-11,115200,True,controle a posteriori 7200/2880
0.3,1.0,1e-06,10,1e-09,256,2192,3600,1.782048357664234e-15,558,558,558,1637,1,1,0.0,1845,5.117361964960941e-98,2.761275921694093e-17,1.6763775272624964e-62,2.761275921694093e-17,5.522551843388186e-17,3.0989910120209674e-11,43210,True,b=b_min
0.3,1.0,1e-06,10,1e-09,256,2192,3600,1.782048357664234e-15,2880,558,558,5149,1549,7200,20.0,6705,7.479837907011415e-292,2.761275921694093e-17,1.9513211091898748e-143,2.761275921694093e-17,5.522551843388186e-17,3.0989910120209674e-11,115200,True,controle a posteriori 7200/2880
0.3,1.0,1e-06,12,1e-06,1,1827,3000,5.473453749315818e-10,354,354,354,1055,1,1,0.0,1637,7.315085503699801e-82,9.135658788942172e-12,4.750711895355448e-57,9.135658788942172e-12,1.8271317577884344e-11,3.33816972147947e-08,43212,True,b=b_min
0.3,1.0,1e-06,12,1e-06,1,1827,3000,5.473453749315818e-10,2880,354,354,4847,1847,7200,24.0,6526,1.0692160182971188e-275,9.135658788942172e-12,7.056359586109328e-130,9.135658788942172e-12,1.8271317577884344e-11,3.33816972147947e-08,129600,True,controle a posteriori 7200/2880
0.3,1.0,1e-06,12,1e-06,256,1827,3000,2.1380678708264913e-12,444,444,444,1312,1,1,0.0,1552,7.315085503699801e-82,2.4261212795461423e-14,5.765828971688356e-53,2.4261212795461423e-14,4.8522425590922846e-14,2.2694520717981706e-08,43212,True,b=b_min
0.3,1.0,1e-06,12,1e-06,256,1827,3000,2.1380678708264913e-12,2880,444,444,4981,1981,7200,24.0,6423,1.0692160182971188e-275,2.4261212795461423e-14,1.2952329733829413e-129,2.4261212795461423e-14,4.8522425590922846e-14,2.2694520717981706e-08,129600,True,controle a posteriori 7200/2880
0.3,1.0,1e-06,12,1e-09,1,1827,3000,5.473453749315818e-13,466,466,466,1374,1,1,0.0,1532,7.315085503699801e-82,1.0397697285536406e-14,5.1466219069313025e-52,1.0397697285536406e-14,2.079539457107281e-14,3.799318588135003e-11,43212,True,b=b_min
0.3,1.0,1e-06,12,1e-09,1,1827,3000,5.473453749315818e-13,2880,466,466,5013,2013,7200,24.0,6399,1.0692160182971188e-275,1.0397697285536406e-14,1.4150319255492164e-129,1.0397697285536406e-14,2.079539457107281e-14,3.799318588135003e-11,129600,True,controle a posteriori 7200/2880
0.3,1.0,1e-06,12,1e-09,256,1827,3000,2.1380678708264916e-15,555,555,555,1629,1,1,0.0,1450,7.315085503699801e-82,2.761275921694093e-17,4.025257496288492e-48,2.761275921694093e-17,5.522551843388186e-17,2.582963767774775e-11,43212,True,b=b_min
0.3,1.0,1e-06,12,1e-09,256,1827,3000,2.1380678708264916e-15,2880,555,555,5145,2145,7200,24.0,6300,1.0692160182971188e-275,2.761275921694093e-17,2.5936393571826e-129,2.761275921694093e-17,5.522551843388186e-17,2.582963767774775e-11,129600,True,controle a posteriori 7200/2880
0.3,1.0,0.0001,6,1e-06,1,3653,6000,2.737476047084588e-10,366,366,366,1089,1,1,0.0,3650,2.6762637797676603e-162,3.95555171071589e-12,1.644267149862664e-130,3.95555171071589e-12,7.91110342143178e-12,2.8899260798490293e-08,43206,True,b=b_min
0.3,1.0,0.0001,6,1e-06,1,3653,6000,2.737476047084588e-10,2880,366,366,4865,1,7200,12.0,8567,0.0,3.95555171071589e-12,1.2191454430594033e-200,3.95555171071589e-12,7.91110342143178e-12,2.8899260798490293e-08,86400,True,controle a posteriori 7200/2880
0.3,1.0,0.0001,6,1e-06,256,3653,6000,1.0693265808924171e-12,455,455,455,1343,1,1,0.0,3557,2.6762637797676603e-162,2.4559237880280074e-14,4.2677223434359995e-126,2.4559237880280074e-14,4.911847576056015e-14,4.593402674005151e-08,43206,True,b=b_min
0.3,1.0,0.0001,6,1e-06,256,3653,6000,1.0693265808924171e-12,2880,455,455,4998,1,7200,12.0,8460,0.0,2.4559237880280074e-14,2.0942047662001636e-200,2.4559237880280074e-14,4.911847576056015e-14,4.593402674005151e-08,86400,True,controle a posteriori 7200/2880
0.3,1.0,0.0001,6,1e-09,1,3653,6000,2.737476047084588e-13,477,477,477,1406,1,1,0.0,3534,2.6762637797676603e-162,4.513888482672842e-15,5.296076196964958e-125,4.513888482672842e-15,9.027776965345684e-15,3.2978469254407786e-11,43206,True,b=b_min
0.3,1.0,0.0001,6,1e-09,1,3653,6000,2.737476047084588e-13,2880,477,477,5031,1,7200,12.0,8434,0.0,4.513888482672842e-15,2.508860482462343e-200,4.513888482672842e-15,9.027776965345684e-15,3.2978469254407786e-11,86400,True,controle a posteriori 7200/2880
0.3,1.0,0.0001,6,1e-09,256,3653,6000,1.0693265808924172e-15,567,567,567,1663,1,1,0.0,3443,2.6762637797676603e-162,1.2015078556900761e-17,1.1717437273091793e-120,1.2015078556900761e-17,2.4030157113801522e-17,2.247223396779954e-11,43206,True,b=b_min
0.3,1.0,0.0001,6,1e-09,256,3653,6000,1.0693265808924172e-15,2880,567,567,5163,1,7200,12.0,8331,0.0,1.2015078556900761e-17,4.740292888127239e-200,1.2015078556900761e-17,2.4030157113801522e-17,2.247223396779954e-11,86400,True,controle a posteriori 7200/2880
0.3,1.0,0.0001,8,1e-06,1,2740,4500,3.6496350364963504e-10,361,361,361,1075,1,1,0.0,2639,5.343909229206565e-122,3.95555171071589e-12,1.6159489180135743e-93,3.95555171071589e-12,7.91110342143178e-12,2.167642337472308e-08,43208,True,b=b_min
0.3,1.0,0.0001,8,1e-06,1,2740,4500,3.6496350364963504e-10,2880,361,361,4858,358,7200,16.0,7544,2.05655917e-315,3.95555171071589e-12,5.930556773784006e-165,3.95555171071589e-12,7.91110342143178e-12,2.167642337472308e-08,100800,True,controle a posteriori 7200/2880
0.3,1.0,0.0001,8,1e-06,256,2740,4500,1.4256386861313869e-12,451,451,451,1331,1,1,0.0,2549,5.343909229206565e-122,2.4559237880280074e-14,3.0565594863671668e-89,2.4559237880280074e-14,4.911847576056015e-14,3.445366363748731e-08,43208,True,b=b_min
0.3,1.0,0.0001,8,1e-06,256,2740,4500,1.4256386861313869e-12,2880,451,451,4992,492,7200,16.0,7439,2.05655917e-315,2.4559237880280074e-14,1.0098490548196706e-164,2.4559237880280074e-14,4.911847576056015e-14,3.445366363748731e-08,100800,True,controle a posteriori 7200/2880
0.3,1.0,0.0001,8,1e-09,1,2740,4500,3.6496350364963506e-13,473,473,473,1394,1,1,0.0,2528,5.343909229206565e-122,4.513888482672842e-15,3.4172991128262714e-88,4.513888482672842e-15,9.027776965345684e-15,2.4736108885047175e-11,43208,True,b=b_min
0.3,1.0,0.0001,8,1e-09,1,2740,4500,3.6496350364963506e-13,2880,473,473,5025,525,7200,16.0,7414,2.05655917e-315,4.513888482672842e-15,1.2050455208142452e-164,4.513888482672842e-15,9.027776965345684e-15,2.4736108885047175e-11,100800,True,controle a posteriori 7200/2880
0.3,1.0,0.0001,8,1e-09,256,2740,4500,1.425638686131387e-15,563,563,563,1650,1,1,0.0,2441,5.343909229206565e-122,2.802584041834088e-17,4.546427341343335e-84,2.802584041834088e-17,5.605168083668176e-17,3.9316891006082054e-11,43208,True,b=b_min
0.3,1.0,0.0001,8,1e-09,256,2740,4500,1.425638686131387e-15,2880,563,563,5156,656,7200,16.0,7313,2.05655917e-315,2.802584041834088e-17,2.0535376799607297e-164,2.802584041834088e-17,5.605168083668176e-17,3.9316891006082054e-11,100800,True,controle a posteriori 7200/2880
0.3,1.0,0.0001,10,1e-06,1,2192,3600,4.5620437956204375e-10,358,358,358,1065,1,1,0.0,2036,8.09202407910804e-98,9.226544835809553e-12,1.71380086843131e-71,9.226544835809553e-12,1.8453089671619105e-11,4.044917256018908e-08,43210,True,b=b_min
0.3,1.0,0.0001,10,1e-06,1,2192,3600,4.5620437956204375e-10,2880,358,358,4852,1252,7200,20.0,6932,3.114148392080027e-291,9.226544835809553e-12,1.0004067047877927e-143,9.226544835809553e-12,1.8453089671619105e-11,4.044917256018908e-08,115200,True,controle a posteriori 7200/2880
0.3,1.0,0.0001,10,1e-06,256,2192,3600,1.7820483576642334e-12,447,447,447,1320,1,1,0.0,1949,8.09202407910804e-98,2.4559237880280074e-14,2.3719643934311214e-67,2.4559237880280074e-14,4.911847576056015e-14,2.7562930909989847e-08,43210,True,b=b_min
0.3,1.0,0.0001,10,1e-06,256,2192,3600,1.7820483576642334e-12,2880,447,447,4987,1387,7200,20.0,6828,3.114148392080027e-291,2.4559237880280074e-14,1.848161200604835e-143,2.4559237880280074e-14,4.911847576056015e-14,2.7562930909989847e-08,115200,True,controle a posteriori 7200/2880
0.3,1.0,0.0001,10,1e-09,1,2192,3600,4.562043795620439e-13,469,469,469,1383,1,1,0.0,1929,8.09202407910804e-98,1.0528896476412845e-14,2.2304634217719859e-66,1.0528896476412845e-14,2.105779295282569e-14,4.615868215259391e-11,43210,True,b=b_min
0.3,1.0,0.0001,10,1e-09,1,2192,3600,4.562043795620439e-13,2880,469,469,5019,1419,7200,20.0,6804,3.114148392080027e-291,1.0528896476412845e-14,2.0121089189416503e-143,1.0528896476412845e-14,2.105779295282569e-14,4.615868215259391e-11,115200,True,controle a posteriori 7200/2880
0.3,1.0,0.0001,10,1e-09,256,2192,3600,1.782048357664234e-15,559,559,559,1640,1,1,0.0,1844,8.09202407910804e-98,2.802584041834088e-17,2.416584433917614e-62,2.802584041834088e-17,5.605168083668176e-17,3.145351280486565e-11,43210,True,b=b_min
0.3,1.0,0.0001,10,1e-09,256,2192,3600,1.782048357664234e-15,2880,559,559,5150,1550,7200,20.0,6704,3.114148392080027e-291,2.802584041834088e-17,3.713297945554692e-143,2.802584041834088e-17,5.605168083668176e-17,3.145351280486565e-11,115200,True,controle a posteriori 7200/2880
0.3,1.0,0.0001,12,1e-06,1,1827,3000,5.473453749315818e-10,355,355,355,1057,1,1,0.0,1637,1.067060955122978e-81,9.226544835809553e-12,6.684483677884202e-57,9.226544835809553e-12,1.8453089671619105e-11,3.3713794830048104e-08,43212,True,b=b_min
0.3,1.0,0.0001,12,1e-06,1,1827,3000,5.473453749315818e-10,2880,355,355,4847,1847,7200,24.0,6525,4.1064956371379263e-275,9.226544835809553e-12,1.265886332093881e-129,9.226544835809553e-12,1.8453089671619105e-11,3.3713794830048104e-08,129600,True,controle a posteriori 7200/2880
0.3,1.0,0.0001,12,1e-06,256,1827,3000,2.1380678708264913e-12,444,444,444,1312,1,1,0.0,1552,1.067060955122978e-81,2.4559237880280074e-14,7.221882155418747e-53,2.4559237880280074e-14,4.911847576056015e-14,2.2973300534923107e-08,43212,True,b=b_min
0.3,1.0,0.0001,12,1e-06,256,1827,3000,2.1380678708264913e-12,2880,444,444,4982,1982,7200,24.0,6422,4.1064956371379263e-275,2.4559237880280074e-14,2.3169299297282362e-129,2.4559237880280074e-14,4.911847576056015e-14,2.2973300534923107e-08,129600,True,controle a posteriori 7200/2880
0.3,1.0,0.0001,12,1e-09,1,1827,3000,5.473453749315818e-13,466,466,466,1374,1,1,0.0,1532,1.067060955122978e-81,1.0528896476412845e-14,6.403260147742512e-52,1.0528896476412845e-14,2.105779295282569e-14,3.847258772481253e-11,43212,True,b=b_min
0.3,1.0,0.0001,12,1e-09,1,1827,3000,5.473453749315818e-13,2880,466,466,5015,2015,7200,24.0,6398,4.1064956371379263e-275,1.0528896476412845e-14,2.5283740494372452e-129,1.0528896476412845e-14,2.105779295282569e-14,3.847258772481253e-11,129600,True,controle a posteriori 7200/2880
0.3,1.0,0.0001,12,1e-09,256,1827,3000,2.1380678708264916e-15,556,556,556,1631,1,1,0.0,1449,1.067060955122978e-81,2.802584041834088e-17,5.4105505772826094e-48,2.802584041834088e-17,5.605168083668176e-17,2.62160437474861e-11,43212,True,b=b_min
0.3,1.0,0.0001,12,1e-09,256,1827,3000,2.1380678708264916e-15,2880,556,556,5146,2146,7200,24.0,6299,4.1064956371379263e-275,2.802584041834088e-17,4.6405369149956336e-129,2.802584041834088e-17,5.605168083668176e-17,2.62160437474861e-11,129600,True,controle a posteriori 7200/2880
0.3,1.0,0.001,6,1e-06,1,3653,6000,2.737476047084588e-10,369,369,369,1097,1,1,0.0,3644,3.2305816533829872e-161,4.340771206833531e-12,1.6225857104187096e-129,4.340771206833531e-12,8.681542413667062e-12,3.1713674437125776e-08,43206,True,b=b_min
0.3,1.0,0.001,6,1e-06,1,3653,6000,2.737476047084588e-10,2880,369,369,4872,1,7200,12.0,8556,0.0,4.340771206833531e-12,2.7722028334139487e-199,4.340771206833531e-12,8.681542413667062e-12,3.1713674437125776e-08,86400,True,controle a posteriori 7200/2880
0.3,1.0,0.001,6,1e-06,256,3653,6000,1.0693265808924171e-12,459,459,459,1355,1,1,0.0,3550,3.2305816533829872e-161,1.1799298679065486e-14,4.83631146260126e-125,1.1799298679065486e-14,2.3598597358130973e-14,2.2068653094208625e-08,43206,True,b=b_min
0.3,1.0,0.001,6,1e-06,256,3653,6000,1.0693265808924171e-12,2880,459,459,5007,1,7200,12.0,8448,0.0,1.1799298679065486e-14,5.204871769870721e-199,1.1799298679065486e-14,2.3598597358130973e-14,2.2068653094208625e-08,86400,True,controle a posteriori 7200/2880
0.3,1.0,0.001,6,1e-09,1,3653,6000,2.737476047084588e-13,481,481,481,1417,1,1,0.0,3528,3.2305816533829872e-161,5.073715305012143e-15,5.3057858720437075e-124,5.073715305012143e-15,1.0147430610024286e-14,3.7068564018418714e-11,43206,True,b=b_min
0.3,1.0,0.001,6,1e-09,1,3653,6000,2.737476047084588e-13,2880,481,481,5040,1,7200,12.0,8423,0.0,5.073715305012143e-15,5.713181051454593e-199,5.073715305012143e-15,1.0147430610024286e-14,3.7068564018418714e-11,86400,True,controle a posteriori 7200/2880
0.3,1.0,0.001,6,1e-09,256,3653,6000,1.0693265808924172e-15,571,571,571,1675,1,1,0.0,3437,3.2305816533829872e-161,1.3791623525823853e-17,1.0957333043583417e-119,1.3791623525823853e-17,2.7583247051647706e-17,2.5794969978795282e-11,43206,True,b=b_min
0.3,1.0,0.001,6,1e-09,256,3653,6000,1.0693265808924172e-15,2880,571,571,5172,1,7200,12.0,8319,0.0,1.3791623525823853e-17,1.0702777034284539e-198,1.3791623525823853e-17,2.7583247051647706e-17,2.5794969978795282e-11,86400,True,controle a posteriori 7200/2880
0.3,1.0,0.001,8,1e-06,1,2740,4500,3.6496350364963504e-10,364,364,364,1084,1,1,0.0,2634,3.4704603920186162e-121,4.340771206833531e-12,9.128138637257017e-93,4.340771206833531e-12,8.681542413667062e-12,2.378742621344775e-08,43208,True,b=b_min
0.3,1.0,0.001,8,1e-06,1,2740,4500,3.6496350364963504e-10,2880,364,364,4865,365,7200,16.0,7535,2.61676017285e-313,4.340771206833531e-12,8.003418529854523e-164,4.340771206833531e-12,8.681542413667062e-12,2.378742621344775e-08,100800,True,controle a posteriori 7200/2880
0.3,1.0,0.001,8,1e-06,256,2740,4500,1.4256386861313869e-12,454,454,454,1340,1,1,0.0,2544,3.4704603920186162e-121,2.7440138231694363e-14,1.6093589967132555e-88,2.7440138231694363e-14,5.4880276463388725e-14,3.8495221122479385e-08,43208,True,b=b_min
0.3,1.0,0.001,8,1e-06,256,2740,4500,1.4256386861313869e-12,2880,454,454,5000,500,7200,16.0,7429,2.61676017285e-313,2.7440138231694363e-14,1.3562495240809653e-163,2.7440138231694363e-14,5.4880276463388725e-14,3.8495221122479385e-08,100800,True,controle a posteriori 7200/2880
0.3,1.0,0.001,8,1e-09,1,2740,4500,3.6496350364963506e-13,476,476,476,1404,1,1,0.0,2522,3.4704603920186162e-121,5.073715305012143e-15,1.7698916282994812e-87,5.073715305012143e-15,1.0147430610024286e-14,2.7803959871466542e-11,43208,True,b=b_min
0.3,1.0,0.001,8,1e-09,1,2740,4500,3.6496350364963506e-13,2880,476,476,5033,533,7200,16.0,7404,2.61676017285e-313,5.073715305012143e-15,1.6184240419479258e-163,5.073715305012143e-15,1.0147430610024286e-14,2.7803959871466542e-11,100800,True,controle a posteriori 7200/2880
0.3,1.0,0.001,8,1e-09,256,2740,4500,1.425638686131387e-15,567,567,567,1662,1,1,0.0,2436,3.4704603920186162e-121,3.207343642038118e-17,2.4355323122875226e-83,3.207343642038118e-17,6.414687284076236e-17,4.499518248542435e-11,43208,True,b=b_min
0.3,1.0,0.001,8,1e-09,256,2740,4500,1.425638686131387e-15,2880,567,567,5164,664,7200,16.0,7303,2.61676017285e-313,3.207343642038118e-17,2.7568996410555962e-163,3.207343642038118e-17,6.414687284076236e-17,4.499518248542435e-11,100800,True,controle a posteriori 7200/2880
0.3,1.0,0.001,10,1e-06,1,2192,3600,4.5620437956204375e-10,360,360,360,1072,1,1,0.0,2032,3.6228546813497954e-97,1.0094783189021245e-11,6.2555730224611064e-71,1.0094783189021245e-11,2.018956637804249e-11,4.425552950066914e-08,43210,True,b=b_min
0.3,1.0,0.001,10,1e-06,1,2192,3600,4.5620437956204375e-10,2880,360,360,4859,1259,7200,20.0,6923,2.7316669177558694e-289,1.0094783189021245e-11,9.876987293755235e-143,1.0094783189021245e-11,2.018956637804249e-11,4.425552950066914e-08,115200,True,controle a posteriori 7200/2880
0.3,1.0,0.001,10,1e-06,256,2192,3600,1.7820483576642334e-12,450,450,450,1330,1,1,0.0,1945,3.6228546813497954e-97,2.7440138231694363e-14,8.978313711304246e-67,2.7440138231694363e-14,5.4880276463388725e-14,3.079617689798351e-08,43210,True,b=b_min
0.3,1.0,0.001,10,1e-06,256,2192,3600,1.7820483576642334e-12,2880,450,450,4995,1395,7200,20.0,6819,2.7316669177558694e-289,2.7440138231694363e-14,1.818231905034381e-142,2.7440138231694363e-14,5.4880276463388725e-14,3.079617689798351e-08,115200,True,controle a posteriori 7200/2880
0.3,1.0,0.001,10,1e-09,1,2192,3600,4.562043795620439e-13,473,473,473,1395,1,1,0.0,1923,3.6228546813497954e-97,5.073715305012143e-15,1.0058343895788687e-65,5.073715305012143e-15,1.0147430610024286e-14,2.2243167897173235e-11,43210,True,b=b_min
0.3,1.0,0.001,10,1e-09,1,2192,3600,4.562043795620439e-13,2880,473,473,5028,1428,7200,20.0,6794,2.7316669177558694e-289,5.073715305012143e-15,2.1609748341202876e-142,5.073715305012143e-15,1.0147430610024286e-14,2.2243167897173235e-11,115200,True,controle a posteriori 7200/2880
0.3,1.0,0.001,10,1e-09,256,2192,3600,1.782048357664234e-15,563,563,563,1651,1,1,0.0,1839,3.6228546813497954e-97,3.207343642038118e-17,9.26406717704244e-62,3.207343642038118e-17,6.414687284076236e-17,3.599614598833948e-11,43210,True,b=b_min
0.3,1.0,0.001,10,1e-09,256,2192,3600,1.782048357664234e-15,2880,563,563,5159,1559,7200,20.0,6694,2.7316669177558694e-289,3.207343642038118e-17,3.63722737983697e-142,3.207343642038118e-17,6.414687284076236e-17,3.599614598833948e-11,115200,True,controle a posteriori 7200/2880
0.3,1.0,0.001,12,1e-06,1,1827,3000,5.473453749315818e-10,357,357,357,1064,1,1,0.0,1633,3.7281507247951397e-81,1.0094783189021245e-11,1.9553483125860208e-56,1.0094783189021245e-11,2.018956637804249e-11,3.6886337772683626e-08,43212,True,b=b_min
0.3,1.0,0.001,12,1e-06,1,1827,3000,5.473453749315818e-10,2880,357,357,4855,1855,7200,24.0,6517,2.8110611368867775e-273,1.0094783189021245e-11,1.0149210276534351e-128,1.0094783189021245e-11,2.018956637804249e-11,3.6886337772683626e-08,129600,True,controle a posteriori 7200/2880
0.3,1.0,0.001,12,1e-06,256,1827,3000,2.1380678708264913e-12,447,447,447,1321,1,1,0.0,1548,3.7281507247951397e-81,2.7440138231694363e-14,2.189446496957364e-52,2.7440138231694363e-14,5.4880276463388725e-14,2.5668163865244468e-08,43212,True,b=b_min
0.3,1.0,0.001,12,1e-06,256,1827,3000,2.1380678708264913e-12,2880,447,447,4991,1991,7200,24.0,6413,2.8110611368867775e-273,2.7440138231694363e-14,1.853446208255597e-128,2.7440138231694363e-14,5.4880276463388725e-14,2.5668163865244468e-08,129600,True,controle a posteriori 7200/2880
0.3,1.0,0.001,12,1e-09,1,1827,3000,5.473453749315818e-13,470,470,470,1385,1,1,0.0,1527,3.7281507247951397e-81,1.1799298679065486e-14,2.094354989782095e-51,1.1799298679065486e-14,2.3598597358130973e-14,4.311463737330529e-11,43212,True,b=b_min
0.3,1.0,0.001,12,1e-09,1,1827,3000,5.473453749315818e-13,2880,470,470,5023,2023,7200,24.0,6389,2.8110611368867775e-273,1.1799298679065486e-14,2.0180090447196593e-128,1.1799298679065486e-14,2.3598597358130973e-14,4.311463737330529e-11,129600,True,controle a posteriori 7200/2880
0.3,1.0,0.001,12,1e-09,256,1827,3000,2.1380678708264916e-15,560,560,560,1643,1,1,0.0,1445,3.7281507247951397e-81,3.207343642038118e-17,1.661209660306816e-47,3.207343642038118e-17,6.414687284076236e-17,3.000226219009864e-11,43212,True,b=b_min
0.3,1.0,0.001,12,1e-09,256,1827,3000,2.1380678708264916e-15,2880,560,560,5155,2155,7200,24.0,6290,2.8110611368867775e-273,3.207343642038118e-17,3.6926407364446915e-128,3.207343642038118e-17,6.414687284076236e-17,3.000226219009864e-11,129600,True,controle a posteriori 7200/2880
0.3,1.0,0.01,6,1e-06,1,3653,6000,2.737476047084588e-10,397,397,397,1183,1,1,0.0,3585,4.684850766872947e-150,4.841328006697871e-12,1.8698029220365754e-119,4.841328006697871e-12,9.682656013395742e-12,3.537074241693465e-08,43206,True,b=b_min
0.3,1.0,0.01,6,1e-06,1,3653,6000,2.737476047084588e-10,2880,397,397,4950,1,7200,12.0,8450,0.0,4.841328006697871e-12,2.5833644702970655e-185,4.841328006697871e-12,9.682656013395742e-12,3.537074241693465e-08,86400,True,controle a posteriori 7200/2880
0.3,1.0,0.01,6,1e-06,256,3653,6000,1.0693265808924171e-12,494,494,494,1460,1,1,0.0,3486,4.684850766872947e-150,1.6210652411447713e-14,5.188977093944221e-115,1.6210652411447713e-14,3.2421304822895426e-14,3.031936678861747e-08,43206,True,b=b_min
0.3,1.0,0.01,6,1e-06,256,3653,6000,1.0693265808924171e-12,2880,494,494,5093,1,7200,12.0,8338,0.0,1.6210652411447713e-14,4.6622772044196263e-185,1.6210652411447713e-14,3.2421304822895426e-14,3.031936678861747e-08,86400,True,controle a posteriori 7200/2880
0.3,1.0,0.01,6,1e-09,1,3653,6000,2.737476047084588e-13,518,518,518,1529,1,1,0.0,3463,4.684850766872947e-150,3.181345050435369e-15,6.3691714960440396e-114,3.181345050435369e-15,6.362690100870738e-15,2.3242906938480807e-11,43206,True,b=b_min
0.3,1.0,0.01,6,1e-09,1,3653,6000,2.737476047084588e-13,2880,518,518,5128,1,7200,12.0,8311,0.0,3.181345050435369e-15,5.522628742860575e-185,3.181345050435369e-15,6.362690100870738e-15,2.3242906938480807e-11,86400,True,controle a posteriori 7200/2880
0.3,1.0,0.01,6,1e-09,256,3653,6000,1.0693265808924172e-15,615,615,615,1805,1,1,0.0,3368,4.684850766872947e-150,2.4045932334961877e-17,1.1253927579388248e-109,2.4045932334961877e-17,4.809186466992375e-17,4.4973972899643256e-11,43206,True,b=b_min
0.3,1.0,0.01,6,1e-09,256,3653,6000,1.0693265808924172e-15,2880,615,615,5267,1,7200,12.0,8204,0.0,2.4045932334961877e-17,9.180524652562585e-185,2.4045932334961877e-17,4.809186466992375e-17,4.4973972899643256e-11,86400,True,controle a posteriori 7200/2880
0.3,1.0,0.01,8,1e-06,1,2740,4500,3.6496350364963504e-10,392,392,392,1169,1,1,0.0,2584,8.226867003240396e-113,4.841328006697871e-12,3.194039257838191e-85,4.841328006697871e-12,9.682656013395742e-12,2.6530477476704332e-08,43208,True,b=b_min
0.3,1.0,0.01,8,1e-06,1,2740,4500,3.6496350364963504e-10,2880,392,392,4943,443,7200,16.0,7438,1.466487399733006e-291,4.841328006697871e-12,3.2298308643320026e-152,4.841328006697871e-12,9.682656013395742e-12,2.6530477476704332e-08,100800,True,controle a posteriori 7200/2880
0.3,1.0,0.01,8,1e-06,256,2740,4500,1.4256386861313869e-12,489,489,489,1446,1,1,0.0,2490,8.226867003240396e-113,1.6210652411447713e-14,5.870423811959525e-81,1.6210652411447713e-14,3.2421304822895426e-14,2.2741600054971768e-08,43208,True,b=b_min
0.3,1.0,0.01,8,1e-06,256,2740,4500,1.4256386861313869e-12,2880,489,489,5086,586,7200,16.0,7329,1.466487399733006e-291,1.6210652411447713e-14,5.776391974132497e-152,1.6210652411447713e-14,3.2421304822895426e-14,2.2741600054971768e-08,100800,True,controle a posteriori 7200/2880
0.3,1.0,0.01,8,1e-09,1,2740,4500,3.6496350364963506e-13,513,513,513,1514,1,1,0.0,2468,8.226867003240396e-113,7.181342410266159e-15,5.951048643977632e-80,7.181342410266159e-15,1.4362684820532318e-14,3.9353756408258554e-11,43208,True,b=b_min
0.3,1.0,0.01,8,1e-09,1,2740,4500,3.6496350364963506e-13,2880,513,513,5120,620,7200,16.0,7303,1.466487399733006e-291,7.181342410266159e-15,6.264774194204244e-152,7.181342410266159e-15,1.4362684820532318e-14,3.9353756408258554e-11,100800,True,controle a posteriori 7200/2880
0.3,1.0,0.01,8,1e-09,256,2740,4500,1.425638686131387e-15,610,610,610,1791,1,1,0.0,2377,8.226867003240396e-113,2.4045932334961877e-17,7.765651755698106e-76,2.4045932334961877e-17,4.809186466992375e-17,3.3733557554071315e-11,43208,True,b=b_min
0.3,1.0,0.01,8,1e-09,256,2740,4500,1.425638686131387e-15,2880,610,610,5260,760,7200,16.0,7197,1.466487399733006e-291,2.4045932334961877e-17,1.1184029140888476e-151,2.4045932334961877e-17,4.809186466992375e-17,3.3733557554071315e-11,100800,True,controle a posteriori 7200/2880
0.3,1.0,0.01,10,1e-06,1,2192,3600,4.5620437956204375e-10,388,388,388,1157,1,1,0.0,1989,1.8279221927728911e-90,1.0928470060721904e-11,6.925659900207143e-65,1.0928470060721904e-11,2.1856940121443808e-11,4.791041274620483e-08,43210,True,b=b_min
0.3,1.0,0.01,10,1e-06,1,2192,3600,4.5620437956204375e-10,2880,388,388,4936,1336,7200,20.0,6833,3.258378751398227e-269,1.0928470060721904e-11,1.570826755423689e-132,1.0928470060721904e-11,2.1856940121443808e-11,4.791041274620483e-08,115200,True,controle a posteriori 7200/2880
0.3,1.0,0.01,10,1e-06,256,2192,3600,1.7820483576642334e-12,485,485,485,1434,1,1,0.0,1898,1.8279221927728911e-90,3.659277563887057e-14,9.423761148988932e-61,3.659277563887057e-14,7.318555127774114e-14,4.1068218470606997e-08,43210,True,b=b_min
0.3,1.0,0.01,10,1e-06,256,2192,3600,1.7820483576642334e-12,2880,485,485,5079,1479,7200,20.0,6725,3.258378751398227e-269,3.659277563887057e-14,2.783676194754283e-132,3.659277563887057e-14,7.318555127774114e-14,4.1068218470606997e-08,115200,True,controle a posteriori 7200/2880
0.3,1.0,0.01,10,1e-09,1,2192,3600,4.562043795620439e-13,509,509,509,1503,1,1,0.0,1875,1.8279221927728911e-90,7.181342410266159e-15,9.697608824965544e-60,7.181342410266159e-15,1.4362684820532318e-14,3.148300512660684e-11,43210,True,b=b_min
0.3,1.0,0.01,10,1e-09,1,2192,3600,4.562043795620439e-13,2880,509,509,5114,1514,7200,20.0,6699,3.258378751398227e-269,7.181342410266159e-15,3.2782293491700453e-132,7.181342410266159e-15,1.4362684820532318e-14,3.148300512660684e-11,115200,True,controle a posteriori 7200/2880
0.3,1.0,0.01,10,1e-09,256,2192,3600,1.782048357664234e-15,606,606,606,1780,1,1,0.0,1787,1.8279221927728911e-90,2.4045932334961877e-17,9.406985522383615e-56,2.4045932334961877e-17,4.809186466992375e-17,2.6986846043257055e-11,43210,True,b=b_min
0.3,1.0,0.01,10,1e-09,256,2192,3600,1.782048357664234e-15,2880,606,606,5254,1654,7200,20.0,6595,3.258378751398227e-269,2.4045932334961877e-17,5.807551634824023e-132,2.4045932334961877e-17,4.809186466992375e-17,2.6986846043257055e-11,115200,True,controle a posteriori 7200/2880
0.3,1.0,0.01,12,1e-06,1,1827,3000,5.473453749315818e-10,385,385,385,1148,1,1,0.0,1594,1.4446850936552178e-75,1.0928470060721904e-11,2.1735531908777324e-51,1.0928470060721904e-11,2.1856940121443808e-11,3.993262960187784e-08,43212,True,b=b_min
0.3,1.0,0.01,12,1e-06,1,1827,3000,5.473453749315818e-10,2880,385,385,4932,1932,7200,24.0,6431,2.575236096065484e-254,1.0928470060721904e-11,1.887728890668815e-119,1.0928470060721904e-11,2.1856940121443808e-11,3.993262960187784e-08,129600,True,controle a posteriori 7200/2880
0.3,1.0,0.01,12,1e-06,256,1827,3000,2.1380678708264913e-12,482,482,482,1426,1,1,0.0,1504,1.4446850936552178e-75,3.659277563887057e-14,2.3091978213307415e-47,3.659277563887057e-14,7.318555127774114e-14,3.422976055921486e-08,43212,True,b=b_min
0.3,1.0,0.01,12,1e-06,256,1827,3000,2.1380678708264913e-12,2880,482,482,5075,2075,7200,24.0,6323,2.575236096065484e-254,3.659277563887057e-14,3.3279529111932036e-119,3.659277563887057e-14,7.318555127774114e-14,3.422976055921486e-08,129600,True,controle a posteriori 7200/2880
0.3,1.0,0.01,12,1e-09,1,1827,3000,5.473453749315818e-13,505,505,505,1493,1,1,0.0,1483,1.4446850936552178e-75,7.181342410266159e-15,2.049321435682228e-46,7.181342410266159e-15,1.4362684820532318e-14,2.6240625167112543e-11,43212,True,b=b_min
0.3,1.0,0.01,12,1e-09,1,1827,3000,5.473453749315818e-13,2880,505,505,5110,2110,7200,24.0,6297,2.575236096065484e-254,7.181342410266159e-15,3.91575317475535e-119,7.181342410266159e-15,1.4362684820532318e-14,2.6240625167112543e-11,129600,True,controle a posteriori 7200/2880
0.3,1.0,0.01,12,1e-09,256,1827,3000,2.1380678708264916e-15,602,602,602,1770,1,1,0.0,1396,1.4446850936552178e-75,2.4045932334961877e-17,1.554638771213032e-42,2.4045932334961877e-17,4.809186466992375e-17,2.2493142208499377e-11,43212,True,b=b_min
0.3,1.0,0.01,12,1e-09,256,1827,3000,2.1380678708264916e-15,2880,602,602,5250,2250,7200,24.0,6194,2.575236096065484e-254,2.4045932334961877e-17,6.889091524761614e-119,2.4045932334961877e-17,4.809186466992375e-17,2.2493142208499377e-11,129600,True,controle a posteriori 7200/2880
